"business_product_id";"discriminator";"changed_time";"deleted";"name";"name_or_number";"product_type";"parent_product_ids";"street";"house_number";"box_number";"postal_code";"city_name";"main_city_name";"x";"y";"lat";"long";"distance";"promotional_region";"green_key_labeled";"accessibility_label";"closing_period";"next_year_closing_period";"phone1";"phone2";"phone3";"email";"website";"facebook";"twitter";"flickr";"instagram";"product_description";"cafeteria_present";"bar_cafe_cafetaria";"bikes_available";"child_animation";"dumping_station";"fishing";"internet_connection";"jacuzzi";"lake";"laundry_service";"mini_golf";"other_sports";"pets_allowed";"play_ground";"restaurant";"sauna";"shop";"snacks";"solarium";"specific_children_facilities";"specific_large_families_facilities";"specific_senior_facilities";"swimming";"tennis_court";"status";"last_status_change_date";"number_of_units";"maximum_capacity";"number_of_short_term_camping_spots";"number_of_touristic_camping_spots";"number_of_camper_stands";"number_of_camping_spots";"number_of_residence_units";"number_of_long_term_camping_spots";"number_of_residence_units_for_rental";"number_of_hikers_huts";"current_year_tourist_pitch_per_night_min";"current_year_tourist_pitch_per_night_max";"current_year_camping_field_pitch_per_night_min";"current_year_camping_field_pitch_per_night_max";"current_year_camping_field_pitch_per_year_min";"current_year_camping_field_pitch_per_year_max";"current_year_caravan_bungalow_per_weekend_min";"current_year_caravan_bungalow_per_weekend_max";"current_year_caravan_bungalow_per_midweek_min";"current_year_caravan_bungalow_per_midweek_max";"current_year_caravan_bungalow_per_week_min";"current_year_caravan_bungalow_per_week_max";"current_year_tent_per_weekend_min";"current_year_tent_per_weekend_max";"current_year_tent_per_midweek_min";"current_year_tent_per_midweek_max";"current_year_tent_per_week_min";"current_year_tent_per_week_max";"next_year_tourist_pitch_per_night_min";"next_year_tourist_pitch_per_night_max";"next_year_camping_field_pitch_per_night_min";"next_year_camping_field_pitch_per_night_max";"next_year_camping_field_pitch_per_year_min";"next_year_camping_field_pitch_per_year_max";"next_year_caravan_bungalow_per_weekend_min";"next_year_caravan_bungalow_per_weekend_max";"next_year_caravan_bungalow_per_midweek_min";"next_year_caravan_bungalow_per_midweek_max";"next_year_caravan_bungalow_per_week_min";"next_year_caravan_bungalow_per_week_max";"next_year_tent_per_weekend_min";"next_year_tent_per_weekend_max";"next_year_tent_per_midweek_min";"next_year_tent_per_midweek_max";"next_year_tent_per_week_min";"next_year_tent_per_week_max";"parking_available";"discount_children";"direct_booking_link";"imagesurl";"imagesurlmain"
"302159";"CAMPER_TERRAIN";"2025-03-06 11:21:02";"0";"";"";"BASE";"";"-";"";"";"8501";"Bissegem";"Kortrijk";"";"";"";"";"";"leieStreek";"";"";"";"";"";"";"";"";"";"";"";"";"";"";"";"";"";"";"";"";"";"";"";"";"";"";"";"";"";"";"";"";"";"";"";"";"";"";"STOPPED";"2014-08-25 00:00:00";"";"";"";"";"";"";"";"";"";"";"";"";"";"";"";"";"";"";"";"";"";"";"";"";"";"";"";"";"";"";"";"";"";"";"";"";"";"";"";"";"";"";"";"";"";"";"";"";"";"";""
"302166";"CAMPER_TERRAIN";"2025-03-06 12:40:17";"0";"";"";"BASE";"";"-";"";"";"8902";"Hollebeke";"Ieper";"";"";"";"";"";"westhoek";"";"";"";"";"";"";"";"";"";"";"";"";"";"";"";"";"";"";"";"";"";"";"";"";"";"";"";"";"";"";"";"";"";"";"";"";"";"";"STOPPED";"2014-11-06 00:00:00";"";"";"";"";"";"";"";"";"";"";"";"";"";"";"";"";"";"";"";"";"";"";"";"";"";"";"";"";"";"";"";"";"";"";"";"";"";"";"";"";"";"";"";"";"";"";"";"";"";"";""
"302170";"CAMPER_TERRAIN";"2025-03-06 21:27:09";"0";"";"";"BASE";"";"-";"";"";"8434";"Lombardsijde";"Middelkerke";"";"";"";"";"";"kust";"";"";"";"";"";"";"";"";"";"";"";"";"";"";"";"";"";"";"";"";"";"";"";"";"";"";"";"";"";"";"";"";"";"";"";"";"";"";"STOPPED";"2015-04-14 00:00:00";"";"";"";"";"";"";"";"";"";"";"";"";"";"";"";"";"";"";"";"";"";"";"";"";"";"";"";"";"";"";"";"";"";"";"";"";"";"";"";"";"";"";"";"";"";"";"";"";"";"";""
"264652";"CAMPER_TERRAIN";"2015-08-28 05:59:10";"1";"";"";"BASE";"";"-";"";"";"3800";"Sint-Truiden";"Sint-Truiden";"";"";"";"";"";"haspengouw";"";"";"";"";"";"";"";"";"";"";"";"";"";"";"";"";"";"";"";"";"";"";"";"";"";"";"";"";"";"";"";"";"";"";"";"";"";"";"STOPPED";"2013-09-09 15:48:48";"";"";"";"";"";"";"";"";"";"";"";"";"";"";"";"";"";"";"";"";"";"";"";"";"";"";"";"";"";"";"";"";"";"";"";"";"";"";"";"";"";"";"";"";"";"";"";"";"";"";""
"389228";"CAMPER_TERRAIN";"2025-03-06 10:45:20";"0";"";"";"BASE";"";"-";"";"";"8950";"Heuvelland";"Heuvelland";"";"";"";"";"";"westhoek";"";"";"";"";"";"";"";"";"";"";"";"";"";"";"";"";"";"";"";"";"";"";"";"";"";"";"";"";"";"";"";"";"";"";"";"";"";"";"STOPPED";"2023-09-04 00:00:00";"";"";"";"";"";"";"";"";"";"";"";"";"";"";"";"";"";"";"";"";"";"";"";"";"";"";"";"";"";"";"";"";"";"";"";"";"";"";"";"";"";"";"";"";"";"";"";"";"";"";""
"393121";"CAMPER_TERRAIN";"2025-03-06 11:32:41";"0";"";"";"BASE";"";"-";"";"";"8554";"Sint-Denijs";"Zwevegem";"";"";"";"";"";"leieStreek";"";"";"";"";"";"";"";"";"";"";"";"";"";"";"";"";"";"";"";"";"";"";"";"";"";"";"";"";"";"";"";"";"";"";"";"";"";"";"STOPPED";"2024-06-21 00:00:00";"";"";"";"";"";"";"";"";"";"";"";"";"";"";"";"";"";"";"";"";"";"";"";"";"";"";"";"";"";"";"";"";"";"";"";"";"";"";"";"";"";"";"";"";"";"";"";"";"";"";""
"275164";"CAMPER_TERRAIN";"2016-11-23 12:08:50";"1";"";"";"BASE";"";"-";"";"";"8970";"Reningelst";"Poperinge";"";"";"";"";"";"westhoek";"";"";"";"";"";"";"";"";"";"";"";"";"";"";"";"";"";"";"";"";"";"";"";"";"";"";"";"";"";"";"";"";"";"";"";"";"";"";"STOPPED";"2016-03-22 08:17:25";"";"";"";"";"";"";"";"";"";"";"";"";"";"";"";"";"";"";"";"";"";"";"";"";"";"";"";"";"";"";"";"";"";"";"";"";"";"";"";"";"";"";"";"";"";"";"";"";"";"";""
"275249";"CAMPER_AREA";"2024-07-10 09:56:14";"0";"";"";"BASE";"";"-";"";"";"3200";"Aarschot";"Aarschot";"";"";"";"";"";"hageland";"";"";"";"";"";"";"";"";"";"";"";"";"";"";"";"";"";"";"";"";"";"";"";"";"";"";"";"";"";"";"";"";"";"";"";"";"";"";"STOPPED";"2020-01-06 00:00:00";"";"";"";"";"";"";"";"";"";"";"";"";"";"";"";"";"";"";"";"";"";"";"";"";"";"";"";"";"";"";"";"";"";"";"";"";"";"";"";"";"";"";"";"";"";"";"";"";"";"";""
"287341";"CAMPER_TERRAIN";"2025-03-06 18:26:56";"0";"";"";"BASE";"";"-";"";"";"8000";"Brugge";"Brugge";"";"";"";"";"";"kunststadBrugge";"";"";"";"";"";"";"";"";"";"";"";"";"";"";"";"";"";"";"";"";"";"";"";"";"";"";"";"";"";"";"";"";"";"";"";"";"";"";"STOPPED";"2018-12-03 00:00:00";"";"";"";"";"";"";"";"";"";"";"";"";"";"";"";"";"";"";"";"";"";"";"";"";"";"";"";"";"";"";"";"";"";"";"";"";"";"";"";"";"";"";"";"";"";"";"";"";"";"";""
"325259";"CAMPER_TERRAIN";"2024-07-10 09:49:29";"0";"";"";"BASE";"";"-";"";"";"3970";"Leopoldsburg";"Leopoldsburg";"";"";"";"";"";"limburgseKempen";"";"";"";"";"";"";"";"";"";"";"";"";"";"";"";"";"";"";"";"";"";"";"";"";"";"";"";"";"";"";"";"";"";"";"";"";"";"";"STOPPED";"2018-04-03 00:00:00";"";"";"";"";"";"";"";"";"";"";"";"";"";"";"";"";"";"";"";"";"";"";"";"";"";"";"";"";"";"";"";"";"";"";"";"";"";"";"";"";"";"";"";"";"";"";"";"";"";"";""
"377950";"CAMPER_TERRAIN";"2025-02-22 15:33:43";"0";"";"";"BASE";"";"-";"";"";"3620";"Lanaken";"Lanaken";"";"";"";"";"";"maasland";"";"";"";"";"";"";"";"";"";"";"";"";"";"";"";"";"";"";"";"";"";"";"";"";"";"";"";"";"";"";"";"";"";"";"";"";"";"";"STOPPED";"2025-01-17 00:00:00";"";"";"";"";"";"";"";"";"";"";"";"";"";"";"";"";"";"";"";"";"";"";"";"";"";"";"";"";"";"";"";"";"";"";"";"";"";"";"";"";"";"";"";"";"";"";"";"";"";"";""
"379956";"CAMPER_TERRAIN";"2025-03-07 01:27:55";"0";"";"";"BASE";"";"-";"";"";"2350";"Vosselaar";"Vosselaar";"";"";"";"";"";"antwerpseKempen";"";"";"";"";"";"";"";"";"";"";"";"";"";"";"";"";"";"";"";"";"";"";"";"";"";"";"";"";"";"";"";"";"";"";"";"";"";"";"STOPPED";"2018-11-27 00:00:00";"";"";"";"";"";"";"";"";"";"";"";"";"";"";"";"";"";"";"";"";"";"";"";"";"";"";"";"";"";"";"";"";"";"";"";"";"";"";"";"";"";"";"";"";"";"";"";"";"";"";""
"384046";"CAMPER_TERRAIN";"2025-03-06 11:07:55";"0";"";"";"BASE";"";"-";"";"";"8530";"Harelbeke";"Harelbeke";"";"";"";"";"";"leieStreek";"";"";"";"";"";"";"";"";"";"";"";"";"";"";"";"";"";"";"";"";"";"";"";"";"";"";"";"";"";"";"";"";"";"";"";"";"";"";"STOPPED";"2020-10-13 00:00:00";"";"";"";"";"";"";"";"";"";"";"";"";"";"";"";"";"";"";"";"";"";"";"";"";"";"";"";"";"";"";"";"";"";"";"";"";"";"";"";"";"";"";"";"";"";"";"";"";"";"";""
"386357";"CAMPER_TERRAIN";"2025-03-06 14:40:22";"0";"";"";"BASE";"";"-";"";"";"8970";"Poperinge";"Poperinge";"";"";"";"";"";"westhoek";"";"";"";"";"";"";"";"";"";"";"";"";"";"";"";"";"";"";"";"";"";"";"";"";"";"";"";"";"";"";"";"";"";"";"";"";"";"";"STOPPED";"2021-02-15 00:00:00";"";"";"";"";"";"";"";"";"";"";"";"";"";"";"";"";"";"";"";"";"";"";"";"";"";"";"";"";"";"";"";"";"";"";"";"";"";"";"";"";"";"";"";"";"";"";"";"";"";"";""
"385243";"CAMPER_TERRAIN";"2025-03-06 15:13:13";"0";"";"";"BASE";"";"-";"";"";"3723";"Guigoven";"Hasselt";"";"";"";"";"";"haspengouw";"";"";"";"";"";"";"";"";"";"";"";"";"";"";"";"";"";"";"";"";"";"";"";"";"";"";"";"";"";"";"";"";"";"";"";"";"";"";"STOPPED";"2023-06-20 00:00:00";"";"";"";"";"";"";"";"";"";"";"";"";"";"";"";"";"";"";"";"";"";"";"";"";"";"";"";"";"";"";"";"";"";"";"";"";"";"";"";"";"";"";"";"";"";"";"";"";"";"";""
"387392";"CAMPER_TERRAIN";"2025-03-06 11:23:49";"0";"";"";"BASE";"";"-";"";"";"9700";"Oudenaarde";"Oudenaarde";"";"";"";"";"";"vlaamseArdennen";"";"";"";"";"";"";"";"";"";"";"";"";"";"";"";"";"";"";"";"";"";"";"";"";"";"";"";"";"";"";"";"";"";"";"";"";"";"";"STOPPED";"2020-09-11 00:00:00";"";"";"";"";"";"";"";"";"";"";"";"";"";"";"";"";"";"";"";"";"";"";"";"";"";"";"";"";"";"";"";"";"";"";"";"";"";"";"";"";"";"";"";"";"";"";"";"";"";"";""
"389277";"CAMPER_TERRAIN";"2025-03-06 15:02:28";"0";"";"";"BASE";"";"-";"";"";"3840";"Hoepertingen";"Tongeren-Borgloon";"";"";"";"";"";"haspengouw";"";"";"";"";"";"";"";"";"";"";"";"";"";"";"";"";"";"";"";"";"";"";"";"";"";"";"";"";"";"";"";"";"";"";"";"";"";"";"STOPPED";"2021-12-06 00:00:00";"";"";"";"";"";"";"";"";"";"";"";"";"";"";"";"";"";"";"";"";"";"";"";"";"";"";"";"";"";"";"";"";"";"";"";"";"";"";"";"";"";"";"";"";"";"";"";"";"";"";""
"389494";"CAMPER_TERRAIN";"2025-03-06 10:54:54";"0";"";"";"BASE";"";"-";"";"";"8200";"Sint-Andries";"Brugge";"";"";"";"";"";"kunststadBrugge";"";"";"";"";"";"";"";"";"";"";"";"";"";"";"";"";"";"";"";"";"";"";"";"";"";"";"";"";"";"";"";"";"";"";"";"";"";"";"STOPPED";"2021-03-28 00:00:00";"";"";"";"";"";"";"";"";"";"";"";"";"";"";"";"";"";"";"";"";"";"";"";"";"";"";"";"";"";"";"";"";"";"";"";"";"";"";"";"";"";"";"";"";"";"";"";"";"";"";""
"390150";"CAMPER_TERRAIN";"2025-02-22 17:59:29";"0";"";"";"BASE";"";"-";"";"";"3202";"Rillaar";"Aarschot";"";"";"";"";"";"hageland";"";"";"";"";"";"";"";"";"";"";"";"";"";"";"";"";"";"";"";"";"";"";"";"";"";"";"";"";"";"";"";"";"";"";"";"";"";"";"STOPPED";"2021-12-13 00:00:00";"";"";"";"";"";"";"";"";"";"";"";"";"";"";"";"";"";"";"";"";"";"";"";"";"";"";"";"";"";"";"";"";"";"";"";"";"";"";"";"";"";"";"";"";"";"";"";"";"";"";""
"390408";"CAMPER_TERRAIN";"2025-03-06 17:30:54";"0";"";"";"BASE";"";"-";"";"";"2470";"Retie";"Retie";"";"";"";"";"";"antwerpseKempen";"";"";"";"";"";"";"";"";"";"";"";"";"";"";"";"";"";"";"";"";"";"";"";"";"";"";"";"";"";"";"";"";"";"";"";"";"";"";"STOPPED";"2021-09-08 00:00:00";"";"";"";"";"";"";"";"";"";"";"";"";"";"";"";"";"";"";"";"";"";"";"";"";"";"";"";"";"";"";"";"";"";"";"";"";"";"";"";"";"";"";"";"";"";"";"";"";"";"";""
"390450";"CAMPER_TERRAIN";"2025-03-06 17:02:56";"0";"";"";"BASE";"";"-";"";"";"3640";"Ophoven";"Kinrooi";"";"";"";"";"";"maasland";"";"";"";"";"";"";"";"";"";"";"";"";"";"";"";"";"";"";"";"";"";"";"";"";"";"";"";"";"";"";"";"";"";"";"";"";"";"";"STOPPED";"2023-03-14 00:00:00";"";"";"";"";"";"";"";"";"";"";"";"";"";"";"";"";"";"";"";"";"";"";"";"";"";"";"";"";"";"";"";"";"";"";"";"";"";"";"";"";"";"";"";"";"";"";"";"";"";"";""
"390666";"CAMPER_TERRAIN";"2025-03-06 11:24:16";"0";"";"";"BASE";"";"-";"";"";"8740";"Pittem";"Pittem";"";"";"";"";"";"brugseOmmeland";"";"";"";"";"";"";"";"";"";"";"";"";"";"";"";"";"";"";"";"";"";"";"";"";"";"";"";"";"";"";"";"";"";"";"";"";"";"";"STOPPED";"2022-05-16 00:00:00";"";"";"";"";"";"";"";"";"";"";"";"";"";"";"";"";"";"";"";"";"";"";"";"";"";"";"";"";"";"";"";"";"";"";"";"";"";"";"";"";"";"";"";"";"";"";"";"";"";"";""
"390669";"CAMPER_TERRAIN";"2025-03-06 17:04:46";"0";"";"";"BASE";"";"-";"";"";"3960";"Bree";"Bree";"";"";"";"";"";"limburgseKempen";"";"";"";"";"";"";"";"";"";"";"";"";"";"";"";"";"";"";"";"";"";"";"";"";"";"";"";"";"";"";"";"";"";"";"";"";"";"";"STOPPED";"2021-07-08 00:00:00";"";"";"";"";"";"";"";"";"";"";"";"";"";"";"";"";"";"";"";"";"";"";"";"";"";"";"";"";"";"";"";"";"";"";"";"";"";"";"";"";"";"";"";"";"";"";"";"";"";"";""
"219459";"CAMPER_TERRAIN";"2025-03-07 01:28:17";"0";"";"";"BASE";"";"-";"";"";"2350";"Vosselaar";"Vosselaar";"";"";"";"";"";"antwerpseKempen";"";"";"";"";"";"";"";"";"";"";"";"";"";"";"";"";"";"";"";"";"";"";"";"";"";"";"";"";"";"";"";"";"";"";"";"";"";"";"STOPPED";"2024-08-08 00:00:00";"";"";"";"";"";"";"";"";"";"";"";"";"";"";"";"";"";"";"";"";"";"";"";"";"";"";"";"";"";"";"";"";"";"";"";"";"";"";"";"";"";"";"";"";"";"";"";"";"";"";""
"219595";"CAMPER_TERRAIN";"2025-03-07 01:10:44";"0";"";"";"BASE";"";"-";"";"";"2930";"Brasschaat";"Brasschaat";"";"";"";"";"";"antwerpseKempen";"";"";"";"";"";"";"";"";"";"";"";"";"";"";"";"";"";"";"";"";"";"";"";"";"";"";"";"";"";"";"";"";"";"";"";"";"";"";"STOPPED";"2023-04-06 00:00:00";"";"";"";"";"";"";"";"";"";"";"";"";"";"";"";"";"";"";"";"";"";"";"";"";"";"";"";"";"";"";"";"";"";"";"";"";"";"";"";"";"";"";"";"";"";"";"";"";"";"";""
"389828";"CAMPER_TERRAIN";"2025-03-06 09:53:35";"0";"";"";"BASE";"";"-";"";"";"3900";"Pelt";"Pelt";"";"";"";"";"";"limburgseKempen";"";"";"";"";"";"";"";"";"";"";"";"";"";"";"";"";"";"";"";"";"";"";"";"";"";"";"";"";"";"";"";"";"";"";"";"";"";"";"STOPPED";"2025-03-06 00:00:00";"";"";"";"";"";"";"";"";"";"";"";"";"";"";"";"";"";"";"";"";"";"";"";"";"";"";"";"";"";"";"";"";"";"";"";"";"";"";"";"";"";"";"";"";"";"";"";"";"";"";""
"395352";"CAMPER_TERRAIN";"2025-03-07 01:08:28";"0";"";"";"BASE";"";"-";"";"";"2910";"Essen";"Essen";"";"";"";"";"";"antwerpseKempen";"";"";"";"";"";"";"";"";"";"";"";"";"";"";"";"";"";"";"";"";"";"";"";"";"";"";"";"";"";"";"";"";"";"";"";"";"";"";"STOPPED";"2025-01-30 00:00:00";"";"";"";"";"";"";"";"";"";"";"";"";"";"";"";"";"";"";"";"";"";"";"";"";"";"";"";"";"";"";"";"";"";"";"";"";"";"";"";"";"";"";"";"";"";"";"";"";"";"";""
"220863";"CAMPER_TERRAIN";"2025-03-06 20:05:50";"0";"";"";"BASE";"";"-";"";"";"9220";"Hamme";"Hamme";"";"";"";"";"";"scheldeland";"";"";"";"";"";"";"";"";"";"";"";"";"";"";"";"";"";"";"";"";"";"";"";"";"";"";"";"";"";"";"";"";"";"";"";"";"";"";"STOPPED";"2019-12-20 00:00:00";"";"";"";"";"";"";"";"";"";"";"";"";"";"";"";"";"";"";"";"";"";"";"";"";"";"";"";"";"";"";"";"";"";"";"";"";"";"";"";"";"";"";"";"";"";"";"";"";"";"";""
"223242";"CAMPER_TERRAIN";"2023-11-30 08:21:03";"1";"";"";"BASE";"";"-";"";"";"3970";"Leopoldsburg";"Leopoldsburg";"";"";"";"";"";"limburgseKempen";"";"";"";"";"";"";"";"";"";"";"";"";"";"";"";"";"";"";"";"";"";"";"";"";"";"";"";"";"";"";"";"";"";"";"";"";"";"";"STOPPED";"2022-04-21 00:00:00";"";"";"";"";"";"";"";"";"";"";"";"";"";"";"";"";"";"";"";"";"";"";"";"";"";"";"";"";"";"";"";"";"";"";"";"";"";"";"";"";"";"";"";"";"";"";"";"";"";"";""
"406969";"CAMPER_TERRAIN";"2025-03-24 12:40:05";"0";"";"";"BASE";"";"-";"";"";"3770";"Kanne";"Riemst";"";"";"";"";"";"haspengouw";"";"";"";"";"";"";"";"";"";"";"";"";"";"";"";"";"";"";"";"";"";"";"";"";"";"";"";"";"";"";"";"";"";"";"";"";"";"";"STOPPED";"2025-03-24 00:00:00";"";"";"";"";"";"";"";"";"";"";"";"";"";"";"";"";"";"";"";"";"";"";"";"";"";"";"";"";"";"";"";"";"";"";"";"";"";"";"";"";"";"";"";"";"";"";"";"";"";"";""
"229252";"CAMPER_TERRAIN";"2025-03-06 20:07:03";"0";"";"";"BASE";"";"-";"";"";"9900";"Eeklo";"Eeklo";"";"";"";"";"";"meetjesland";"";"";"";"";"";"";"";"";"";"";"";"";"";"";"";"";"";"";"";"";"";"";"";"";"";"";"";"";"";"";"";"";"";"";"";"";"";"";"STOPPED";"2022-01-21 00:00:00";"";"";"";"";"";"";"";"";"";"";"";"";"";"";"";"";"";"";"";"";"";"";"";"";"";"";"";"";"";"";"";"";"";"";"";"";"";"";"";"";"";"";"";"";"";"";"";"";"";"";""
"398914";"CAMPER_TERRAIN";"2023-09-01 06:49:06";"1";"";"";"BASE";"";"-";"";"";"9636";"Nederzwalm-Hermelgem";"Zwalm";"";"";"";"";"";"vlaamseArdennen";"";"";"";"";"";"";"";"";"";"";"";"";"";"";"";"";"";"";"";"";"";"";"";"";"";"";"";"";"";"";"";"";"";"";"";"";"";"";"STOPPED";"2023-08-10 00:00:00";"";"";"";"";"";"";"";"";"";"";"";"";"";"";"";"";"";"";"";"";"";"";"";"";"";"";"";"";"";"";"";"";"";"";"";"";"";"";"";"";"";"";"";"";"";"";"";"";"";"";""
"398915";"CAMPER_TERRAIN";"2023-09-01 06:50:04";"1";"";"";"BASE";"";"-";"";"";"9636";"Nederzwalm-Hermelgem";"Zwalm";"";"";"";"";"";"vlaamseArdennen";"";"";"";"";"";"";"";"";"";"";"";"";"";"";"";"";"";"";"";"";"";"";"";"";"";"";"";"";"";"";"";"";"";"";"";"";"";"";"STOPPED";"2023-08-10 00:00:00";"";"";"";"";"";"";"";"";"";"";"";"";"";"";"";"";"";"";"";"";"";"";"";"";"";"";"";"";"";"";"";"";"";"";"";"";"";"";"";"";"";"";"";"";"";"";"";"";"";"";""
"398916";"CAMPER_TERRAIN";"2023-09-01 06:50:07";"1";"";"";"BASE";"";"-";"";"";"9636";"Nederzwalm-Hermelgem";"Zwalm";"";"";"";"";"";"vlaamseArdennen";"";"";"";"";"";"";"";"";"";"";"";"";"";"";"";"";"";"";"";"";"";"";"";"";"";"";"";"";"";"";"";"";"";"";"";"";"";"";"STOPPED";"2023-08-16 00:00:00";"";"";"";"";"";"";"";"";"";"";"";"";"";"";"";"";"";"";"";"";"";"";"";"";"";"";"";"";"";"";"";"";"";"";"";"";"";"";"";"";"";"";"";"";"";"";"";"";"";"";""
"398917";"CAMPER_TERRAIN";"2025-03-06 11:32:00";"0";"";"";"BASE";"";"-";"";"";"9636";"Nederzwalm-Hermelgem";"Zwalm";"";"";"";"";"";"vlaamseArdennen";"";"";"";"";"";"";"";"";"";"";"";"";"";"";"";"";"";"";"";"";"";"";"";"";"";"";"";"";"";"";"";"";"";"";"";"";"";"";"STOPPED";"2024-08-12 00:00:00";"";"";"";"";"";"";"";"";"";"";"";"";"";"";"";"";"";"";"";"";"";"";"";"";"";"";"";"";"";"";"";"";"";"";"";"";"";"";"";"";"";"";"";"";"";"";"";"";"";"";""
"398422";"CAMPER_TERRAIN";"2025-03-06 12:26:14";"0";"";"";"BASE";"";"-";"";"";"8650";"Houthulst";"Houthulst";"";"";"";"";"";"westhoek";"";"";"";"";"";"";"";"";"";"";"";"";"";"";"";"";"";"";"";"";"";"";"";"";"";"";"";"";"";"";"";"";"";"";"";"";"";"";"STOPPED";"2023-08-21 00:00:00";"";"";"";"";"";"";"";"";"";"";"";"";"";"";"";"";"";"";"";"";"";"";"";"";"";"";"";"";"";"";"";"";"";"";"";"";"";"";"";"";"";"";"";"";"";"";"";"";"";"";""
"398423";"CAMPER_TERRAIN";"2025-03-06 12:26:15";"0";"";"";"BASE";"";"-";"";"";"8650";"Houthulst";"Houthulst";"";"";"";"";"";"westhoek";"";"";"";"";"";"";"";"";"";"";"";"";"";"";"";"";"";"";"";"";"";"";"";"";"";"";"";"";"";"";"";"";"";"";"";"";"";"";"STOPPED";"2023-09-12 00:00:00";"";"";"";"";"";"";"";"";"";"";"";"";"";"";"";"";"";"";"";"";"";"";"";"";"";"";"";"";"";"";"";"";"";"";"";"";"";"";"";"";"";"";"";"";"";"";"";"";"";"";""
"395477";"CAMPER_TERRAIN";"2025-03-06 11:24:51";"0";"";"";"BASE";"";"-";"";"";"8800";"Roeselare";"Roeselare";"";"";"";"";"";"leieStreek";"";"";"";"";"";"";"";"";"";"";"";"";"";"";"";"";"";"";"";"";"";"";"";"";"";"";"";"";"";"";"";"";"";"";"";"";"";"";"STOPPED";"2024-04-10 00:00:00";"";"";"";"";"";"";"";"";"";"";"";"";"";"";"";"";"";"";"";"";"";"";"";"";"";"";"";"";"";"";"";"";"";"";"";"";"";"";"";"";"";"";"";"";"";"";"";"";"";"";""
"261603";"CAMPER_TERRAIN";"2025-03-06 12:39:24";"0";"";"";"BASE";"";"-";"";"";"8600";"Diksmuide";"Diksmuide";"";"";"";"";"";"westhoek";"";"";"";"";"";"";"";"";"";"";"";"";"";"";"";"";"";"";"";"";"";"";"";"";"";"";"";"";"";"";"";"";"";"";"";"";"";"";"STOPPED";"2023-09-14 00:00:00";"";"";"";"";"";"";"";"";"";"";"";"";"";"";"";"";"";"";"";"";"";"";"";"";"";"";"";"";"";"";"";"";"";"";"";"";"";"";"";"";"";"";"";"";"";"";"";"";"";"";""
"387544";"CAMPER_TERRAIN";"2025-03-06 11:16:53";"0";"AGB MENEN KAMPEERWAGENTERREIN";"AGM MENEN KAMPEERWAGENTERREIN";"BASE";"";"Sluizenkaai";"75";"";"8930";"Rekkem";"Menen";"61674.36";"165617.71";"50.79432496310291";"3.115921879365235";"";"leieStreek";"";"";"";"";"+32476334305";"";"";"agb@menen.be";"";"";"";"";"";"";"";"";"";"";"";"";"";"";"";"";"";"";"";"";"";"";"";"";"";"";"";"";"";"";"ACKNOWLEDGED";"2021-01-25 00:00:00";"4";"16";"0";"0";"4";"0";"0";"0";"0";"0";"";"";"";"";"";"";"";"";"";"";"";"";"";"";"";"";"";"";"";"";"";"";"";"";"";"";"";"";"";"";"";"";"";"";"";"";"";"";"";"";""
"228200";"CAMPER_TERRAIN";"2025-03-06 11:14:19";"0";"Broeltorens";"Broeltorens";"BASE";"";"Damkaai";"0";"";"8500";"Kortrijk";"Kortrijk";"72504.38";"169598.7";"50.83164960861237";"3.268677132439693";"";"leieStreek";"0";"";"";"";"+32 56 28 12 12";"";"";"info@parko.be";"http://www.parko.be";"";"";"";"";"Het kampeerautoterrein Broeltorens Kortrijk is een volledig uitgerust kampeerautoterrein met 8 ruime plaatsen waar kampeerautotoeristen drinkwater en elektriciteit kunnen krijgen. Ze kunnen er ook hun afval(water) kwijt. Het kampeerautoterrein Broeltorens is ideaal gelegen: op een boogscheut van het historische en commerciële hart én met zicht op de Broeltorens. Geen enkele andere Vlaamse stad biedt accommodatie zo dicht bij het centrum aan. Tegelijkertijd kampeer je ook vlakbij de vernieuwde Leieboorden, die een ideale fiets- en wandelpromenade zijn.";"";"0";"0";"NONE";"1";"0";"0";"0";"0";"0";"0";"";"0";"0";"0";"0";"0";"0";"0";"";"";"";"";"0";"ACKNOWLEDGED";"2017-12-19 00:00:00";"8";"32";"0";"0";"8";"0";"0";"0";"0";"0";"";"";"";"";"";"";"";"";"";"";"";"";"";"";"";"";"";"";"";"";"";"";"";"";"";"";"";"";"";"";"";"";"";"";"";"";"";"";"";"http://images.visitflanders.org/product/original/228200/67b8e750-6fa2-42f0-9137-eec791b5a0b6.jpg,http://images.visitflanders.org/product/original/228200/acb7f298-a7f8-4f96-9d63-afe3c1d6c07d.jpg,http://images.visitflanders.org/product/original/228200/e3d3452d-90c7-4a76-8aec-91690a2936f0.jpg,";""
"397705";"CAMPER_TERRAIN";"2025-03-06 12:48:53";"0";"Camperduin";"Camperduin";"BASE";"";"PYLYSERLAAN";"49";"";"8670";"Koksijde";"Koksijde";"30164.1666202031";"201506.6937009376";"51.111236";"2.657388";"";"kust";"";"";"";"";"0460 94 79 40";"";"";"info@camperduin.be";"https://www.camperduin.be/info";"";"";"";"";"";"";"";"";"";"";"";"";"";"";"";"";"";"";"";"";"";"";"";"";"";"";"";"";"";"ACKNOWLEDGED";"2023-07-03 00:00:00";"69";"276";"0";"0";"69";"0";"0";"0";"0";"0";"";"";"";"";"";"";"";"";"";"";"";"";"";"";"";"";"";"";"";"";"";"";"";"";"";"";"";"";"";"";"";"";"";"";"";"";"";"";"";"";""
"386534";"CAMPER_TERRAIN";"2025-03-06 12:28:09";"0";"Camperhoeve De Bonterie";"Camperhoeve De Bonterie";"BASE";"";"KEIEMDORPSTRAAT";"170";"";"8600";"Diksmuide";"Diksmuide";"46584.44";"198301.54";"51.0855879678576";"2.892724857588826";"";"westhoek";"";"";"";"";"+32 474 96 10 94";"";"";"info@debonterie.be";"http://www.debonterie.be";"";"";"";"";"";"";"";"";"";"";"";"";"";"";"";"";"";"";"";"";"";"";"";"";"";"";"";"";"";"ACKNOWLEDGED";"2020-11-30 00:00:00";"9";"36";"0";"0";"9";"0";"0";"0";"0";"0";"";"";"";"";"";"";"";"";"";"";"";"";"";"";"";"";"";"";"";"";"";"";"";"";"";"";"";"";"";"";"";"";"";"";"";"";"";"";"";"";""
"287410";"CAMPER_TERRAIN";"2025-03-06 21:42:36";"0";"Camperpark Poldervallei";"Camperpark Poldervallei";"BASE";"";"Westendelaan";"178";"";"8430";"Middelkerke";"Middelkerke";"39013.73";"207645.84";"51.16816046875307";"2.781852511985047";"";"kust";"0";"";"01/01/2017 - 31/01/2017
01/12/2017 - 31/12/2017";"";"+32 59 30 17 71";"+32 472 92 03 75";"";"info@campingpoldervallei.be";"http://www.campingpoldervallei.be";"";"";"";"";"";"";"0";"0";"";"1";"0";"0";"0";"0";"0";"0";"";"0";"0";"0";"0";"0";"0";"0";"";"";"";"";"0";"ACKNOWLEDGED";"2018-05-08 00:00:00";"16";"64";"0";"0";"16";"0";"0";"0";"0";"0";"";"";"";"";"";"";"";"";"";"";"";"";"";"";"";"";"";"";"";"";"";"";"";"";"";"";"";"";"";"";"";"";"";"";"";"";"";"";"";"http://images.visitflanders.org/product/original/287410/7f1d6e37-65fa-4fbb-95bb-ffdec41381cb.jpg,http://images.visitflanders.org/product/original/287410/8c0880e9-99be-4918-9a8d-eac2a17e66c7.jpg,http://images.visitflanders.org/product/original/287410/8b39c8ec-1f4c-4d94-a11d-1f7158c51e9e.jpg,http://images.visitflanders.org/product/original/287410/0ad67ec0-4f9c-4ea3-adfd-c2268ee6e3a7.jpg,http://images.visitflanders.org/product/original/287410/b3e8049d-438c-4cf0-955f-1bf9c2a87e88.jpg,http://images.visitflanders.org/product/original/287410/233b00e7-949a-460f-92b8-46e932899efe.jpg,http://images.visitflanders.org/product/original/287410/76b058bf-6252-4dc9-b3ac-4baca8f61b4c.jpg,http://images.visitflanders.org/product/original/287410/6e3e1841-0cf8-4e3f-b082-b0bf6a0975c6.jpg,http://images.visitflanders.org/product/original/287410/0a2fd277-a62b-4471-8c76-7547dfccbc7f.jpg,http://images.visitflanders.org/product/original/287410/f2dd58e4-0993-4cfc-9589-35b2959b9b03.jpg,http://images.visitflanders.org/product/original/287410/67baa588-0743-4fea-a6f7-a67535dc4f88.jpg,http://images.visitflanders.org/product/original/287410/f0555cb2-8980-4ceb-9ed0-f883f4376e82.jpg,";""
"383476";"CAMPER_TERRAIN";"2025-03-06 14:51:13";"0";"Camperpark Veurne";"Camperpark Veurne";"BASE";"";"NOORDSTRAAT";"167";"";"8630";"Veurne";"Veurne";"30275.54";"198186.27";"51.08140974915568";"2.660065374736527";"";"westhoek";"";"";"";"";"+32 58 33 55 48";"";"";"camperpark@veurne.be";"https://camperpark.veurne.be";"";"";"";"";"";"";"";"";"";"";"";"";"";"";"";"";"";"";"";"";"";"";"";"";"";"";"";"";"";"ACKNOWLEDGED";"2023-11-23 00:00:00";"38";"152";"0";"0";"38";"0";"0";"0";"0";"0";"";"";"";"";"";"";"";"";"";"";"";"";"";"";"";"";"";"";"";"";"";"";"";"";"";"";"";"";"";"";"";"";"";"";"";"";"";"";"";"";""
"275119";"CAMPER_TERRAIN";"2025-03-06 22:11:33";"0";"Camperpark Westende";"Camperpark Westende";"BASE";"";"Heidestraat";"18";"";"8434";"Westende";"Middelkerke";"37914.97";"206229.82";"51.15522338568363";"2.766583689382375";"";"kust";"0";"";"";"";"+32 58 23 32 54";"";"";"info@camperparkwestende.be";"https://www.camperparkwestende.be/";"camperpark.westende";"";"";"";"Camperpark Westende, Gelegen in de rustige dorpskern van Westende. Het camperpark ligt op wandelafstand van de zee en winkels. U kan genieten van  de faciliteiten die Camping Westende aanbied. Daar kunt u altijd terecht voor meer info.
 


";"";"0";"0";"";"1";"0";"0";"0";"0";"0";"0";"";"0";"0";"0";"0";"0";"0";"0";"";"";"";"";"0";"ACKNOWLEDGED";"2019-03-05 00:00:00";"30";"120";"0";"0";"30";"0";"0";"0";"0";"0";"";"";"";"";"";"";"";"";"";"";"";"";"";"";"";"";"";"";"";"";"";"";"";"";"";"";"";"";"";"";"";"";"";"";"";"";"";"";"";"http://images.visitflanders.org/product/original/275119/f02f9722-00ae-413a-b485-0b8e0b711832.jpg,http://images.visitflanders.org/product/original/275119/2e6520e0-749b-462f-9619-63a88d5111b4.jpg,http://images.visitflanders.org/product/original/275119/32509339-b9de-441a-8f43-8a25dbaa9b17.jpg,http://images.visitflanders.org/product/original/275119/fd463f7d-6651-4c40-be11-bc307dba2697.jpg,";"http://images.visitflanders.org/product/original/275119/f02f9722-00ae-413a-b485-0b8e0b711832.jpg"
"378673";"CAMPER_TERRAIN";"2025-03-06 21:47:08";"0";"Camperpark Zeester";"Camperpark Zeester";"BASE";"";"Oostendelaan";"193";"";"8430";"Middelkerke";"Middelkerke";"42643.42";"210108.9";"51.19098056711216";"2.833007547030693";"";"kust";"";"";"";"";"+32471043309";"";"";"evivan@outlook.be";"https://www.camperparkzeester.be";"";"";"";"";"";"";"";"";"";"";"";"";"";"";"";"";"";"";"";"";"";"";"";"";"";"";"";"";"";"ACKNOWLEDGED";"2018-10-02 00:00:00";"72";"288";"0";"0";"72";"0";"0";"0";"0";"0";"";"";"";"";"";"";"";"";"";"";"";"";"";"";"";"";"";"";"";"";"";"";"";"";"";"";"";"";"";"";"";"";"";"";"";"";"";"";"";"";""
"276966";"CAMPER_TERRAIN";"2025-03-06 15:38:06";"0";"Camperparking Pliniuspark";"Camperparking Pliniuspark";"BASE";"";"Fonteindreef";"8";"";"3700";"Tongeren";"Tongeren-Borgloon";"226438.73";"164559.74";"50.78648360231622";"5.452780501537856";"";"haspengouw";"0";"";"";"";"+3212800074";"";"";"pliniuspark@stadtongeren.be";"http://www.stadtongeren.be";"";"";"";"";"";"";"";"";"";"";"";"";"";"";"";"";"";"";"";"";"";"";"";"";"";"";"";"";"";"ACKNOWLEDGED";"2020-03-12 00:00:00";"24";"96";"0";"0";"24";"0";"0";"0";"0";"0";"";"";"";"";"";"";"";"";"";"";"";"";"";"";"";"";"";"";"";"";"";"";"";"";"";"";"";"";"";"";"";"";"";"";"";"";"";"";"";"";""
"402945";"CAMPER_TERRAIN";"2025-03-06 17:03:15";"0";"Camperplaats Goed Gezind";"Camperplaats Goed Gezind";"BASE";"";"OUDE GEELSEBAAN";"55";"";"2431";"Varendonk";"Laakdal";"192387.3559007149";"195348.565191186";"51.0667190552";"4.9734697342";"";"antwerpseKempen";"";"";"";"";"+32498839649";"";"";"camperplaatsgoedgezind@gmail.com";"https://www.campercontact.com/nl/belgie/antwerpen/laakdal/105347/camperplaats-goedgezind";"";"";"";"";"";"";"";"";"";"";"";"";"";"";"";"";"";"";"";"";"";"";"";"";"";"";"";"";"";"ACKNOWLEDGED";"2024-05-15 00:00:00";"5";"20";"0";"0";"5";"0";"0";"0";"0";"0";"";"";"";"";"";"";"";"";"";"";"";"";"";"";"";"";"";"";"";"";"";"";"";"";"";"";"";"";"";"";"";"";"";"";"";"";"";"";"";"";""
"390229";"CAMPER_TERRAIN";"2025-03-06 17:04:34";"0";"Camperplaats Kessenich";"Camperplaats Kessenich";"BASE";"";"KESSENICHERWEG";"34";"";"3640";"Kinrooi";"Kinrooi";"251083.5";"204416.3";"51.14093698958745";"5.813207207440134";"";"maasland";"";"";"";"";"0497215812";"";"";"krisparren@hotmail.com";"";"";"";"";"";"";"";"";"";"";"";"";"";"";"";"";"";"";"";"";"";"";"";"";"";"";"";"";"";"";"ACKNOWLEDGED";"2022-06-22 00:00:00";"21";"84";"0";"0";"21";"0";"0";"0";"0";"0";"";"";"";"";"";"";"";"";"";"";"";"";"";"";"";"";"";"";"";"";"";"";"";"";"";"";"";"";"";"";"";"";"";"";"";"";"";"";"";"";""
"397624";"CAMPER_TERRAIN";"2025-03-06 11:31:43";"0";"Camperplaats paepenhouck";"Camperplaats Paepenhouck";"BASE";"";"HOEKJESTRAAT";"5";"";"8691";"Stavele";"Alveringem";"31295.7674416317";"181807.805233996";"50.9349634";"2.6787163";"";"westhoek";"";"";"";"";"+32 484 11 11 53";"";"";"neuville.johan@skynet.be";"";"";"";"";"";"";"";"";"";"";"";"";"";"";"";"";"";"";"";"";"";"";"";"";"";"";"";"";"";"";"ACKNOWLEDGED";"2023-07-18 00:00:00";"8";"32";"0";"0";"8";"0";"0";"0";"0";"0";"";"";"";"";"";"";"";"";"";"";"";"";"";"";"";"";"";"";"";"";"";"";"";"";"";"";"";"";"";"";"";"";"";"";"";"";"";"";"";"";""
"385843";"CAMPER_TERRAIN";"2025-03-06 12:53:41";"0";"Camperpunt Hoge Crater";"Camperpunt Hoge Crater";"BASE";"";"Bellewaerdestraat";"3";"";"8902";"Zillebeke";"Ieper";"49577.35";"171854";"50.84841684932609";"2.942677007299136";"";"westhoek";"";"";"";"";"+32 57 46 84 46";"+32 474 77 19 52";"";"info@hoogecrater.com";"https://www.camperpunthoogecrater.be/";"";"";"";"";"";"";"";"";"";"";"";"";"";"";"";"";"";"";"";"";"";"";"";"";"";"";"";"";"";"ACKNOWLEDGED";"2020-06-30 00:00:00";"8";"32";"0";"0";"8";"0";"0";"0";"0";"0";"";"";"";"";"";"";"";"";"";"";"";"";"";"";"";"";"";"";"";"";"";"";"";"";"";"";"";"";"";"";"";"";"";"";"";"";"";"";"";"";""
"385338";"CAMPER_TERRAIN";"2025-03-06 09:52:17";"0";"Camperterrein Blauwe Bessen Schrijnwerkers";"Camperterrein Blauwe Bessen Schrijnwerkers";"BASE";"";"OUDSBERGERWEG";"121";"";"3670";"Oudsbergen";"Oudsbergen";"235302.254975084";"196687.5419878392";"51.074015";"5.585937";"";"limburgseKempen";"";"";"";"";"+3289858933";"";"";"info@blauwebessen.be";"http://www.blauwebessen.be";"";"";"";"";"";"";"";"";"";"";"";"";"";"";"";"";"";"";"";"";"";"";"";"";"";"";"";"";"";"ACKNOWLEDGED";"2023-02-28 00:00:00";"7";"28";"0";"0";"7";"0";"0";"0";"0";"0";"";"";"";"";"";"";"";"";"";"";"";"";"";"";"";"";"";"";"";"";"";"";"";"";"";"";"";"";"";"";"";"";"";"";"";"";"";"";"";"";""
"405363";"CAMPER_TERRAIN";"2025-06-02 12:37:02";"0";"Camperterrein Boszee";"Glamping & Camping BOSZEE";"PROMO";"398860";"LOMBARDSIJDELAAN";"131";"";"8434";"Lombardsijde";"Middelkerke";"37570.70740897288";"206042.5841112947";"51.153484";"2.761726";"";"kust";"";"";"";"";"";"";"";"";"";"";"";"";"";"";"";"";"";"";"";"";"";"";"";"";"";"";"";"";"";"";"";"";"";"";"";"";"";"";"ACKNOWLEDGED";"2025-01-17 00:00:00";"11";"44";"0";"0";"11";"0";"0";"0";"0";"0";"";"";"";"";"";"";"";"";"";"";"";"";"";"";"";"";"";"";"";"";"";"";"";"";"";"";"";"";"";"";"";"";"";"";"";"";"";"";"";"";""
"394316";"CAMPER_TERRAIN";"2025-03-06 17:02:56";"0";"Camperterrein De Ballasthoeve";"Camperterrein De Ballasthoeve";"BASE";"";"BALLASTSTRAAT";"75";"";"3900";"Overpelt";"Pelt";"223699.77";"208533.47";"51.18208269867998";"5.422800454418604";"";"limburgseKempen";"0";"";"";"";"+32 11 60 61 01";"+32 473324029";"";"info@ballasthoeve.be";"http://www.ballasthoeve.be";"";"";"";"";"";"";"1";"0";"";"";"";"0";"0";"";"";"";"";"1";"1";"0";"0";"";"";"0";"";"";"";"";"";"ACKNOWLEDGED";"2022-07-12 00:00:00";"6";"24";"0";"0";"6";"0";"0";"0";"0";"0";"";"";"";"";"";"";"";"";"";"";"";"";"";"";"";"";"";"";"";"";"";"";"";"";"";"";"";"";"";"";"";"";"";"";"";"";"";"";"";"";""
"276417";"CAMPER_TERRAIN";"2024-07-10 09:56:28";"0";"Camperterrein De Bosuil";"Camperterrein De Bosuil";"BASE";"";"BOSUILSTRAAT";"4";"";"3910";"Sint-Huibrechts-Lille";"Pelt";"228698.99";"213261.19";"51.2239127843875";"5.495314365831457";"";"limburgseKempen";"0";"";"";"";"+32 11 64 29 85";"+32 497 06 48 06";"";"info@opdebosuil.be";"https://www.opdebosuil.be";"";"";"";"";"Naast het cafetaria van de speeltuin is een kampeerautoterrein ingericht.
Er is plaats voor 32 mobilehomes.";"";"1";"0";"UNKNOWN";"0";"0";"0";"0";"0";"0";"0";"";"0";"1";"0";"0";"0";"0";"0";"";"";"";"";"0";"ACKNOWLEDGED";"2018-11-29 00:00:00";"32";"128";"0";"0";"32";"0";"0";"0";"0";"0";"";"";"";"";"";"";"";"";"";"";"";"";"";"";"";"";"";"";"";"";"";"";"";"";"";"";"";"";"";"";"";"";"";"";"";"";"";"";"";"http://images.visitflanders.org/product/original/276417/c6cb5e5b-ce06-428b-b5fa-a0f62c1277e4.png,";"http://images.visitflanders.org/product/original/276417/c6cb5e5b-ce06-428b-b5fa-a0f62c1277e4.png"
"221288";"CAMPER_TERRAIN";"2025-02-22 17:39:07";"0";"Camperterrein De Kieper";"Camperterrein De Kieper";"BASE";"";"Keyartstraat";"2";"";"3960";"Tongerlo";"Bree";"240053.7026831172";"202363.7728619371";"51.1243095398";"5.6551265717";"";"limburgseKempen";"0";"";"";"";"+32 89 84 85 61";"";"";"toerisme@bree.be";"";"";"";"";"";"Mobilhomeparking De Kieper is gelegen langs de Zuid-Willemsvaart ter hoogte van fietsknooppunt 12 en langs het wandel- en ruiterroutenetwerk. 
Ook is er een horecazaak, aanlegsteiger en bindpaal voor paarden aanwezig.
Er is water- en stroomvoorziening tegen betaling. ";"";"1";"0";"UNKNOWN";"1";"0";"0";"0";"0";"0";"0";"";"1";"0";"0";"0";"0";"0";"0";"";"";"";"";"0";"ACKNOWLEDGED";"2020-03-04 00:00:00";"4";"16";"0";"0";"4";"0";"0";"0";"0";"0";"";"";"";"";"";"";"";"";"";"";"";"";"";"";"";"";"";"";"";"";"";"";"";"";"";"";"";"";"";"";"";"";"";"";"";"";"";"";"";"http://images.visitflanders.org/product/original/221288/ad658030-6e10-4f57-bbde-e5f60f2ea4db.png,http://images.visitflanders.org/product/original/221288/5cef93c0-5d47-4e33-ab93-f29c7a5aca41.png,";""
"276911";"CAMPER_TERRAIN";"2024-08-22 07:26:04";"0";"Camperterrein Den Aftrap";"Camperterrein Den Aftrap";"BASE";"";"ROTEMERLAAN";"34";"";"3680";"Neeroeteren";"Maaseik";"243483.57";"197843.68";"51.08314642351682";"5.702942735916793";"";"maasland";"0";"";"";"";"+32 89 25 77 94";"+32 474 45 84 63";"";"bart.verkoeyen@gmail.com";"https://www.visitmaaseik.be/nl/overnachten/camperplaats-den-aftrap";"";"";"";"";"";"";"";"";"";"";"";"";"";"";"";"";"";"";"";"";"";"";"";"";"";"";"";"";"";"ACKNOWLEDGED";"2024-06-27 00:00:00";"6";"24";"0";"0";"6";"0";"0";"0";"0";"0";"";"";"";"";"";"";"";"";"";"";"";"";"";"";"";"";"";"";"";"";"";"";"";"";"";"";"";"";"";"";"";"";"";"";"";"";"";"";"";"";""
"387540";"CAMPER_TERRAIN";"2025-03-06 11:30:44";"0";"Camperterrein Het Ovenbuur";"Camperterrein Het Ovenbuur";"BASE";"";"Kanegemstraat";"62";"";"8700";"Tielt";"Tielt";"79715.14";"188897.53";"51.00603242059619";"3.367331062218188";"";"brugseOmmeland";"";"";"";"";"";"";"";"hetovenbuur@telenet.be";"https://hetovenbuur.jouwweb.be/";"";"";"";"";"";"";"";"";"";"";"";"";"";"";"";"";"";"";"";"";"";"";"";"";"";"";"";"";"";"ACKNOWLEDGED";"2021-05-31 00:00:00";"18";"72";"0";"0";"18";"0";"0";"0";"0";"0";"";"";"";"";"";"";"";"";"";"";"";"";"";"";"";"";"";"";"";"";"";"";"";"";"";"";"";"";"";"";"";"";"";"";"";"";"";"";"";"";""
"230294";"CAMPER_TERRAIN";"2025-02-22 17:40:34";"0";"Camperterrein Heuvelzicht";"Camperterrein Heuvelzicht";"BASE";"";"Schipperstraat";"";"";"3950";"Bocholt";"Bocholt";"235297.839214372";"208070.191352849";"51.1768639";"5.5872325";"";"limburgseKempen";"0";"";"";"";"+32 89 20 19 30";"";"";"toerisme@bocholt.be";"https://www.bocholt.be";"";"";"";"";"De site 'Heuvelzicht' bevindt zich vlak aan het kanaal 'de Zuid-Willemsvaart' en op slechts een 500-tal meter van de dorpskern van Bocholt. Op deze site kun je een passantenhaven voor de pleziervaart vinden en een motorhomeparking.
De voorzieningen ter plekke zijn: elektriciteitsaansluitingen, watertap, één toilet, één douche en één lozingspunt voor chemisch toilet. Een aantal van deze voorzieningen zijn in het standgeld inbegrepen, voor de overige dien je extra te betalen. 
Het beheer van de haven en motorhomeparking gebeurt door VVW Bocholt.";"";"0";"0";"UNKNOWN";"1";"0";"0";"0";"0";"0";"0";"";"0";"0";"0";"0";"0";"0";"0";"";"";"";"";"0";"ACKNOWLEDGED";"2020-07-16 00:00:00";"7";"28";"0";"0";"7";"0";"0";"0";"0";"0";"";"";"";"";"";"";"";"";"";"";"";"";"";"";"";"";"";"";"";"";"";"";"";"";"";"";"";"";"";"";"";"";"";"";"";"";"";"";"";"http://images.visitflanders.org/product/original/230294/9c025430-f248-4b6c-b7cf-06217b5f2aec.jpg,http://images.visitflanders.org/product/original/230294/15311fe5-78fb-4303-b8b8-f8da2bd25d0f.png,";"http://images.visitflanders.org/product/original/230294/9c025430-f248-4b6c-b7cf-06217b5f2aec.jpg"
"391983";"CAMPER_TERRAIN";"2025-03-06 17:04:38";"0";"Camperterrein Houtenveld";"Camperterrein Houtenveld";"BASE";"";"HOUTENWEG";"21";"";"3680";"Opoeteren";"Maaseik";"240567.12";"197257.2";"51.07833936004345";"5.661182279494396";"";"maasland";"";"";"";"";"";"";"";"";"";"";"";"";"";"";"";"";"";"";"";"";"";"";"";"";"";"";"";"";"";"";"";"";"";"";"";"";"";"";"ACKNOWLEDGED";"2022-05-20 00:00:00";"9";"36";"0";"0";"9";"0";"0";"0";"0";"0";"";"";"";"";"";"";"";"";"";"";"";"";"";"";"";"";"";"";"";"";"";"";"";"";"";"";"";"";"";"";"";"";"";"";"";"";"";"";"";"";""
"222780";"CAMPER_TERRAIN";"2024-07-10 09:52:46";"0";"Camperterrein Jachthaven De Meerpaal";"Camperterrein Jachthaven De Meerpaal";"BASE";"";"BOSKANTSTRAAT";"60";"";"3920";"Lommel";"Lommel";"219816.04";"215267.38";"51.24308719453314";"5.368560386217936";"";"limburgseKempen";"0";"";"van 1 april tot en met 31 oktober: maandag voormiddag gesloten
                                                   open elke dag vanaf 10 tot 23 u.
van 1 november tot en met 31 maart: maandag gesloten
                                                        open van dinsdag tot vrijdag van 11.00 u tot 18.00 u";"van 1 april tot en met 31 oktober: maandag voormiddag gesloten
                                                   open elke dag vanaf 10 tot 23 u.
van 1 november tot en met 31 maart: maandag gesloten
                                                        open van dinsdag tot vrijdag van 11.00 u tot 18.00 u";"+32 11 91 51 76";"+32 472 43 83 44";"";"contact@tavernedemeerpaal.be";"http://www.tavernedemeerpaal.be/php";"";"";"";"";"Het terrein is gelegen te midden van een prachtige groene omgeving aan de Lommelse Jachthaven op slechts 7 km van het stadscentrum en dicht bij de fiets- en wandelroutes doorheen de natuurgebieden De Watering, de Heuvelse heide en talrijke bossen en heidegebieden. De 8 ruime plaatsen (8 op 4 meter) van het kampeerautoterrein in Lommel zijn uitgerust met alle moderne faciliteiten zoals een watertappunt, een lozingspunt voor afvalwater en chemisch toilet, een afvalcontainer, elektriciteit, een volledig ingericht sanitair blok met toiletten en douches, een wasmachine en droogkast. In de aanpalende taverne kan men bovendien ook lekker eten en drinken op het terras met zicht op de haven.";"";"1";"1";"UNKNOWN";"1";"0";"0";"0";"1";"1";"0";"";"1";"0";"0";"0";"0";"1";"0";"babyverschoontafel";"";"";"";"0";"ACKNOWLEDGED";"2018-12-19 00:00:00";"8";"32";"0";"0";"8";"0";"0";"0";"0";"0";"";"";"";"";"";"";"";"";"";"";"";"";"";"";"";"";"";"";"";"";"";"";"";"";"";"";"";"";"";"";"";"";"";"";"";"";"";"";"";"http://images.visitflanders.org/product/original/222780/a1693df7-306b-49d6-99ec-8ee3872dc1aa.jpg,http://images.visitflanders.org/product/original/222780/d6f1fb4d-c76f-4098-b223-f67d22a45c7e.jpg,http://images.visitflanders.org/product/original/222780/979ff5dc-f6a1-4d5f-be98-4309b3bcd0ff.jpg,http://images.visitflanders.org/product/original/222780/2397dc75-96ff-4817-9d31-29a7c55413db.jpg,";""
"400206";"CAMPER_TERRAIN";"2025-03-06 17:04:11";"0";"Camperterrein Jachtklub Leopoldsburg";"Camperterrein Jachtklub Leopoldsburg";"BASE";"";"ANTWERPSESTEENWEG";"129";"";"3970";"Leopoldsburg";"Leopoldsburg";"211663.1283131523";"202407.8197384141";"51.128434";"5.249638";"";"limburgseKempen";"";"";"";"";"+3211393595";"+32499733886";"";"info@jkl.be";"http://www.jkl.be";"";"";"";"";"";"";"";"";"";"";"";"";"";"";"";"";"";"";"";"";"";"";"";"";"";"";"";"";"";"ACKNOWLEDGED";"2023-12-18 00:00:00";"5";"20";"0";"0";"5";"0";"0";"0";"0";"0";"";"";"";"";"";"";"";"";"";"";"";"";"";"";"";"";"";"";"";"";"";"";"";"";"";"";"";"";"";"";"";"";"";"";"";"";"";"";"";"";""
"402047";"CAMPER_TERRAIN";"2025-03-06 15:15:04";"0";"Camperterrein Kapermolen";"Camperterrein Kapermolen";"BASE";"";"KONING BOUDEWIJNLAAN";"50";"";"3500";"Hasselt";"Hasselt";"219449.0439000364";"180695.1591892447";"50.9323921204";"5.3567175865";"";"haspengouw";"";"";"";"";"+32 11 23 95 40";"";"";"visit@hasselt.be";"https://www.visithasselt.be";"";"";"";"";"";"";"";"";"";"";"";"";"";"";"";"";"";"";"";"";"";"";"";"";"";"";"";"";"";"ACKNOWLEDGED";"2024-03-26 00:00:00";"20";"80";"0";"0";"20";"0";"0";"0";"0";"0";"";"";"";"";"";"";"";"";"";"";"";"";"";"";"";"";"";"";"";"";"";"";"";"";"";"";"";"";"";"";"";"";"";"";"";"";"";"";"";"";""
"230287";"CAMPER_TERRAIN";"2025-02-22 17:40:33";"0";"Camperterrein Kattevennen";"Camperterrein Kattevennen";"BASE";"";"KATTENVENNEN";"z/n";"";"3600";"Genk";"Genk";"231635.014102249";"183747.743158762";"50.9587945";"5.5294212";"";"limburgseKempen";"0";"";"";"";"+32 89 65 55 55";"";"";"kattevennen@genk.be";"https://www.kattevennen.be";"";"";"";"";"Op de openbare parking van het Domein Kattevennen zijn 7 plaatsen gereserveerd.
Je betaalt €10 voor de standplaats, inclusief het water- en stroomverbruik (max. 24 uren).
";"";"0";"0";"UNKNOWN";"1";"0";"0";"0";"0";"0";"0";"";"0";"0";"0";"0";"0";"0";"0";"";"";"";"";"0";"ACKNOWLEDGED";"2023-04-26 00:00:00";"12";"48";"0";"0";"12";"0";"0";"0";"0";"0";"";"";"";"";"";"";"";"";"";"";"";"";"";"";"";"";"";"";"";"";"";"";"";"";"";"";"";"";"";"";"";"";"";"";"";"";"";"";"";"http://images.visitflanders.org/product/original/230287/835e98e5-ed33-44c6-bdda-349ffab68491.jpg,http://images.visitflanders.org/product/original/230287/b865a567-7bef-4c99-89dd-7764bb2b557c.png,";"http://images.visitflanders.org/product/original/230287/835e98e5-ed33-44c6-bdda-349ffab68491.jpg"
"381419";"CAMPER_TERRAIN";"2025-03-06 15:28:35";"0";"Camperterrein Kessel-Lo";"Camperterrein Kessel-Lo";"BASE";"";"EENMEILAAN";"199";"";"3010";"Kessel-Lo";"Leuven";"174462.42";"176284.18";"50.8963860932957";"4.716471655313816";"";"kunststadLeuven";"";"";"";"";"016252030";"";"";"provinciedomein.kessello@vlaamsbrabant.be";"http://www.provinciedomeinkessello.be";"";"";"";"";"";"";"";"";"";"";"";"";"";"";"";"";"";"";"";"";"";"";"";"";"";"";"";"";"";"ACKNOWLEDGED";"2019-07-09 00:00:00";"8";"32";"0";"0";"8";"0";"0";"0";"0";"0";"";"";"";"";"";"";"";"";"";"";"";"";"";"";"";"";"";"";"";"";"";"";"";"";"";"";"";"";"";"";"";"";"";"";"";"";"";"";"";"";""
"391084";"CAMPER_TERRAIN";"2025-03-06 17:04:39";"0";"Camperterrein Kleine-Brogel";"Camperterrein Kleine-Brogel";"BASE";"";"ZAVELSTRAAT";"82";"";"3990";"Kleine-Brogel";"Peer";"226416.78";"208297.81";"51.17961140981582";"5.46160359294248";"";"limburgseKempen";"";"";"";"";"";"";"";"";"";"";"";"";"";"";"";"";"";"";"";"";"";"";"";"";"";"";"";"";"";"";"";"";"";"";"";"";"";"";"ACKNOWLEDGED";"2021-10-25 00:00:00";"9";"36";"0";"0";"9";"0";"0";"0";"0";"0";"";"";"";"";"";"";"";"";"";"";"";"";"";"";"";"";"";"";"";"";"";"";"";"";"";"";"";"";"";"";"";"";"";"";"";"";"";"";"";"";""
"357281";"CAMPER_TERRAIN";"2025-03-06 10:04:24";"0";"Camperterrein Lennik";"Camperterrein Lennik";"BASE";"";"A. Algoetstraat";"77";"";"1750";"Lennik";"Lennik";"135456.2";"166346.45";"50.80738725042476";"4.162411353481485";"";"groeneGordel";"";"";"";"";"+3225310205";"";"";"toerisme@lennik.be";"https://www.lennik.be";"";"";"";"";"De gemeente Lennik legde een spiksplinternieuw camperterrein aan dat plaats biedt voor 4 campers. Het nieuwe camperterrein ligt achter de parking van sporthal Jo Baetens, grenzend aan de groene bufferzone. Het terrein is uitgerust met een afvalsorteerplaats, een picknickweide, een brandpost, een drinkwatervoorziening, een lozingspunt en een informatiebord.";"";"";"";"";"";"";"";"";"";"";"";"";"";"";"";"";"";"";"";"";"";"";"";"";"ACKNOWLEDGED";"2018-03-29 00:00:00";"4";"16";"0";"0";"4";"0";"0";"0";"0";"0";"";"";"";"";"";"";"";"";"";"";"";"";"";"";"";"";"";"";"";"";"";"";"";"";"";"";"";"";"";"";"";"";"";"";"";"";"";"";"";"";""
"221451";"CAMPER_TERRAIN";"2025-03-06 11:35:31";"0";"De Balokken";"De Balokken";"BASE";"";"DE BALOKKEN";"3";"";"8940";"Wervik";"Wervik";"56141.67";"163522.34";"50.77462631812123";"3.037993688704561";"";"leieStreek";"0";"";"";"";"+32 56 95 24 25";"";"";"toerisme@wervik.be";"https://www.wervik.be/toerisme/overnachten/kampeerautoterreindebalokken";"";"";"";"";"Overnacht in alle rust op het kampeerautoterrein aan De Balokken, een 36 hectare groot recreatie-eiland aan de oevers van de Leie in Wervik. Het is de ideale vertrekbasis om de Leiestreek te ontdekken. 
Er is plaats voor acht kampeerauto's. Reserveren hoeft niet en je betaalt slechts 10 euro per 72u. Alle voorzieningen zijn aanwezig. Vlakbij is er een cafetaria en ook het stadscentrum, het Tabaksmuseum en de Dienst voor Toerisme liggen op wandelafstand.";"";"1";"0";"NONE";"1";"0";"0";"0";"1";"0";"0";"";"0";"1";"0";"0";"0";"0";"0";"";"";"";"";"0";"ACKNOWLEDGED";"2019-04-01 00:00:00";"8";"32";"0";"0";"8";"0";"0";"0";"0";"0";"";"";"";"";"";"";"";"";"";"";"";"";"";"";"";"";"";"";"";"";"";"";"";"";"";"";"";"";"";"";"";"";"";"";"";"";"";"";"";"http://images.visitflanders.org/product/original/221451/1727911a-acfe-42b9-af80-648c542be103.jpg,http://images.visitflanders.org/product/original/221451/a425775d-d102-4bd3-ab93-906be91a288f.jpg,";""
"226609";"CAMPER_TERRAIN";"2025-03-06 11:08:51";"0";"De Dageraad";"De Dageraad";"BASE";"";"STASEGEMSESTEENWEG";"21";"";"8530";"Harelbeke";"Harelbeke";"75549.63";"171223.52";"50.84665185953128";"3.31157129718244";"";"leieStreek";"0";"";"";"";"+32 56 73 34 60";"";"";"toerisme@harelbeke.be";"https://www.harelbeke.be/toerisme/de-dageraad";"";"";"";"";"Het kampeerautoterrein De Dageraad is een volledig uitgerust kampeerautoterrein met 8 ruime plaatsen waar kampeerautotoeristen water en elektriciteit kunnen krijgen. Ze kunnen er ook hun afval(water) kwijt. Het terrein is ideaal gelegen: vlakbij recreatiedomein De Gavers, een minigolfterrein en op wandelafstand van het centrum. Meer informatie over toeristisch Harelbeke is hier te vinden. Tijdens de openingstijden kan er tegen betaling een douche genomen worden in het sportcentrum. ";"";"1";"0";"NONE";"1";"0";"0";"0";"1";"0";"1";"";"1";"1";"0";"0";"0";"0";"0";"";"";"";"";"0";"ACKNOWLEDGED";"2017-11-20 00:00:00";"8";"32";"0";"0";"8";"0";"0";"0";"0";"0";"";"";"";"";"";"";"";"";"";"";"";"";"";"";"";"";"";"";"";"";"";"";"";"";"";"";"";"";"";"";"";"";"";"";"";"";"";"";"";"http://images.visitflanders.org/product/original/226609/2b11d957-c473-4be4-b96f-71b9e9dc07c9.jpg,http://images.visitflanders.org/product/original/226609/196510b7-a620-4bd8-bce5-773e5fcbc3a4.jpg,";""
"226969";"CAMPER_TERRAIN";"2022-12-08 07:42:04";"0";"De Zwerver";"De Zwerver";"BASE";"";"BRUGSE STEENWEG";"29";"";"8620";"Nieuwpoort";"Nieuwpoort";"37767.73";"203431.71";"51.13004943290751";"2.765342867265248";"";"kust";"0";"";"";"";"";"+32 474 66 95 26";"";"info@camperparkdezwerver.be";"https://www.camperparkdezwerver.be";"";"";"";"";"Afgebakende plaatsen op een rustige ligging, niet ver van de stad en van het strand. Verschillende fietsroutes bevinden zich in de buurt.";"";"0";"0";"";"";"";"0";"0";"";"";"";"";"1";"0";"0";"0";"";"";"0";"";"";"";"";"";"ACKNOWLEDGED";"2018-10-24 00:00:00";"28";"112";"0";"0";"28";"0";"0";"0";"0";"0";"";"";"";"";"";"";"";"";"";"";"";"";"";"";"";"";"";"";"";"";"";"";"";"";"";"";"";"";"";"";"";"";"";"";"";"";"";"";"";"http://images.visitflanders.org/product/original/226969/1f1c6ba8-6083-4e38-8d36-2bc5bb1f12ee.jpg,http://images.visitflanders.org/product/original/226969/22f3b736-6283-48d9-b8dd-333f54c551b1.jpg,http://images.visitflanders.org/product/original/226969/921865dd-a9cc-4426-a99e-11bfdcc1d76b.jpg,";""
"396701";"CAMPER_TERRAIN";"2025-03-06 16:57:27";"0";"Hoeve 't Bommesaarke";"Hoeve 't Bommesaarke";"BASE";"";"KESSENICHERWEG";"27";"";"3640";"Kessenich";"Kinrooi";"251030.360739451";"203925.653619949";"51.1370814";"5.8110008";"";"maasland";"";"";"";"";"+32 494 87 17 91";"";"";"carinesnijkers@telenet.be";"https://www.aspergeskinrooi.be";"";"";"";"";"";"";"";"";"";"";"";"";"";"";"";"";"";"";"";"";"";"";"";"";"";"";"";"";"";"ACKNOWLEDGED";"2024-08-30 00:00:00";"16";"64";"0";"0";"16";"0";"0";"0";"0";"0";"";"";"";"";"";"";"";"";"";"";"";"";"";"";"";"";"";"";"";"";"";"";"";"";"";"";"";"";"";"";"";"";"";"";"";"";"";"";"";"";""
"378427";"CAMPER_TERRAIN";"2025-03-06 21:02:34";"0";"Kampeerautoterrein De Zaat";"Kampeerautoterrein De Zaat";"BASE";"";"Nagelheetmakerslaan";"ZN";"";"9140";"Temse";"Temse";"139001.320141824";"201582.671467124";"51.1247445";"4.2103894";"";"waasland";"";"";"";"";"+3237101200";"";"";"toerisme@temse.be";"";"";"";"";"";"";"";"";"";"";"";"";"";"";"";"";"";"";"";"";"";"";"";"";"";"";"";"";"";"";"ACKNOWLEDGED";"2018-07-15 00:00:00";"20";"80";"0";"0";"20";"0";"0";"0";"0";"0";"";"";"";"";"";"";"";"";"";"";"";"";"";"";"";"";"";"";"";"";"";"";"";"";"";"";"";"";"";"";"";"";"";"";"";"";"";"";"";"";""
"226002";"CAMPER_TERRAIN";"2025-05-01 12:02:03";"0";"Kampeerautoterrein Demerstrand (Camperterrein)";"Kampeerautoterrein Demerstrand (Camperterrein)";"BASE";"";"Stationsstraat";"27";"";"3590";"Diepenbeek";"Diepenbeek";"224019.08";"178707.96";"50.91396902296452";"5.421316364119454";"";"haspengouw";"0";"";"";"";"+32 11 49 18 00";"";"";"economie@diepenbeek.be";"https://www.diepenbeek.be/parking-mobilhomes";"";"";"";"";"Op het Demerstrand in Diepenbeek bevindt zich een kampeerwagenterrein waar je maximaal 48 uren mag parkeren. Dit terrein staat aangegeven met de nodige bebording.
De tarieven voor het gebruik van de parking zijn € 8 voor 24 u. en € 16
voor 48 u. In deze prijs zijn alle faciliteiten (elektriciteit, water, vuilverwerking, lozing) inbegrepen. 
Op het terrein van het Demerstrand vind je de sporthal, tennisterreinen, speeltuintje, drank- en eetgelegenheid.
GPS-coördinaten : N50°54'51'' en O 5°25'20''";"";"1";"0";"UNKNOWN";"1";"0";"0";"0";"0";"0";"0";"";"0";"1";"0";"0";"0";"1";"0";"";"";"";"";"0";"ACKNOWLEDGED";"2018-05-30 00:00:00";"10";"40";"0";"0";"10";"0";"0";"0";"0";"0";"";"";"";"";"";"";"";"";"";"";"";"";"";"";"";"";"";"";"";"";"";"";"";"";"";"";"";"";"";"";"";"";"";"";"";"";"";"";"";"http://images.visitflanders.org/product/original/226002/fc9675b0-89e8-416b-bbc2-9cc0738a16dc.jpg,http://images.visitflanders.org/product/original/226002/e1aea35b-d785-4e58-ab0b-5458c369f9eb.png,";"http://images.visitflanders.org/product/original/226002/fc9675b0-89e8-416b-bbc2-9cc0738a16dc.jpg"
"211533";"CAMPER_TERRAIN";"2025-03-06 18:28:56";"0";"Kampeerautoterrein Interparking Brugge";"Kampeerautoterrein Interparking Brugge";"BASE";"";"Bargeweg";"z/n";"";"8000";"Brugge";"Brugge";"70365.5187480938";"210400.752895378";"51.1986175";"3.2282011";"";"kunststadBrugge";"0";"";"";"";"+32 50 39 18 48";"";"";"COV@interparking.com";"https://www.interparking.be/nl-BE/find-parking/Kampeerautoterreinen-1---2/";"";"";"";"";"Wij hanteren een seizoenprijs van 22,5 euro en een niet seizoen prijs van 15 euro. Seizoen is voor ons 01 april tot 30 september. Elektriciteit is inbegrepen per parkeerplaats, vers water kan genomen worden aan de automaat à 50 ct.";"";"0";"0";"NONE";"1";"0";"0";"0";"1";"0";"0";"";"1";"0";"0";"0";"0";"0";"0";"";"";"";"";"0";"ACKNOWLEDGED";"2017-11-28 00:00:00";"37";"148";"0";"0";"37";"0";"0";"0";"0";"0";"";"";"";"";"";"";"";"";"";"";"";"";"";"";"";"";"";"";"";"";"";"";"";"";"";"";"";"";"";"";"";"";"";"";"";"";"";"";"";"http://images.visitflanders.org/product/original/211533/a02f9217-6397-484d-a91c-1205b64da423.jpg,http://images.visitflanders.org/product/original/211533/aba9a38c-3690-4e27-a276-e24405850565.jpg,http://images.visitflanders.org/product/original/211533/d0f789ad-155e-4ff2-a019-07d462da139d.jpg,http://images.visitflanders.org/product/original/211533/4a222f7e-33ee-43ac-ade0-471c3d02a151.jpg,http://images.visitflanders.org/product/original/211533/7fc6aec2-a812-41a8-bd8d-41e8c54a75ee.jpg,http://images.visitflanders.org/product/original/211533/9d976014-d46e-4bcc-adde-0f2fb9764646.jpg,";""
"221237";"CAMPER_TERRAIN";"2025-03-06 10:47:23";"0";"Kampeerautoterrein Langemark Poelkapelle";"Kampeerautoterrein Langemark Poelkapelle";"BASE";"";"BOEZINGESTRAAT";"51";"A";"8920";"Langemark-Poelkapelle";"Langemark-Poelkapelle";"47958.72";"178710.83";"50.90976256062375";"2.917795424999366";"";"westhoek";"0";"";"";"";"+32 57 20 05 47";"";"";"toerisme@langemark-poelkapelle.be";"https://www.langemark-poelkapelle.be/verhuur-kampeerautoterrein";"";"";"";"";"Mensen met een kampeerauto kunnen terecht op het nieuwe terrein naast het sportcentrum. Het kampeerautoterrein is het hele jaar open en biedt 8 plaatsen die telkens voor max. 72 uur kunnen gehuurd worden. Voorzieningen : watertaftakpunt, elektriciteit (4 x 220V), lozingspunt, afvalvoorzieningen, receptie, cafetaria in onmiddellijke omgeving. De voorzieningen, alsook douche, kan gebruikt worden tijdens de openingsuren van het sportcentrum of de cafetaria.";"";"1";"0";"NONE";"1";"0";"0";"0";"0";"0";"0";"";"1";"1";"0";"0";"0";"0";"0";"";"";"";"";"0";"ACKNOWLEDGED";"2019-07-02 00:00:00";"8";"32";"0";"0";"8";"0";"0";"0";"0";"0";"";"";"";"";"";"";"";"";"";"";"";"";"";"";"";"";"";"";"";"";"";"";"";"";"";"";"";"";"";"";"";"";"";"";"";"";"";"";"";"http://images.visitflanders.org/product/original/221237/cdcbf034-51b9-4450-b842-a65202a0e472.jpg,";""
"224215";"CAMPER_TERRAIN";"2025-02-22 15:27:02";"0";"Kampeerautoterrein Olmenhof";"Kampeerautoterrein Olmenhof";"BASE";"";"PIKKELEERSTRAAT";"14";"";"3540";"Herk-de-Stad";"Herk-de-Stad";"206071.4";"180860.77";"50.93533139289838";"5.166449380216132";"";"limburgseKempen";"0";"";"20/07/2018 - 23/07/2018";"";"+32 13 55 38 11";"";"";"toerisme.herkdestad@scarlet.be";"https://www.toerismeherkdestad.be";"";"";"";"";"Er is ruimte voor zes campers en alle noodzakelijke voorzieningen zijn aanwezig; water en elektriciteit zijn beschikbaar via een muntautomaat. 
De camperplek ligt aan de rand van het recreatiegebied Olmenhof, een prachtig Engels park met een unieke verzameling bomen, waaronder exotische variëteiten. Het park is dan ook beschermd als landschap. Het park omvat verder een speeltuin, een visvijver, een dierenpark en een minigolfterrein. De omgeving leent zich voor fietsen en wandelen. Het VVV-kantoor is op loopafstand.  ";"";"0";"0";"UNKNOWN";"1";"1";"0";"0";"0";"0";"1";"";"1";"0";"0";"0";"0";"0";"0";"";"";"";"";"0";"ACKNOWLEDGED";"2020-06-25 00:00:00";"6";"24";"0";"0";"6";"0";"0";"0";"0";"0";"";"";"";"";"";"";"";"";"";"";"";"";"";"";"";"";"";"";"";"";"";"";"";"";"";"";"";"";"";"";"";"";"";"";"";"";"";"";"";"http://images.visitflanders.org/product/original/224215/4f05ce70-5542-47ad-aaed-247109cf2983.jpg,http://images.visitflanders.org/product/original/224215/e0e7cf80-b6bf-44d7-9778-faef91d0661f.jpg,http://images.visitflanders.org/product/original/224215/bd63924b-3380-4a27-bd3f-961235a4f4b3.jpg,http://images.visitflanders.org/product/original/224215/115b046c-20c1-48b8-920c-ef24b767fc58.png,http://images.visitflanders.org/product/original/224215/423d56f9-5ab1-4a3b-bd95-298a9beef0bb.png,http://images.visitflanders.org/product/original/224215/9218c083-da3b-45e3-ba98-9a4acee84e7a.png,";"http://images.visitflanders.org/product/original/224215/e0e7cf80-b6bf-44d7-9778-faef91d0661f.jpg"
"212426";"CAMPER_TERRAIN";"2024-07-10 10:12:42";"0";"Kampeerautoterrein Recreatiedomein Ter Heide";"Kampeerautoterrein Recreatiedomein Ter Heide";"BASE";"";"VAKENSTRAAT";"18";"";"3110";"Rotselaar";"Rotselaar";"174888.34";"183597.08";"50.96210506383247";"4.723022658217666";"";"hageland";"0";"";"Geen sluitingsperiode.";"";"+32 16 89 29 90";"";"";"info.terheide@sportoase.be";"https://www.sportoase.be";"SportoaseTerHeide";"sportoase";"";"";"Kampeerautoterrein voor 4 kampeerauto's met de nodige infrastructuur voor lozing van sanitair afvalwater, water- en elektriciteitsvoorziening. De plaatsen zijn momenteel gratis ter beschikking.(Nutsvoorzieningen kosten € 1 /100L water en € 1 /1kWh elektriciteit.)";"";"1";"0";"NONE";"1";"1";"1";"0";"1";"0";"0";"Zwembad inclusief Sauna en Hammam.
Meer van Rotselaar (tijdens zomermaanden betalend).";"1";"1";"0";"1";"0";"1";"0";"Nee";"";"";"INDOOR;OUTDOOR;POND";"0";"ACKNOWLEDGED";"2022-11-24 00:00:00";"4";"16";"0";"0";"4";"0";"0";"0";"0";"0";"";"";"";"";"";"";"";"";"";"";"";"";"";"";"";"";"";"";"";"";"";"";"";"";"";"";"";"";"";"";"";"";"";"";"";"";"";"";"";"http://images.visitflanders.org/product/original/212426/2576fb60-56a2-4cce-ae25-1e24b5ba34e5.jpg,";"http://images.visitflanders.org/product/original/212426/2576fb60-56a2-4cce-ae25-1e24b5ba34e5.jpg"
"221830";"CAMPER_TERRAIN";"2025-03-06 19:31:28";"0";"Kampeerautoterrein Sporthal Assenede";"Kampeerautoterrein Sporthal Assenede";"BASE";"";"KAPELLEDREEF";"4";"";"9960";"Assenede";"Assenede";"106744.73";"213564.93";"51.2303979088759";"3.749499173110066";"";"meetjesland";"0";"";"24/12 - 31/12";"24/12 - 31/12";"+32 9 341 95 95";"";"";"agb@assenede.be";"https://www.assenede.be";"";"";"";"";"Het betreft een parkeerautoterrein met 6 parkeerplaatsen die toegankelijk zijn via een slagboomsysteem met muntinwerp. Hiervoor werd een reglement opgemaakt welke terug te vinden is op de slagboominstallatie.";"";"1";"0";"SCHOOL_HOLIDAYS";"1";"0";"0";"0";"0";"0";"0";"Sporthal op het terrein (geen buitenterrein).";"1";"1";"0";"0";"0";"0";"0";"Daarnaast is het kampeerterrein ook uitgerust met een lig- en speelweide. Daar kan je genieten van de rust of naar hartenlust ravotten. Naast de sporthal en vlakbij de Kreken, een wandelgebied.";"";"";"";"0";"ACKNOWLEDGED";"2018-07-13 00:00:00";"6";"24";"0";"0";"6";"0";"0";"0";"0";"0";"";"";"";"";"";"";"";"";"";"";"";"";"";"";"";"";"";"";"";"";"";"";"";"";"";"";"";"";"";"";"";"";"";"";"";"";"";"";"";"http://images.visitflanders.org/product/original/221830/bafa6546-9c0c-43c4-a1f6-a6cf27bd0434.jpg,http://images.visitflanders.org/product/original/221830/55a1a233-fcca-4385-bbed-00e1be654d76.jpg,http://images.visitflanders.org/product/original/221830/284fcc08-042e-48c1-a4e0-d7ba84c5d3fc.jpg,http://images.visitflanders.org/product/original/221830/17130257-cb42-438c-8684-7de3c5528478.jpg,http://images.visitflanders.org/product/original/221830/6a13a780-37bb-4b5e-8cf2-ed8fbfd316f3.jpg,http://images.visitflanders.org/product/original/221830/10f68532-73b2-4832-afee-684229282017.jpg,http://images.visitflanders.org/product/original/221830/9a9353cf-4a25-4cb6-9fe0-f33d6a3e3015.jpg,http://images.visitflanders.org/product/original/221830/3a326d21-c67f-4cc3-94cd-6f4acb008ff8.jpg,http://images.visitflanders.org/product/original/221830/31e7d7d1-d1b1-4e20-b43d-f73a7905f85d.jpg,http://images.visitflanders.org/product/original/221830/ebbf5261-56a7-4ee5-b35d-b0f98b8dff02.jpg,http://images.visitflanders.org/product/original/221830/d792c165-2836-468f-a4b2-9fd83754481c.jpg,http://images.visitflanders.org/product/original/221830/3c3e3854-2d81-499e-9b14-0ad955e05268.jpg,";"http://images.visitflanders.org/product/original/221830/10f68532-73b2-4832-afee-684229282017.jpg"
"391762";"CAMPER_TERRAIN";"2025-03-06 10:50:31";"0";"Kampeerautoterrein Vital Moreelsplein";"Kampeerautoterrein Vital Moreelsplein Anzegem";"BASE";"";"VITAL MOREELSPLEIN";"ZN";"";"8573";"Tiegem";"Anzegem";"86504.1748101589";"167736.148610375";"50.8171426";"3.4664683";"";"leieStreek";"";"";"";"";"+32 56 68 82 50";"";"";"toerisme@anzegem.be";"https://www.anzegem.be/kampeerautoterrein";"";"";"";"";"";"";"";"";"";"";"";"";"";"";"";"";"";"";"";"";"";"";"";"";"";"";"";"";"";"ACKNOWLEDGED";"2021-12-08 00:00:00";"5";"20";"0";"0";"5";"0";"0";"0";"0";"0";"";"";"";"";"";"";"";"";"";"";"";"";"";"";"";"";"";"";"";"";"";"";"";"";"";"";"";"";"";"";"";"";"";"";"";"";"";"";"";"";""
"222162";"CAMPER_TERRAIN";"2025-03-06 19:31:41";"0";"Kanaaloever Beernem";"Kanaaloever Beernem";"BASE";"";"Oude Vaartstraat";"z/n";"";"8730";"Beernem";"Beernem";"78145.4603749138";"202797.057428345";"51.1313001";"3.3409931";"";"brugseOmmeland";"0";"";"";"";"+32 50 28 91 48";"";"";"toerisme@beernem.be";"http://www.beernem.be";"";"";"";"";"Kanaaloever Beernem is een kampeerautoterrein met 6 ruime plaatsen, waarvan er 4 voorzien zijn van een aansluiting van 230 volt. Het is tevens mogelijk om vers water bij te vullen (watertoevoer is afgesloten van november tot eind maart), afvalwater en chemisch toilet te lozen en er is een afvalsorteerplaats voorzien. Het terrein ligt langs het kanaal Gent-Brugge, naast de jachthaven, langs Vlaanderen Fietsroute en op het fietsroutenetwerk Brugse Ommeland en wandelnetwerk Bulskampveld.Maximum verblijfduur: 72 uur";"";"0";"0";"NONE";"1";"0";"0";"0";"1";"0";"0";"";"1";"0";"0";"0";"0";"0";"0";"";"";"";"";"0";"ACKNOWLEDGED";"2018-10-08 00:00:00";"6";"24";"0";"0";"6";"0";"0";"0";"0";"0";"";"";"";"";"";"";"";"";"";"";"";"";"";"";"";"";"";"";"";"";"";"";"";"";"";"";"";"";"";"";"";"";"";"";"";"";"";"";"";"http://images.visitflanders.org/product/original/222162/692bc68e-2fe8-4b7d-8b40-34b4f566d891.jpg,http://images.visitflanders.org/product/original/222162/b45e3f1e-244f-460c-9be2-5df097a9df6b.jpg,http://images.visitflanders.org/product/original/222162/f0c8f55c-8872-4dee-8fba-34c22aec510b.jpg,";""
"397430";"CAMPER_TERRAIN";"2025-03-06 14:31:35";"0";"Kompas Camping Nieuwpoort";"Kompas Camping Nieuwpoort";"BASE";"";"BRUGSE STEENWEG";"49";"";"8620";"Nieuwpoort";"Nieuwpoort";"38241.35008987034";"203325.4485034458";"51.129196167";"2.772143364";"";"kust";"0";"INFORMATION_AVAILABLE";"";"";"+32 58 23 60 37";"32 (0)476 036 170";"";"nieuwpoort@kompascamping.be";"http://www.kompascamping.be/nieuwpoort";"KompasNieuwpoort/";"";"";"";"";"";"1";"1";"";"";"";"1";"0";"";"";"";"";"1";"1";"1";"0";"";"";"0";"";"";"";"";"";"ACKNOWLEDGED";"2023-06-26 00:00:00";"109";"436";"0";"0";"109";"0";"0";"0";"0";"0";"";"";"";"";"";"";"";"";"";"";"";"";"";"";"";"";"";"";"";"";"";"";"";"";"";"";"";"";"";"";"";"";"";"";"";"";"";"";"http://www.kompascamping.be/nieuwpoort/";"";""
"397713";"CAMPER_TERRAIN";"2025-03-06 21:15:44";"0";"Kompas Camping Westende";"Kompas Camping Westende";"BASE";"";"BASSEVILLESTRAAT";"141";"";"8434";"Lombardsijde";"Middelkerke";"37507.88326681303";"206483.2680086121";"51.157432";"2.760692";"";"kust";"";"";"";"";"+3258223025";"+32476036170";"";"westende@kompascamping.be";"http://www.kompascamping.be";"";"";"";"";"";"";"";"";"";"";"";"";"";"";"";"";"";"";"";"";"";"";"";"";"";"";"";"";"";"ACKNOWLEDGED";"2023-06-16 00:00:00";"39";"156";"0";"0";"39";"0";"0";"0";"0";"0";"";"";"";"";"";"";"";"";"";"";"";"";"";"";"";"";"";"";"";"";"";"";"";"";"";"";"";"";"";"";"";"";"";"";"";"";"";"";"";"";""
"226874";"CAMPER_TERRAIN";"2025-03-06 22:06:09";"0";"Kompas Kampeerautoterrein";"Kompas Kampeerautoterrein";"BASE";"";"Strandjuttersdreef";"2";"";"8434";"Westende";"Middelkerke";"37236.13216980905";"206462.4499350395";"51.157192";"2.756815";"";"kust";"0";"";"";"";"+32 58 22 30 25";"";"";"westende@kompascamping.be";"http://www.kompascamping.be";"";"";"";"";"Vlakbij de camping, in de Strandjuttersdreef, ligt het Kompas Kampeerautoterrein. Het terrein is exclusief voorbehouden voor motorhomes.
Elke plaats is 9 op 4,5 meter groot, beschikt over een elektriciteitsaansluiting (10 A) en is verhard met grasdallen. Het servicepunt waar je afvalwater loost en vers water tankt, vind je aan de ingang van het terrein. Net als het containerpark met afzonderlijke containers voor glas, papier en restafval.
Je kan het hele jaar door terecht op ons kampeerautoterrein. Aan een betalingsautomaat koop je een ticket waarmee je 20 u. of 44 u. toegang krijgt. Uniek voor het Kompas Kampeerautoterrein is dat je, tijdens je verblijfsperiode, onbeperkt kan op- en afrijden. Let wel, vooraf reserveren kan niet. ";"";"0";"0";"";"1";"0";"0";"0";"0";"0";"0";"";"1";"0";"0";"0";"0";"0";"0";"";"";"";"";"0";"ACKNOWLEDGED";"2018-04-04 00:00:00";"35";"140";"0";"0";"35";"0";"0";"0";"0";"0";"";"";"";"";"";"";"";"";"";"";"";"";"";"";"";"";"";"";"";"";"";"";"";"";"";"";"";"";"";"";"";"";"";"";"";"";"";"";"";"http://images.visitflanders.org/product/original/226874/2483ec36-a041-4ff9-9e31-0f3ed8c5ec3f.jpg,http://images.visitflanders.org/product/original/226874/f0496d9d-4929-44c2-94bc-b78fff501902.jpg,";""
"223376";"CAMPER_TERRAIN";"2025-03-06 11:36:09";"0";"Leiekamper Waregem";"Leiekamper Waregem";"BASE";"";"Leiesas";"15";"";"8793";"Sint-Eloois-Vijve";"Waregem";"82192.92";"178045.94";"50.90878819863902";"3.404636669903913";"";"leieStreek";"0";"";"";"";"+32 56 62 12 11";"";"";"toerisme@waregem.be";"http://www.waregem.be/kampeerautoterrein";"";"";"";"";"Het kampeerautoterrein bevindt zich aan de brug over de Leie. De site is 24 op 24 uur open en heeft plaats voor acht kampeerauto’s (mobilhomes). Voorzieningen: elektriciteit, afvalcontainers, drinkbaar water, lozingsput afvalwater. Enkel cash betaling is mogelijk, nl. 5 euro voor één volledige dag. Zicht op de mooie Leie en gelegen nabij een kinderspeeltuintje. Op 3,5 km van het stadscentrum van Waregem.  Het terrein ligt langs het fietsnetwerk Leiestreek West.";"";"0";"0";"NONE";"1";"0";"0";"0";"1";"0";"0";"";"1";"1";"0";"0";"0";"0";"0";"";"";"";"";"0";"ACKNOWLEDGED";"2017-11-20 00:00:00";"8";"32";"0";"0";"8";"0";"0";"0";"0";"0";"";"";"";"";"";"";"";"";"";"";"";"";"";"";"";"";"";"";"";"";"";"";"";"";"";"";"";"";"";"";"";"";"";"";"";"";"";"";"";"http://images.visitflanders.org/product/original/223376/8d739060-ea14-44e6-991e-5e31d2b070f3.jpg,";""
"219976";"CAMPER_TERRAIN";"2025-03-06 11:38:02";"0";"Leihoek";"Leihoek";"BASE";"";"Leihoekstraat";"0";"";"9870";"Machelen";"Zulte";"88548.16540274311";"184432.347529872";"50.967436";"3.492679";"";"leieStreek";"0";"";"";"";"+32 9 243 14 24";"";"";"toerisme@zulte.be";"https://www.zulte.be/kampeerautoterrein";"";"";"";"";"Gelegen op de fietslus Machelen Gulderoute (32 km) en op een paar 100m van het Roger Raveelmuseum waar je openlucht petanquebanen, ping-pongtafels en een speeltuin vindt. Op 50m kan je vissen in Machelen Put en gezellig tafelen in één van de horecazaken. Op 200m afstand bevindt zich fietsenverhuur Pushkin waar u fietsen kan huren/laten herstellen. Binnen een straal van één km kan je terecht voor dagelijkse producten zoals brood en vlees. Dit kampeerautoterrein is het hele jaar open.";"";"0";"1";"NONE";"1";"0";"0";"0";"1";"0";"0";"Het kampeerautoterrein is gelegen in het toeristische hart van Machelen-aan-de-Leie, op een paar honderd meter van het Roger Raveelmuseum.  Aan het museum vindt u enkele openlucht petanquebanen, tafeltennistafels en een speeltuin. Het kampeerautoterrein ligt aan de gemeentelijke fietsroute ""Machelen Gulderoute"" en op het traject van de gemeentelijke/provinciale wandelroute ""Roger Raveelroute"". Fietsenverhuur op 200 m in Machelendorp.";"1";"1";"0";"0";"0";"0";"0";"Achter en naast het kampeerautoterrein ligt het avontureneiland (Speeltoestellen en trekveer over de oude leie-arm.  Aan de overzijde zijn er nog andere speeltoestellen) + speeltuin en ontspanningszone (tafeltennistafels, petanquebanen) aan het Roger Raveelmuseum, op 200 meter van het kampeerautoterrein.";"";"";"";"0";"ACKNOWLEDGED";"2018-01-18 00:00:00";"8";"32";"0";"0";"8";"0";"0";"0";"0";"0";"";"";"";"";"";"";"";"";"";"";"";"";"";"";"";"";"";"";"";"";"";"";"";"";"";"";"";"";"";"";"";"";"";"";"";"";"";"";"";"http://images.visitflanders.org/product/original/219976/f35f7836-232b-48a3-8fe0-c521d56c5300.jpg,http://images.visitflanders.org/product/original/219976/37bcedec-fb8e-4a56-b585-6a5ddf42ed7b.jpg,http://images.visitflanders.org/product/original/219976/e598e226-5735-470e-b04c-7c1fd41ef702.jpg,http://images.visitflanders.org/product/original/219976/e531d4f6-b59b-4f4e-85b4-6766118a036a.jpg,http://images.visitflanders.org/product/original/219976/625ffca1-826b-4feb-94a7-b441c14427ae.jpg,http://images.visitflanders.org/product/original/219976/7ac07c95-7a2c-4208-87b7-ef2f793802de.jpg,http://images.visitflanders.org/product/original/219976/d3c91a95-ee74-470c-879b-71ebc1092e98.jpg,http://images.visitflanders.org/product/original/219976/ab62a102-c714-475e-815b-9312155be5d9.jpg,http://images.visitflanders.org/product/original/219976/4704be9a-a4a1-41ff-92d6-92978fba0664.jpg,";""
"391997";"CAMPER_TERRAIN";"2025-03-06 15:02:31";"0";"Mobi-loon";"Mobi-loon";"BASE";"";"KLEESTRAAT";"9";"B";"3840";"Borgloon";"Tongeren-Borgloon";"217493.12";"166957.81";"50.8091456207247";"5.326370658370233";"";"haspengouw";"";"";"";"";"+32476277770";"";"";"info@heteenhoornhof.be";"http://www.mobi-loon.be";"";"";"";"";"";"";"";"";"";"";"";"";"";"";"";"";"";"";"";"";"";"";"";"";"";"";"";"";"";"ACKNOWLEDGED";"2022-05-05 00:00:00";"9";"36";"0";"0";"9";"0";"0";"0";"0";"0";"";"";"";"";"";"";"";"";"";"";"";"";"";"";"";"";"";"";"";"";"";"";"";"";"";"";"";"";"";"";"";"";"";"";"";"";"";"";"";"";""
"277093";"CAMPER_TERRAIN";"2024-07-10 09:56:56";"0";"Passantenhaven Welvaart";"Passantenhaven Welvaart";"BASE";"";"Jaak Tassetstraat";"54";"";"3910";"Sint-Huibrechts-Lille";"Pelt";"224248.888505807";"214202.7133272858";"51.232961";"5.431822";"";"limburgseKempen";"0";"";"";"";"+32 11 80 97 46";"";"";"vrijetijd@gemeentepelt.be";"https://www.gemeentepelt.be";"";"";"";"";"Kanaaldijk - Parking mobilhomes: 8 plaatsen, voorzien met een drinkwaterafnamepunt en een collectieve elektriciteitsvoorziening (tot 6 ampère). Binnen wandelafstand van Neerpelt-Centrum en in de onmiddellijke nabijheid van het fietsroutenetwerk en het wandelgebied natuurreservaat Hageven. Maximum verblijf van 2 nachten wordt door politiereglement opgelegd.";"";"0";"0";"UNKNOWN";"1";"0";"0";"0";"0";"0";"0";"";"1";"0";"0";"0";"0";"0";"0";"";"";"";"";"0";"ACKNOWLEDGED";"2020-03-25 00:00:00";"8";"32";"0";"0";"8";"0";"0";"0";"0";"0";"";"";"";"";"";"";"";"";"";"";"";"";"";"";"";"";"";"";"";"";"";"";"";"";"";"";"";"";"";"";"";"";"";"";"";"";"";"";"";"http://images.visitflanders.org/product/original/277093/5cc79c25-f5c7-4b65-b48b-7dd67c45f44b.png,";"http://images.visitflanders.org/product/original/277093/5cc79c25-f5c7-4b65-b48b-7dd67c45f44b.png"
"212428";"CAMPER_TERRAIN";"2024-07-10 10:12:51";"0";"Provinciedomein Halve Maan Camperterrein";"Provinciedomein Halve Maan Camperterrein";"BASE";"";"OMER VANAUDENHOVELAAN";"48";"";"3290";"Diest";"Diest";"198806.29";"186209.71";"50.9840687880822";"5.063812249927467";"";"hageland";"0";"";"01/01 - 29/02, 01/11 - 31/12";"01/01 - 29/02, 01/11 - 31/12";"+32 13 31 15 28";"+32 475 66 92 34";"";"provinciedomein.diest@vlaamsbrabant.be";"https://www.vlaamsbrabant.be/diest";"ProvinciedomeinHalveMaanDiest?ref=hl";"";"";"";"Provinciedomein Halve Maan ""Natuurlijk, avontuurlijk"" met zijn schitterend openluchtzwembad en wit zandstrand. Recreatie: zonnen op het strand, trampoline, minigolf, kajak, waterfietsen, natuurwandelingen, bezoek kinderboerderij en nog veel meer. (De prijs voor een kampeerhut bedraagt 40 euro per overnachting. Keukenset: 5 euro, 5de persoon: 5 euro.)";"";"1";"1";"NONE";"1";"1";"0";"0";"1";"0";"1";"Kajakken en waterfietsen.";"0";"1";"1";"0";"0";"1";"0";"zwembad en speeltuinen";"";"";"OUTDOOR";"0";"ACKNOWLEDGED";"2018-03-29 00:00:00";"4";"16";"0";"0";"4";"0";"0";"0";"0";"0";"";"";"";"";"";"";"";"";"";"";"";"";"";"";"";"";"";"";"";"";"";"";"";"";"";"";"";"";"";"";"";"";"";"";"";"";"";"";"";"http://images.visitflanders.org/product/original/212428/e08b48b1-21f4-402c-b17b-5bef45bd75e6.jpg,http://images.visitflanders.org/product/original/212428/6fb68470-011a-4cd2-8ee1-ba41a3dd1913.jpg,http://images.visitflanders.org/product/original/212428/7800ab24-0d3e-41ff-b1e2-9f18f2094616.jpg,http://images.visitflanders.org/product/original/212428/9c1e4865-e042-42c2-8b73-a7fd599da4db.jpg,http://images.visitflanders.org/product/original/212428/ed1a36a2-4e15-453b-8f5c-326130ea7647.jpg,http://images.visitflanders.org/product/original/212428/36bac864-bc79-4490-aa3c-3ff2c6530767.jpg,http://images.visitflanders.org/product/original/212428/cf09e454-586b-4939-96cd-631062b8e062.jpg,http://images.visitflanders.org/product/original/212428/c3c2e16d-f088-4a21-8c06-91677a94de0d.jpg,http://images.visitflanders.org/product/original/212428/1f4649f4-a0cc-4f08-88bc-7d7948bc44c2.jpg,";"http://images.visitflanders.org/product/original/212428/7800ab24-0d3e-41ff-b1e2-9f18f2094616.jpg"
"397156";"CAMPER_TERRAIN";"2025-03-06 11:29:42";"0";"Ravenstein Wijndomein";"Camperpunt Ravenstein";"BASE";"";"KRUISEKESTRAAT";"296";"";"8940";"Wervik";"Wervik";"55644.1740826372";"167286.023275547";"50.8089129";"3.0287534";"";"leieStreek";"";"";"";"";"+32 56 31 32 36";"+32 477 67 49 80";"";"info@wijndomein-ravenstein.be";"https://wijndomein-ravenstein.be/nl/camperpunt/";"";"";"";"";"";"";"";"";"";"";"";"";"";"";"";"";"";"";"";"";"";"";"";"";"";"";"";"";"";"ACKNOWLEDGED";"2023-06-15 00:00:00";"9";"36";"0";"0";"9";"0";"0";"0";"0";"0";"";"";"";"";"";"";"";"";"";"";"";"";"";"";"";"";"";"";"";"";"";"";"";"";"";"";"";"";"";"";"";"";"";"";"";"";"";"";"";"";""
"345758";"CAMPER_TERRAIN";"2025-03-06 10:41:49";"0";"sixtusbos";"sixtusbos";"BASE";"";"NACHTEGAALSTRAAT";"2";"";"8640";"Vleteren";"Vleteren";"33400.8";"177787.51";"50.89872629463967";"2.711149068393392";"";"westhoek";"";"";"";"";"+32 475 90 15 54";"";"";"info@sixtusbos.be";"http://www.sixtusbos.be";"";"";"";"";"";"";"";"";"";"";"";"";"";"";"";"";"";"";"";"";"";"";"";"";"";"";"";"";"";"ACKNOWLEDGED";"2022-02-22 00:00:00";"30";"120";"0";"0";"30";"0";"0";"0";"0";"0";"";"";"";"";"";"";"";"";"";"";"";"";"";"";"";"";"";"";"";"";"";"";"";"";"";"";"";"";"";"";"";"";"";"";"";"";"";"";"";"";""
"222745";"CAMPER_TERRAIN";"2025-03-06 19:32:31";"0";"smart-ijs";"smart-ijs";"BASE";"";"NOORDAKKERSTRAAT";"1A";"";"8750";"Wingene";"Wingene";"72606.60000000001";"196508.86";"51.07353822216033";"3.264450558651245";"";"brugseOmmeland";"0";"";"";"";"";"+32 477 26 96 06";"";"info@smart-ijs.be";"http://www.smart-ijs.blogspot.be/p/camperlogie.html";"";"";"";"";"Patrick en Kevin heten camperliefhebbers  van harte welkom op hun private landelijke camperlogie. Zij wonnen ook de Campercontact-award voor beste camperlocatie in België! De rustige ligging met ijssalon en bistro maken het plaatje af.

Er zijn 6 camperlogies classificatie ""COMFORT"" aan, vergund door Toerisme Vlaanderen.
Elke plaats meet 10m x 4,5m en beschikt over een individuele elektriciteitsaansluiting van 10A en een privé grasterras.

Nu is de prijs 8€ per nacht, vanaf 2020 is de prijs 10€ per nacht.
";"";"1";"0";"NONE";"1";"0";"1";"0";"0";"0";"0";"";"1";"1";"1";"0";"0";"0";"0";"";"";"";"";"0";"ACKNOWLEDGED";"2019-03-08 00:00:00";"6";"24";"0";"0";"6";"0";"0";"0";"0";"0";"";"";"";"";"";"";"";"";"";"";"";"";"";"";"";"";"";"";"";"";"";"";"";"";"";"";"";"";"";"";"";"";"";"";"";"";"";"";"";"http://images.visitflanders.org/product/original/222745/18b1c795-976a-4353-80e8-bdcd65dc29f8.jpg,http://images.visitflanders.org/product/original/222745/e5ef1e06-3970-42a1-8032-5586a2a1f91d.jpg,http://images.visitflanders.org/product/original/222745/e9f8647e-611b-4692-947b-6b40a597774b.jpg,http://images.visitflanders.org/product/original/222745/e0a0f015-96b9-4bf1-9b6e-6f2e8b3a67ba.jpg,http://images.visitflanders.org/product/original/222745/acbcd3a0-f7c1-4b78-8c9d-05120ccc83c4.jpg,http://images.visitflanders.org/product/original/222745/43581ff4-6325-4133-b24b-a8f2c3a220ab.jpg,";""
"302179";"CAMPER_TERRAIN";"2025-03-06 16:19:21";"0";"Sporthal Driebeek";"Sporthal Driebeek";"BASE";"";"DRIEBEEKSTRAAT";"22";"";"9050";"Gentbrugge";"Gent";"107913.8";"192112.08";"51.03765775507991";"3.768714388500681";"";"kunststadGent";"";"";"";"";"";"";"";"";"https://www.bipa.be/camper/belgie/oostvlaanderen/gent/driebeek";"";"";"";"";"";"";"";"";"";"";"";"";"";"";"";"";"";"";"";"";"";"";"";"";"";"";"";"";"";"ACKNOWLEDGED";"2018-08-23 00:00:00";"8";"32";"0";"0";"8";"0";"0";"0";"0";"0";"";"";"";"";"";"";"";"";"";"";"";"";"";"";"";"";"";"";"";"";"";"";"";"";"";"";"";"";"";"";"";"";"";"";"";"";"";"";"";"";""
"385912";"CAMPER_TERRAIN";"2025-06-20 09:24:02";"0";"t Meikensbos camperplaats";"'t Meikensbos camperplaats";"BASE";"";"TIELTSEWEG";"45";"";"8720";"Dentergem";"Dentergem";"79849.03999999999";"185560.86";"50.97605758975555";"3.369877733041045";"";"leieStreek";"";"";"";"";"+32 486 32 06 91";"";"";"campermeikensbos@gmail.com";"http://www.meikensbos.be";"";"";"";"";"";"";"";"";"";"";"";"";"";"";"";"";"";"";"";"";"";"";"";"";"";"";"";"";"";"ACKNOWLEDGED";"2025-05-21 00:00:00";"30";"120";"0";"0";"30";"0";"0";"0";"0";"0";"";"";"";"";"";"";"";"";"";"";"";"";"";"";"";"";"";"";"";"";"";"";"";"";"";"";"";"";"";"";"";"";"";"";"";"";"";"";"";"";""
