"business_product_id";"information_group";"discriminator";"changed_time";"deleted";"name";"street";"house_number";"box_number";"postal_code";"city_name";"main_city_name";"distance";"promotional_region";"x";"y";"lat";"long";"green_key_labeled";"accessibility_label";"closing_period";"next_year_closing_period";"phone1";"phone2";"phone3";"email";"website";"facebook";"twitter";"flickr";"instagram";"product_description";"link_to_accessibility_website";"accessibility_description";"entrance";"route_and_levels";"common_toilet";"allergies";"experience";"extra_facilities";"food_allergy";"deaf";"auditive";"mental";"motor";"blind";"visual";"autism";"food_allergy_desc";"allergies_desc";"deaf_desc";"auditive_desc";"mental_desc";"motor_desc";"blind_desc";"visual_desc";"autism_desc"
"398519";"ACTIVITY";"SPA_OR_WELLNESS";"2025-03-06 20:47:30";"0";"Badhuis Lavendula";"SCHRAAGVELD";"7";"";"9160";"Lokeren";"Lokeren";"";"waasland";"119004.4013012678";"201455.8913415521";"51.122349";"3.926045";"";"";"";"";"+ 32 496 23 88 11";"";"";"info@badhuislavendula.be";"https://www.badhuislavendula.be";"";"";"";"";"";"";"Uniek in Oost-Vlaanderen, een privé wellness die volledig toegankelijk is. Er is aan alles gedacht: een hellend vlak tot aan de ingangsdeur, drempelloze deuren, brede deuren aan hammam, finse sauna en infraroodsauna. Inrijdouche met mogelijkheid tot gebruik van een doucherolstoel. Zwembadlift aan het verwarmd binnenzwembad. Aangepaste wastafel en toilet. Stopcontacten op hoogte. Voldoende ruimte om in voort te bewegen. Tillift aan het daybed van de pergola in de tuin. Waternoodles en drijvend materiaal aanwezig. Je kan er ook een zorgmassage boeken, dat is extra genieten!";"";"";"";"";"";"";"";"";"";"";"1";"";"";"";"";"";"";"";"";"";"";"";""
"276869";"ACTIVITY";"EXCURSION_OR_DAY_TRIP";"2025-03-07 01:18:46";"0";"Bezoekerscentrum “Duvel Depot”";"Breendonkdorp";"66";"";"2870";"Puurs";"Puurs-Sint-Amands";"";"scheldeland";"147027.87";"192494.41";"51.04259819987163";"4.326392287283246";"";"";"";"";"+32 3 866 95 21";"";"";"brouwerijbezoek@duvel.be";"http://www.duvel.com";"";"";"";"";"De productie van Duvel begon in 1923 met een paar kratten. Vandaag genieten talloze bierliefhebbers over de hele wereld (in meer dan 60 landen) van dit bier. Het wordt nog steeds gebrouwen met het grootste respect voor het originele recept en de rijpingsperiode. Bezoekers kunnen kiezen voor een standaard bezoek, een bezoek met een bierproeverij of een bezoek met foodpairing (bier en kaas).";"";"Brouwerij Duvel Moortgat biedt je verschillende brouwerij-ervaringen. Kom je graag eens langs voor een rondleiding op de site, of laat je graag je zintuigen eens prikkelen met een tasting? Ben je een volledige leek of reikt je kennis toch al iets verder? Je ontdekt ongetwijfeld wat je zoekt.";"";"De ingang is drempelloos toegankelijk. ";"De lift naar de verdieping is eerder klein, maar toegankelijk met een standaard manuele rolstoel. Van de te bezoeken ruimtes is enkel de bottelarij niet toegankelijk. Andere ruimtes bereik je via de lift en via hellingen. De ruimtes met uitleg over het brouwproces, zicht op gisting en lagering, film op moutzolder, winkel en café zijn toegankelijk (met hulp). ";"0";"";"Er is een ruim aangepast toilet met beugels, al is de vaste beugel moeilijk bruikbaar.";"0";"0";"0";"0";"1";"0";"0";"0";"";"";"";"";"";"";"";"";""
"276868";"ACTIVITY";"EXCURSION_OR_DAY_TRIP";"2025-03-06 16:42:51";"0";"Bezoekerscentrum en stoeterij brouwerij Palm";"Steenhuffeldorp";"3";"";"1840";"Steenhuffel";"Londerzeel";"";"groeneGordel";"142985.03";"187383.03";"50.99661893878213";"4.268845575321181";"";"";"";"";"+32 52 31 74 11";"";"";"info@palm.be";"http://www.palm.be";"";"";"";"";"De groep van Palm Belgian Craft Brewers heeft heel wat gekende bieren onder haar vleugels. Het bier Palm zelf ken je natuurlijk van het Brabants trekpaard dat het logo siert. Naast een bezoek aan de brouwerij, het eigen hopveld en het bezoekerscentrum kan je ook de raspaarden  gaan bewonderen in de stoeterij Diepensteyn.

";"";"Brouwerij Palm/De Hoorn heeft heel wat gekende bieren zoals Palm en Cornet onder haar vleugels. Naast een bezoek aan de brouwerij, het eigen hopveld en het bezoekerscentrum kan je ook de raspaarden  gaan bewonderen in de stoeterij Diepensteyn.";"";"Enkel het bezoekerscentrum en de stoeterij zijn toegankelijk, de rest van de brouwerij niet. ";"";"0";"";"Er is een aangepast toilet dat bruikbaar is met hulp. ";"0";"0";"0";"0";"1";"0";"0";"0";"";"";"";"";"";"";"";"";""
"212360";"ACTIVITY";"EXCURSION_OR_DAY_TRIP";"2025-07-06 22:50:28";"0";"Bezoekerscentrum van de Hagelandse wijn";"Kerkstraat";"16";"";"3111";"Wezemaal";"Rotselaar";"";"hageland";"177175.85";"182047.84";"50.94806236442257";"4.755466098740622";"0";"BASIC";"Geen";"";"+32 16 61 64 40";"";"";"toerisme@rotselaar.be";"https://www.rotselaar.be/bezoekerscentrum-van-de-hagelandse-wijn-1";"";"";"";"";"Toeristisch infokantoor met thematisch bezoekerscentrum. In dit onthaalkantoor draait alles rond de wijnteelt in het Hageland. Men vindt er een toeristische kaart met de vermelding van alle wijnbouwers uit de regio, een maquette van de historische wijngaardberg met aandacht voor de natuurwaarden en het microklimaat en een ruimte om bezoekers te ontvangen die eveneens dienst kan doen als tentoonstellingsruimte.";"";"Wie de Hagelandse wijn en het Hageland wil leren kennen raden wij een bezoek aan Wezemaal en het wijnbezoekerscentrum aan.";"";"Misschien heb je wat hulp nodig op een drempel op het voetpad. Er is een toegankelijke ingang aan de achterzijde. Er is een goed onderrijdbare balie aanwezig.";"De ruimte voor de lift  is nipt, maar bruikbaar. De oproepknop  is wat moeilijker bereikbaar, maar de lift is verder goed bruikbaar.";"0";"";"De circulatieruimte in het toilet is wat nipt, maar wel bruikbaar. Er is voldoende opstelruimte voor en naast het toilet en beugels zijn voorzien.";"0";"0";"0";"0";"1";"1";"1";"0";"";"";"";"";"";"";"Van de film over wijnbouw in het Hageland werd een versie met voice over gemaakt voor blinden en slechtzienden. ";"";""
"298008";"ACTIVITY";"EXCURSION_OR_DAY_TRIP";"2020-06-02 18:03:08";"1";"Bourgogne Des Flandres";"Kartuizerinnenstraat";"6";"";"8000";"Brugge";"Brugge";"";"kunststadBrugge";"70153.16";"211367.27";"51.20673382212288";"3.226251666936173";"";"INFORMATION_AVAILABLE";"";"";"+ 32 50 33 54 26";"";"";"info@bourgognedesflandres.be";"http://www.bourgognedesflandres.be/";"";"";"";"";"Na bijna 60 jaar is Bourgogne des Flandres terug in de Brugse binnenstad met een eigen brouwerij. Ga op verkenning in de brouwerij en laat je op zolder verrassen door de geur van het mout en de verse hop. Hier wordt voor je eigen ogen gebrouwen! 
Tijdens het bezoek ontdek je op eigen houtje meer over de ingrediënten en het brouwproces, maar kan je ook digitaal leren tappen of naar huis gaan met met jouw foto op de fles! Afsluiten doe je uiteraard met een gratis Bourgogne des Flandres met een uniek zicht op de Brugse reitjes … Voor groepen is er eveneens de mogelijkheid om een 'blending sessie' aan te vragen, waarin de perfecte Bourgogne des Flandres kunt samenstellen volgens je eigen smaak.";"https://toevla.vlaanderen.be/publiek/nl/register/detail/6147";"
Na bijna 60 jaar is Bourgogne des Flandres terug in de Brugse binnenstad met een eigen brouwerij. Ga op verkenning in de brouwerij en laat je op zolder verrassen door de geur van het mout en de verse hop. Hier wordt voor je eigen ogen gebrouwen!  Tijdens het bezoek ontdek je op eigen houtje meer over de ingrediënten en het brouwproces, maar kan je ook digitaal leren tappen of naar huis gaan met jouw foto op de fles. Afsluiten doe je uiteraard met een gratis Bourgogne des Flandres met een uniek zicht op de Brugse reitjes.  
";"";"Aan de toegangsdeur zijn er 2 treden, maar rolstoelgebruikers kunnen de toegang tot de Brasserie nemen. Die is voldoende breed en drempelloos. ";"Enkel de multimediazaal (+1) en de tentoonstellingsruimte op de zolderverdieping (+2) zijn rolstoeltoegankelijk. Een medewerker helpt je om met de lift de verdiepingen te bereiken. Je kan hulp nodig hebben op enkele hellingen.";"0";"";"In het aangepast toilet is de draairuimte beperkt, maar je hebt voldoende opstelruimte aan het toilet. De wastafel is klein en de steunbeugel is moeilijk bruikbaar. 
";"0";"0";"0";"0";"1";"0";"0";"0";"";"";"";"";"";"";"";"";""
"276541";"ACTIVITY";"EXCURSION_OR_DAY_TRIP";"2025-07-06 22:53:12";"0";"Brouwerij Boon";"FONTEINSTRAAT";"65";"";"1502";"Lembeek";"Halle";"";"groeneGordel";"139477.346251112";"155724.0137642436";"50.711983";"4.219762";"";"";"";"";"+32 2 356 66 44";"";"";"toerisme@boon.be";"http://www.boon.be";"";"";"";"";"De eerste sporen van de huidige brouwerij Boon gaan terug tot 1680. In dat jaar kocht J.B. Claes een boerderij om er zijn eigen brouwerij-stokerij te vestigen. In 1975 koopt Frank Boon de brouwerij en vormt de oude geuzestekerij om tot een moderne lambiekbrouwerij die de eeuwenoude traditie in ere houdt. Lambiek van superieure kwaliteit moet worden bewaard in houten vaten. De brouwerij heeft meer dan 100 vaten die horizontaal liggen te rusten.

";"";"Bezoeken aan Brouwerij Boon: schrijf je online in via www.boon.be voor één van de gegidste rondleidingen. Mogelijkheden voor kleine of grote groepen zijn er op donderdag, vrijdag en zaterdag. De duur van het bezoek bedraagt +/- 90 min, inclusief degustatie van 3 bieren. Rondleidingen zijn mogelijk in het Nederlands, Frans en Engels.";"";"";"Het traject van de rondleiding is niet rolstoeltoegankelijk. Wel is de benedenverdieping via een alternatief bezoekerscircuit te bezoeken. Dit maakt ongeveer 1/2 uit van het te bezoeken deel van de brouwerij.";"0";"";"";"0";"0";"0";"0";"1";"0";"0";"0";"";"";"";"";"";"";"";"";""
"385973";"ACTIVITY";"EXCURSION_OR_DAY_TRIP";"2025-03-06 18:13:59";"0";"Brouwerij Bourgogne des Flandres";"KARTUIZERINNENSTRAAT";"6";"";"8000";"Brugge";"Brugge";"";"kunststadBrugge";"70223.14602548027";"211320.0386266187";"51.2068595886";"3.2259624004";"";"";"";"";"+32 50 33 54 26";"";"";"visits@bourgognedesflandres.be";"https://www.bourgognedesflandres.be";"";"";"";"";"";"";"In deze romantische brouwerij ontmoet je de Brouwer himself die je leert hoe 2 van de meest ambachtelijke bieren geblend worden tot de iconische Bourgogne des Flandres.";"";"De toegang tot de brouwerij is drempelloos bereikbaar via de ingang van de brasserie.";"";"";"";"Het aangepast toilet bereik je door de lift te nemen.";"";"";"";"";"1";"";"";"";"";"";"";"";"";"";"";"";""
"276543";"ACTIVITY";"EXCURSION_OR_DAY_TRIP";"2025-03-06 16:14:27";"0";"Brouwerij Gruut";"REMBERT DODOENSDREEF";"";"";"9000";"Gent";"Gent";"";"kunststadGent";"105321.2448986998";"194270.7388192685";"51.057402";"3.730239";"";"";"";"";"+32 9 269 02 69";"";"";"booking@gruut.be";"http://www.gruut.be";"";"";"";"";"Stadsbrouwerij Gruut ligt in het centrum van Gent. Ze is bijzonder omdat er geen hop wordt gebruikt, maar 'gruyt' of 'gruut', een kruidenmengsel. De brouwerij werd door Annick De Splenter in 2009 opgericht. Van jongs af aan werd ze ingewijd in de wondere wereld van gisting en bier. De liefde voor het brouwen zit duidelijk in de genen, want zowel langs moeders- als langs vaderszijde was men actief in de brouwerijwereld. Vandaag combineert ze moderne technologie met eeuwenoude traditie.

";"";"De Gentse stadsbrouwerij Gruut werd door Annick De Splenter opgericht in april 2009 aan de Grote Huidevettershoek te Gent. Van jongs af aan werd ze ingewijd in de wondere wereld van gisting en bier. De liefde voor het brouwen zit Annick duidelijk in de genen, want zowel langs moeders- als langs vaderszijde was men actief in de brouwerijwereld. Denk maar aan de merknamen: Young Pale Ale uit Gistel en Dentergems Wit, Liefmans of Lucifer uit Dentergem. De uitzonderlijke eigenschap van vier van onze Gentse Gruuten bestaat er in dat er zonder hop wordt gebrouwen. Het onderzoek naar alternatieven ter vervanging van het hopkruid ging natuurlijk niet zonder slag of stoot. Een cursus biochemie en enkele samenwerkingsverbanden met verschillende universiteiten later zag het Gentse stadsbier het levenslicht. Er bestaan 5 verschillende variaties: Gentse Gruut Wit, Gentse Gruut Blond, Gentse Gruut Amber, Gentse Gruut Bruin en Gentse Gruut Inferno. Wil jij de historiek van Gruut leren kennen? Met ons ruim aanbod van verschillende formules is er voor iedereen wel iets in de aanbieding: Gruutse brouwerijbezoek, workshop bieralchemist, boottochtjes maken of een lekker Gents dinertje. Zelfs een combinatie van deze opties is mogelijk. Voor meer info kan je surfen naar www.gruut.be of mailen naar booking@gruut.be.";"";"De nieuwe locatie is toegankelijk voor rolstoelgebruikers. ";"";"0";"";"Er is een aangepast toilet.";"0";"0";"0";"0";"1";"0";"0";"0";"";"";"";"";"";"";"";"";""
"276571";"ACTIVITY";"EXCURSION_OR_DAY_TRIP";"2025-03-06 11:35:06";"0";"Brouwerij Gulden Spoor";"Heulestraat";"170";"";"8560";"Wevelgem";"Wevelgem";"";"leieStreek";"69149.21000000001";"170959.7";"50.84342430004907";"3.220816763264108";"";"";"";"";"+32 56 44 41 08";"";"";"info@guldenspoor.be";"http://www.guldenspoor.be";"";"";"";"";"De brouwerij werd in 2003 opgericht onder de naam ‘t Brouwkot, nadat een schuur werd gerenoveerd om te voldoen aan alle hygiënevoorschriften in verband met voedselveiligheid. De brouwers willen een product van hoge kwaliteit afleveren. Ze gebruiken daarom enkel ingrediënten uit de streek en brouwen hun bieren nog steeds op traditionele wijze, en dat in tijden van massaproductie. In 2009 werd de brouwinstallatie uitgebreid en omgedoopt tot “Gulden Spoor”, een verwijzing naar de Leiestreek.";"http://toevla.vlaanderen.be/publiek/nl/register/detail/5009";"Brouwerij Gulden Spoor is ontstaan uit restaurant 't Rusteel, dat destijds gekend was als het café met 300 soorten bier. 't Rusteel groeide uit tot een bierminded restaurant, en dankzij deze groei kon ook de brouwerij blijven verbeteren. Sinds 2014 is de brouwerij verhuisd naar een moderne nieuwbouw om met nieuwe technieken en vakmanschap heel wat ambachtelijke bieren te ontwikkelen. Als familiebedrijf gebeurt alles transparant met een leuke sfeer en zicht op de toekomst. De locatie naast het restaurant geeft de mogelijkheid om rondleidingen te krijgen met lekkere hapjes, tot aansluitende menu's.";"";"Je kan hulp nodig hebben op de bolle kasseien en dwarshelling van het toegangspad. Aan de ingang is er een drempeltje van 4 cm. Verder is de brouwerij goed toegankelijk. ";"";"0";"";"Er is geen aangepast toilet.";"0";"0";"0";"0";"1";"0";"0";"0";"";"";"";"";"";"";"";"";""
"276567";"ACTIVITY";"EXCURSION_OR_DAY_TRIP";"2025-07-06 22:53:13";"0";"Brouwerij Omer Vander Ghinste";"Brouwtorenstraat ";"5";"";"8510";"Bellegem";"Kortrijk";"";"leieStreek";"73149.09";"163521.83";"50.77711141549548";"3.279147869340648";"";"";"";"";"+32 56 23 51 71";"";"";"visit@omer.be";"http://www.omervanderghinste.be";"";"";"";"";"In mei 1892 koopt Remi Vander Ghinste voor zijn zoon Omer een woonhuis met bijbehorende gebouwen van een brouwer. Datzelfde jaar nog rollen de eerste vaten Ouden Tripel over de Bellegemse kasseien. Wanneer de pils aan zijn opmars begint, ontwikkelt de brouwerij haar eigen pilsbier dat wordt verkocht onder de naam Ghinst pils. Het bier wordt later omgedoopt tot Bockor, een samentrekking van het Duitse woord “Bock” en het Franse woord “or”, het gouden bier dus. In 1970 lanceert de brouwerij verschillende geuzes en fruitbieren. Voor het grote succes is het wachten tot eind 2008, wanneer de combinatie van 120 jaar vakmanschap en vijf generaties brouwtraditie leidt tot het ontstaan van Omer, een blond bier van hoge gisting. Om de familietraditie te benadrukken verandert de brouwerij haar naam in Omer Vander Ghinste.

";"";"Brouwerij Omer Vander Ghinste uit Bellegem is een familiale, zelfstandige brouwerij opgericht in 1892.  Zij brouwt in het totaal 11 verschillende bieren, waaronder o.a. OMER. Traditional Blond, LeFort & Tripel LeFort, Kriek Max, Bockor,...  Met heel wat bieren mocht de brouwerij al verscheidene internationale erkenningen en medailles binnenhalen zoals die van ‘Beste Tripel Ter Wereld’. ";"";"";"Enkel de productie en brouwerijtoren (via een lift van 90 x 220 cm) zijn toegankelijk met hulp, de rest van de brouwerij niet. ";"0";"";"Er is geen aangepast toilet.";"0";"0";"0";"0";"1";"0";"0";"0";"";"";"";"";"";"";"";"";""
"276870";"ACTIVITY";"EXCURSION_OR_DAY_TRIP";"2025-07-06 22:54:06";"0";"Brouwerij Rodenbach";"Spanjestraat";"133";"";"8800";"Roeselare";"Roeselare";"";"leieStreek";"63657.25615238033";"182406.447626465";"50.946058";"3.138873";"";"";"";"";"+32 51 27 27 00";"";"";"info@rodenbach.be";"http://www.rodenbach.be";"";"";"";"";"De historische architectuur maakt van deze brouwerij de perfecte plaats om Rodenbach te brouwen. De bezoekers kunnen tijdens een rondleiding in deze bijzondere brouwerij het volledige brouwproces volgen van begin tot eind. De nieuwe brouwzaal werd gebouwd in 2002, in glas, zodat de bezoekers de installatie vanaf de binnenplaats kunnen zien. Er is ook een interactief museum over het bier en de familie Rodenbach.

";"";"Rodenbach is het uniek Vlaams Rood-Bruin Bier, erkend als Traditioneel Streekproduct. 

De gemengde hoofdgisting en de rijping op eikenhouten vaten (foeders) geven het een zachtzure smaak en complexe fruitigheid net als wijn. Is je nieuwsgierigheid gewekt? Breng de brouwerij dan zeker een bezoekje.";"";"";"Hulp is nodig op verschillende (steile) hellingen buiten en binnen. Er is een drempeltje van 4 cm aan de ingang en verder in het bezoek nog een drempel van 7 cm. Via een goede lift bereik je de verdiepingen, waaronder het panoramaniveau. De Moutast is niet toegankelijk, net als de foederkelders. 1 ruimte met foedervaten kan je wel bezoeken, nadien verlaat je de groep en zie je hen terug in de degustatieruimte. Daar zijn de tafels onderrijdbaar. ";"0";"";"Het aangepast toilet is voldoende ruim, maar beugels ontbreken. De wastafel is wat moeilijker bruikbaar.";"0";"0";"0";"0";"1";"0";"0";"0";"";"";"";"";"";"";"";"";""
"298070";"ACTIVITY";"EXCURSION_OR_DAY_TRIP";"2025-07-06 22:54:11";"0";"Brouwerij Sint-Bernardus";"TRAPPISTENWEG";"23";"";"8978";"Watou";"Poperinge";"";"westhoek";"28255.13394004545";"171451.3057239754";"50.841263";"2.638903";"";"";"";"";"+3257388021";"";"";"info@sintbernardus.be";"http://www.sintbernardus.be";"";"";"";"";"Brouwerij Sint Bernardus ligt in het hart van “Le Plat Pays”, de West-Vlaamse hopstreek in de buurt van de Franse grens. Sinds 1946 worden hier de nobele St. Bernardusbieren gebrouwen. De geschiedenis van de brouwerij is nauw verbonden met die van twee trappistengemeenschappen. Haar naam is afkomstig van de trappisten van Catsberg in het Franse Godewaersvelde. De knowhow en originele recepten dankt de brouwerij aan de trappisten van Westvleteren. De donkere en blonde abdijbieren worden gebrouwen met eigen gist, met eigen hop van het hopveld vlak naast de brouwerij en met mout van de beste kwaliteit. De brouwerij brouwt nog steeds hetzelfde bier met hetzelfde recept, maar onder een andere merknaam: St.Bernardus.";"";"De ‘Brewery Tour’, een nieuwe interactieve bezoekersbeleving, waarbij je op eigen tempo het unieke verhaal van St.Bernardus kan ontdekken. Je wordt ondergedompeld in de geschiedenis van de brouwerij, het brouwproces en krijgt een exclusieve blik achter de schermen. Verwacht je aan een zintuigprikkelende, audiovisuele ervaring met als afsluiter de vanzelfsprekende bierdegustatie in Bar Bernard! Enkel de nieuwe brouwzaal is niet toegankelijk voor rolstoelgebruikers. Maar dat betekent niet dat je als rolstoelgebruiker of minder mobiel persoon dit deel van het brouwerijverhaal moet missen. Het brouwproces wordt in de audioguide en op pancartes toegelicht op een plek die wel toegankelijk is. Een overzicht van alle toegankelijkheidsinformatie vind je op www.sintbernardus.be/nl/brouwerij/bezoek/toegankelijkheid.";"";"Van aan de parkeerplaats tot aan de inkom moet ongeveer 150 meter overbrugd worden. Op dit toegangspad bevindt zich een gedeelte aangelegd in kasseien. Voor de inkom is een schuine helling aanwezig. Je betreedt het gebouw vervolgens via een automatische deur.
Er is een niet-onderrijdbare balie aanwezig met een behulpzame medewerker die jou graag een plan bezorgt met een parcours op maat voor de rolstoelgebruiker. Aan het onthaal is zitgelegenheid aanwezig.";"Het parcours van de bezoekersbeleving loopt over twee verdiepingen. Als rolstoelgebruiker of minder mobiele bezoeker kan je gebruik maken van hefplatformen om alle trappen te vermijden. De te volgen route is duidelijk gesignaleerd door middel van pijlen en extra belichting.";"";"";"In de onthaalruimte van de Brewery Tour bevindt zich aangepast sanitair.";"";"1";"1";"";"1";"1";"1";"";"";"";"Er is een brochure beschikbaar met de uitgeschreven versie van het audioparcours.";"";"";"";"Er is een audiogids aanwezig in 4 talen (Nederlands, Frans, Engels en Duits).";"";""
"276544";"ACTIVITY";"EXCURSION_OR_DAY_TRIP";"2025-03-06 15:53:23";"0";"Brouwerij Timmermans";"Kerkstraat";"11";"";"1701";"Itterbeek";"Dilbeek";"";"groeneGordel";"141519.5973998726";"169912.9625804853";"50.840112";"4.247092";"";"";"";"";"+32 2 569 03 57";"";"";"timmermans@johnmartin.be";"http://www.brtimmermans.be";"";"";"";"";"Reeds meer dan 300 jaar zet Brouwerij Timmermans de echte lambiek traditie voort. Dit unieke bier wordt op basis van 30% lokale tarwe gebrouwen in de oudste nog actieve lambiekbrouwerij te Itterbeek. Aan de oorsprong van het bier ligt een klein wonder: de micro-organismen in de lucht in Pajjotenland komen in de mout terecht waardoor spontane gisting op gang komt. Een unieke ervaring om jezelf onder te dompelen in de wereld van lambiek en Oude Geuze.  Je reis begint in de brouwzaal met zijn historische roerkuip en zijn madammen, zijn graanbreker, het grootste originele koelship in de regio en een lambiekbrouwmuseum.  Het bezoek wordt afgesloten met een proeverij van onze bieren en de mogelijkheid tot aankopen.";"";"Reeds meer dan 300 jaar zet Brouwerij Timmermans de echte lambiek-traditie voort. Een unieke ervaring om jezelf onder te dompelen in de wereld van lambiek en Oude Geuze. Je reis begint in de brouwzaal met zijn historische roerkuip en zijn madammen, zijn graanbreker, het grootste originele koelship in de regio en een lambiekbrouwmuseum. Het bezoek wordt afgesloten met een proeverij van onze bieren en de mogelijkheid tot aankopen.";"";"Je komt binnen via een grote zaal waar rolstoelgebruikers probleemloos binnen kunnen. ";"De rondgang van de brouwerij bestaat uit veel trappen, enkel de benedenverdieping is toegankelijk voor rolstoelgebruikers. ";"0";"";"Er is een aangepast toilet dat bruikbaar is met hulp.";"0";"0";"0";"0";"1";"0";"0";"0";"";"";"";"";"";"";"";"";""
"276583";"ACTIVITY";"EXCURSION_OR_DAY_TRIP";"2025-03-06 23:24:22";"0";"Brouwerijbezoek De Kroon";"Beekstraat";"20";"";"3040";"Neerijse";"Huldenberg";"";"groeneGordel";"168001.84";"167245.71";"50.81536278361835";"4.624197481308542";"";"";"";"";"+32 16 43 94 72";"";"";"eetcafe@brouwerijdekroon.be";"www.brouwerijdekroon.be";"";"";"";"";"De familie Delvaux heeft de oude gebouwen van brouwerij De Kroon nieuw leven ingeblazen. Vader Freddy en zoon Filip worden internationaal beschouwd als autoriteiten op het vlak van speciaalbieren en geven technologisch advies aan meer dan 20 brouwerijen uit de Belgische top 30. Samen met andere zoon Peter werd er een project uitgebouwd waarin brouwkunst en smaakbeleving centraal staan. In de nieuwe brouwerij De Kroon kan de familie Delvaux haar passie voor speciaalbieren ten volle demonstreren. De bieren worden hier zorgvuldig bewaakt, bedacht, gemaakt, gedronken en gepromoot. De brouwerij is een ongewone combinatie van wetenschap, brouwkunst, toerisme en gastronomie een creatief familiebedrijf in een historisch kader.

";"";"In de nieuwe brouwerij De Kroon kan de familie Delvaux haar passie voor speciaalbieren ten volle demonstreren. De brouwerij is een ongewone combinatie van wetenschap, brouwkunst, toerisme en gastronomie. Een creatief familiebedrijf in een historisch kader!";"";"Je kan hulp gebruiken op de kasseien van de binnenkoer. Verder is het nieuw gedeelte van de brouwerij plus de verbruikszaal vlot toegankelijk. Het oude deel van de brouwerij is niet toegankelijk. ";"";"0";"";"Er is een goed aangepast toilet.";"0";"0";"0";"0";"1";"0";"0";"0";"";"";"";"";"";"";"";"";""
"276538";"ACTIVITY";"EXCURSION_OR_DAY_TRIP";"2025-03-06 20:05:30";"0";"Brouwerijbezoek Dilewyns";"Vlassenhout";"5";"";"9200";"Dendermonde";"Dendermonde";"";"scheldeland";"133223.25";"191392.61";"51.03246132982392";"4.129614522424185";"";"INFORMATION_AVAILABLE";"";"";"+32 52 20 18 57";"";"";"info@vicaris.be";"http://www.vicaris.be";"";"";"";"";"Brouwerij Dilewyns werd opgericht door Vincent Dilewyns die, als telg uit een brouwersfamilie, alles weet wat er te weten valt over bier en het brouwproces ervan. Hij brouwde zijn eerste bier op 11 december 1999. Eerst werd de Tripel op punt gebracht, nadien volgde de Generaal. De Vicaris was geboren. In het begin was Vincent niet van plan om zijn brouwsels te verkopen. Omdat ze echter almaar meer succes kenden, nam hij contact op met een proefbrouwerij om er de Vicarisbieren onder licentie te laten brouwen. In maart 2010 werd een nieuw stukje geschiedenis geschreven toen Vincent een pand kocht in de industriezone van Dendermonde: een stevige basis voor de toekomst. In 2011 brouwde hij zijn eerste bier in de nieuwe installatie. Het logo met een paard en 4 meisjes verwijst naar vader Vincent met zijn vier dochters.";"";"Brouwerij Dilewyns is een familiebrouwerij die voortkomt uit de passie voor bier van oprichter Vincent Dilewyns en zijn vier dochters. 
In 2005 zijn de eerste Vicarisbieren geboren. Na  enkele succesvolle jaren als hobbybrouwer startte familie Dilewyns in 2010 hun eigen brouwerij op in Dendermonde. 
Op vandaag staan vader Vincent en dochter Claire aan het roer van de brouwerij die staat voor ambachtelijke kwaliteitsbieren van hoge gisting.  
PUUR: Brouwerij Dilewyns brouwt 100% natuurlijk met slechts vier basis-ingrediënten:  water, mout, hop en gist. Niets meer en niets minder. Dat proef je!
Familiaal: Het enige bier ter wereld gebrouwen door een vader en zijn vier dochters. Een échte familiezaak met passie. Dat voel je!
Authentiek: Met liefde en volgens traditie gebrouwen, geduldig 14 weken laten rijpen. Ongefilterd en niet gepasteuriseerd. Dat merk je!";"";"";"De ingang, productieruimte, magazijn en shop (enkel route via magazijn naar shop, de deur van de shop is 78 cm breed) zijn toegankelijk. Grotendeels comfortabel toegankelijk. De degustatieruimte op +1 is enkel met de trap bereikbaar, maar van zodra er iemand met een beperking bij is wordt de degustatie beneden gedaan. ";"0";"";"Er is geen aangepast toilet.";"0";"0";"0";"0";"1";"0";"0";"0";"";"";"";"";"";"";"";"";""
"276557";"ACTIVITY";"EXCURSION_OR_DAY_TRIP";"2025-03-06 15:53:24";"0";"Brouwerijbezoek huisbrouwerij Domus";"Tiensestraat";"8";"";"3000";"Leuven";"Leuven";"";"kunststadLeuven";"173511.9";"174295.29";"50.87853529095653";"4.70283241072815";"";"";"";"";"+ 32 16 20 14 49";"";"";"info@domusleuven.be";"http://domusleuven.be/nl/";"";"";"";"";"In en rond het jaar 1900 telde België meer dan 4000 brouwerijen. De meeste bieren die toen werden gebrouwen waren streekbieren en sommige werden enkel geserveerd in de lokale cafés. Sinds september 1985 brouwt huisbrouwerij Domus in de Tiensestraat te Leuven haar eigen ouderwetse, heerlijke bieren, zonder additieven en met kleinschalige apparatuur. Een huisbrouwerij is een kleine brouwerij die rechtstreeks verbonden is aan een café, waar bierliefhebbers de brouwsels in optimale omstandigheden kunnen proeven.";"https://toevla.vlaanderen.be/publiek/nl/register/detail/96";"In en rond het jaar 1900 telde België meer dan 4000 brouwerijen. De meeste bieren die toen werden gebrouwen waren streekbieren en sommige werden enkel geserveerd in de lokale cafés. Sinds september 1985 brouwt huisbrouwerij Domus in de Tiensestraat te Leuven haar eigen ouderwetse, heerlijke bieren, zonder additieven en met kleinschalige apparatuur.";"";"Eetstaminee Domus is langs de ingang aan de Eikstraat rolstoeltoegankelijk. ";"Domus Brauhaus is deels toegankelijk via een helling als je door deuren van 76 cm breed kan. In de Brauhaus is er een erg steile helling naar de brouwketels. ";"0";"";"Op de benedenverdieping, langs ingang Eikstraat, is er een aangepast toilet. De opstelruimte naast het toilet is beperkt en de wastafel is moeilijk bruikbaar.";"0";"0";"0";"0";"1";"0";"0";"0";"";"";"";"";"";"";"";"";""
"276542";"ACTIVITY";"EXCURSION_OR_DAY_TRIP";"2025-03-06 16:42:44";"0";"Brouwerijbezoek Huyghe";"Geraardsbergsesteenweg ";"";"";"9090";"Melle";"Merelbeke-Melle";"";"scheldeland";"110058.8483640121";"186729.9865180654";"50.989968";"3.798632";"";"";"";"";"+32 9 252 15 01";"";"";"dan.lemmens@skynet.be";"http://www.delirium.be";"";"";"";"";"Brouwerij Huyghe, ook bekend als brouwerij Delirium Tremens, is een grote Belgische familiebrouwerij te Melle, Oost-Vlaanderen. Ze werd in 1906 opgericht door Leon Huyghe. Hier wordt al bier gebrouwen sinds 1654, waarmee het de oudste werkende brouwerij uit de streek rond Gent is. Na het bezoek weet u alles over de roze olifant, het symbool van de brouwerij.";"";"Brouwerij Huyghe, ook bekend als brouwerij Delirium Tremens, is een grote Belgische familiebrouwerij te Melle, Oost-Vlaanderen. Ze werd in 1906 opgericht door Leon Huyghe. Hier wordt al bier gebrouwen sinds 1654, waarmee het de oudste werkende brouwerij uit de streek rond Gent is. Na het bezoek weet u alles over de roze olifant, het symbool van de brouwerij.";"";"";"De bottelarij, vatenafdeling, opslagruimtes en warme kamer zijn toegankelijk met hulp, de andere delen van de brouwerij niet. ";"0";"";"Er is geen aangepast toilet.";"0";"0";"0";"0";"1";"0";"0";"0";"";"";"";"";"";"";"";"";""
"276600";"ACTIVITY";"EXCURSION_OR_DAY_TRIP";"2016-12-12 10:33:23";"1";"Brouwerijbezoek Omer Vander Ghinste";"Kwabrugstraat";"5";"";"8510";"Bellegem";"Kortrijk";"";"leieStreek";"73149.09";"163521.83";"50.77711141549548";"3.279147869340648";"";"";"";"";"+32 56 23 51 71";"";"";"info@omer.be";"www.omervanderghinste.be";"";"";"";"";"Enkel de productie en brouwerijtoren (via een lift van 90 x 220 cm) zijn toegankelijk met hulp, de rest van de brouwerij niet. Er is geen aangepast toilet.";"";"Enkel de productie en brouwerijtoren (via een lift van 90 x 220 cm) zijn toegankelijk met hulp, de rest van de brouwerij niet. Er is geen aangepast toilet.";"";"";"";"0";"";"";"";"0";"";"0";"1";"0";"";"";"";"";"";"";"";"";"";"";""
"299075";"ACTIVITY";"EXCURSION_OR_DAY_TRIP";"2025-03-06 15:05:38";"0";"Brussel voor Allen";"Auguste Renoir straat";"5";"";"1140";"Evere";"Evere";"";"kunststadBrussel";"152941.06";"173414.41";"50.87108809569535";"4.410545904201937";"";"";"";"";"+32 2 705 03 48";"";"";"info@handy.brussels";"https://www.handy.brussels";"";"";"";"";"De website www.Handy.Brussels bevat informatie over de toegankelijkheid van vervoer, ontspanningsmogelijkheden, hotels, restaurants, cafés, musea, attracties, enz voor rolstoelgebruikers, mensen met stapproblemen en mensen met een visuele of een auditieve handicap. Alles werd ter plaatse gecontroleerd. Informatie is beschikbaar in het Frans, Nederlands en Engels.";"";"De website www.Handy.Brussels bevat informatie over de toegankelijkheid van vervoer, ontspanningsmogelijkheden, hotels, restaurants, cafés, musea, attracties, enz voor rolstoelgebruikers, mensen met stapproblemen en mensen met een visuele of een auditieve handicap. Alles werd ter plaatse gecontroleerd. Informatie is beschikbaar in het Frans, Nederlands en Engels.";"";"";"";"0";"";"";"0";"1";"1";"0";"1";"1";"1";"0";"";"";"";"";"";"";"";"";""
"276750";"ACTIVITY";"EXCURSION_OR_DAY_TRIP";"2025-03-06 11:18:47";"0";"De Vlaamse-Ardennenkoets";"Reutelstraat";"10";"";"9772";"Wannegem-Lede";"Kruisem";"";"vlaamseArdennen";"94501.96000000001";"175011.33";"50.88281025677595";"3.580140728627237";"";"";"";"";"+32 497 575 580";"";"";"vlaamseardennengenietendbeleven@hotmail.com";"http://www.vlaamseardennenkoets.be";"";"";"";"";"Bij De Vlaamse-Ardennenkoets kan je terecht voor een ritje met koets of huifkar door het mooiglooiendelandschap van de Vlaamse Ardennen, temidden van kastelen en windmolens.  De ruime huifkar van 14 personen is ook volledig aangepast voor rolstoelgebruikers. Voor mobiele personen is er ook een koets (7 pl) en kleine huifkar (10 pl) beschikbaar. Je kan ook een natuurwandeling aanvragen langs de landelijke wegjes die goed verhard en heel rustig zijn. Onderweg proef je van onze artisanale heerlijkheden uit eigen streek.

Er is  ook de mogelijkheid om iemand te verrassen met een geschenkbon voor een huifkartocht of natuurwandeling. Met hun kennis over de streek geeft De Vlaamse-Ardennenkoets je bovendien graag tips over het aanbod op culinair of toeristisch vlak.  Daarnaast is ook een eigen zaaltje tot 30 personen aanwezig waar je in combinatie met een huifkartocht of natuurwandeling een maaltijd kan gebruiken, dit na onderlinge afspraak hierover. ";"";"Met koets of huifkar door het glooiende landschap van de Vlaamse Ardennen, temidden van kastelen en windmolens. De huifkar van 14 personen is rolstoeltoegankelijk, op de koets kunnen 7 en op de kleine huifkar 10 personen. Ritten vanaf 2 u, halve dagtocht of volledige dagtocht mogelijk.";"";"";"";"0";"";"";"0";"0";"0";"0";"1";"0";"0";"0";"";"";"";"";"";"";"";"";""
"399071";"ACTIVITY";"EXCURSION_OR_DAY_TRIP";"2025-03-07 00:13:37";"0";"Drempelvrije fietsuitstap in de Kempen";"KONINGIN ELISABETHLEI";"22";"";"2018";"Antwerpen";"Antwerpen";"";"kunststadAntwerpen";"152963.6375660869";"209916.1935085785";"51.199213";"4.411163";"";"";"";"";"+32 3 240 63 90";"";"";"liesbet.dewit@provincieantwerpen.be";"https://www.provincieantwerpen.be/drempelvrijtoerisme";"";"";"";"";"";"";"De ingrediënten voor een geslaagde fietsuitstap? Een aantrekkelijk traject, veel beleving onderweg, fietscomfort en voldoende stopplekken voor een hapje of een drankje. De Kempenroute, een van de negen icoonfietsroutes in Vlaanderen, heeft het allemaal. Je kan zelf je uitstap samenstellen op www.provincieantwerpen.be/drempelvrijtoerisme.  ";"";"";"";"";"";"";"";"";"";"";"1";"";"";"";"";"";"";"";"";"";"";"";""
"381633";"ACTIVITY";"EXCURSION_OR_DAY_TRIP";"2025-07-06 22:46:05";"0";"Fruitbelevingscentrum stoomstroopfabriek";"Stroopplein";"8";"";"3840";"Borgloon";"Tongeren-Borgloon";"";"haspengouw";"218710.0291759238";"167022.1868916107";"50.810133";"5.342354";"";"";"";"";"+32 12 67 36 53";"";"";"toerisme@borgloon.be";"http://www.stroopfabriek.be";"";"";"";"";"Laat je op deze industriële archeologische site in Borgloon on- derdompelen in het unieke proces van de stroopbereiding, van sappig fruit tot Loonse stroop. Een bezoek met kids? Het fruitbe- levingscentrum heeft een brochure klaar met speelse opdrach- ten. Op strooptocht";"";"De gerestaureerde stroopfabriek van Borgloon is één van de laatste restanten van de industriële verwerking van fruit tot stroop. Je kan er oude installaties bekijken en het proces van ‘stroopstoken’ leren kennen.  In het bezoekerscentrum volg je via leuke belevingsmodules op eigen tempo de weg die een lekker stuk fruit aflegt: van ontluikende vrucht tot de verwerking ervan in streekproducten zoals de Loonse stroop.  In de streekproductenshop kan je al dat lekkers ook kopen om er in je eigen keuken mee aan de slag te gaan! De site is rolstoeltoegankelijk. ";"";"";"";"";"";"";"";"";"";"";"1";"0";"1";"";"";"";"";"";"";"";"Kleurcontrasten en veiligheidsnoppen faciliteren het bezoek voor mensen met een visuele beperking.";"";""
"213199";"ACTIVITY";"EXCURSION_OR_DAY_TRIP";"2019-06-18 14:58:03";"1";"Fruitstreekmuseum Borgloon";"Colenstraat";"1";"";"3840";"Borgloon";"Tongeren-Borgloon";"";"haspengouw";"219801.5136862979";"167517.2438169038";"50.814453";"5.357932";"0";"INFORMATION_AVAILABLE";"";"";"012 74 72 44";"";"";"fruitstreekmuseum.vzw@pandora.be";"www.vzw-fruitstreekmuseum.be";"";"";"";"";"Dit Fruitstreekmuseum is een ecomuseum waarbij de hele regio betrokken is. Het bevindt zich in een zijgebouw op het binnenplein van de abdij Mariënlof (Abdij Colen). Naast het promoten van Zuid-Limburg als fruitstreek en het organiseren van evenementen waarbij fruit een prominente rol speelt tracht men de fruitsite in de abdij verder uit te bouwen met aandacht voor verleden, heden en toekomst van de fruitteelt. Een aantal panelen geven de ganse geschiedenis van de Haspengouwse fruitteelt weer aan de hand van foto's en teksten. Men maakt er ook kennis met de diverse facetten van de moderne fruitteelt. Thema's als het belang van de fruitproductie, fruit en gezondheid, fruit en wetenschap, … worden zeer bevattelijk en educatief geïllustreerd, uitgelegd en getoond. Eén en ander wordt verduidelijkt aan de hand van memorabilia zoals de oudste Europese sorteermachine en de oudste Belgische veilingklok. Verder kan men er op interactieve manier bijkomende informatie opvragen.";"http://www.toegankelijkvlaanderen.be/Accommodatie/mnuAccOverview.aspx?accommodatie=253";"";"";"";"";"";"";"";"";"";"";"";"";"";"";"";"";"";"";"";"";"";"";"";""
"381655";"ACTIVITY";"EXCURSION_OR_DAY_TRIP";"2025-07-06 22:45:19";"0";"Galerie de Bottelarij";"ULBEEKSTRAAT";"21";"";"3832";"Ulbeek";"Wellen";"";"haspengouw";"216175.7847050259";"170490.6864711391";"50.84105";"5.308319";"0";"INFORMATION_AVAILABLE";"";"";"+32 12 21 42 84";"";"";"info@debottelarij.be";"https://debottelarij.be/gasten/eventkalender/";"";"";"";"";"";"";"";"";"";"";"";"";"";"";"";"";"";"";"";"";"";"";"";"";"";"";"";"";"";""
"298076";"ACTIVITY";"EXCURSION_OR_DAY_TRIP";"2020-06-22 06:57:21";"1";"Huisbrouwerij De Halve Maan";"Walplein";"26";"";"8000";"Brugge";"Brugge";"";"kunststadBrugge";"70001.91";"210886.51";"51.20239226076225";"3.224193697506513";"";"INFORMATION_AVAILABLE";"";"";"+ 32 50 44 42 22";"";"";"info@halvemaan.be";"http://www.halvemaan.be";"";"";"";"";"Brugse Zot en Straffe Hendrik zijn twee heerlijke bieren die worden gebrouwen in de enige nog werkende familiebrouwerij van Brugge, De Halve Maan. Deze huisbrouwerij werd opgericht in 1856 en grondig gerenoveerd en gemoderniseerd in 2005. De bezoekers kunnen het brouwproces in levenden lijve meemaken en komen alles te weten over de fascinerende wereld van mout en hop. De brouwerij biedt ook een schitterend panoramisch uitzicht op het mooie middeleeuwse Brugge. Je maakt er bovendien kennis met een wereldprimeur, een pijpleiding die het bier rechtstreeks van de brouwerij vervoert naar de bottelarij drie kilometer verder.";"";"";"";"";"";"0";"";"";"0";"0";"0";"0";"1";"0";"0";"0";"";"";"";"";"";"";"";"";""
"298503";"ACTIVITY";"EXCURSION_OR_DAY_TRIP";"2025-07-06 22:54:17";"0";"Huisbrouwerij De Halve Maan";"Walplein";"26";"";"8000";"Brugge";"Brugge";"";"kunststadBrugge";"70001.91";"210886.51";"51.20239226076225";"3.224193697506513";"";"INFORMATION_AVAILABLE";"";"";"050/44 42 22";"";"";"info@halvemaan.be";"http://www.halvemaan.be";"";"";"";"";"Brugse Zot en Straffe Hendrik zijn twee heerlijke bieren die worden gebrouwen in De Halve Maan, de enige brouwerij in het centrum van Brugge die nog in handen is van een brouwersfamilie. Deze huisbrouwerij werd in 1856 opgericht en werd in 2005 grondig gerenoveerd en gemoderniseerd. Hier kunnen bezoekers het brouwproces uit eerste hand ervaren en meer te weten komen over de fascinerende wereld van malt en hop. De brouwerij biedt tevens een ongelofelijk panoramisch uitzicht over de mooi middeleeuwse stad Brugge.

";"";"Brugse Zot en Straffe Hendrik zijn twee heerlijke bieren die worden gebrouwen in de enige nog werkende familiebrouwerij van Brugge, De Halve Maan. Deze huisbrouwerij werd opgericht in 1856 en grondig gerenoveerd en gemoderniseerd in 2005. De bezoekers kunnen het brouwproces in levenden lijve meemaken en komen alles te weten over de fascinerende wereld van mout en hop. De brouwerij biedt ook een schitterend panoramisch uitzicht op het mooie middeleeuwse Brugge. Je maakt er bovendien kennis met een wereldprimeur, een pijpleiding die het bier rechtstreeks van de brouwerij vervoert naar de bottelarij drie kilometer verder.";"";"De toegang tot het binnenplein en terras is voldoende breed en aangelegd in vlakke kasseien. Als rolstoelgebruiker kan je enkel het binnenplein en het onthaal met de winkel van de brouwerij bereiken. De brasserie, het sanitair en de brouwerij zijn enkel via trappen te bereiken. ";"Tijdens de rondleiding in de brouwerij moeten de bezoekers vele smalle en steile trappen nemen.";"";"";"";"";"";"";"";"";"";"";"";"";"";"";"";"";"";"";"";""
"276562";"ACTIVITY";"EXCURSION_OR_DAY_TRIP";"2025-02-22 11:07:04";"0";"Huisbrouwerij Sint Canarus";"Polderweg ";"2";"";"9800";"Deinze";"Deinze";"";"leieStreek";"86513.7393721088";"184076.8861228051";"50.964022";"3.463782";"";"INFORMATION_AVAILABLE";"";"";"+32 51 63 69 31";"";"";"info@sintcanarus.be";"http://www.sintcanarus.be";"";"";"";"";"Huisbrouwerij Sint Canarus is een kleine maar gezellige huisbrouwerij in de schaduw van de kerk van Zeveren (Deinze). Het vlaggenschip van Sint Canarus is de Sint Canarus Tripel. Daarnaast wordt er ook Potteloereke gebrouwen en gelegenheidsbieren zoals de Maeght van Gottem. Om een extra dimensie toe te voegen aan uw bezoek kunt u ook vragen om het te combineren met een “Breughelmaal”. U proeft dan uitgebreid van de beste plaatselijke boerderijproducten.

";"";"Huisbrouwerij Sint Canarus is een kleine maar gezellige huisbrouwerij in de schaduw van de kerk van Gottem (Deinze). Het vlaggenschip van Sint Canarus is de Sint Canarus Tripel. Daarnaast wordt er ook Potteloereke gebrouwen en gelegenheidsbieren zoals de Maeght van Gottem.";"";"Je hebt hulp nodig op de helling in kasseien naar de ingang. De inkomdeur is bovendien moeilijk zelfstandig te openen. ";"Op de meeste plekken is er voldoende circulatieruimte. De tafels zijn beperkt onderrijdbaar. De brouwketels staan op een locatie op 300m afstand.";"0";"";"Er is een aangepast toilet, maar door beperkte circulatieruimte en het ontbreken van beugels is dit niet voor iedereen bruikbaar.";"0";"0";"0";"0";"1";"0";"0";"0";"";"";"";"";"";"";"";"";""
"276739";"ACTIVITY";"EXCURSION_OR_DAY_TRIP";"2023-10-25 13:29:02";"1";"Koetsen Verdonckt";"Rubberigtsbank";"39";"";"9681";"Nukerke";"Maarkedal";"";"vlaamseArdennen";"98260.17";"162848.63";"50.77382749863415";"3.63524544847585";"";"";"";"";"+32 484 40 43 21";"";"";"koetsen.verdonckt@telenet.be";"http://www.koetsen-verdonckt.be";"";"";"";"";"In het museum kan je zeldzame koetsen bewonderen. Alle rondleidingen gebeuren met een gids, zodat je geen detail uit het oog verliest en al je vragen vakkundig beantwoord worden.";"";"In het museum kan je zeldzame koetsen bewonderen. Alle rondleidingen gebeuren met een gids, zodat je geen detail uit het oog verliest en al je vragen vakkundig beantwoord worden.";"";"";"";"0";"Voor rolstoelgebruikers is er een unieke koets waarmee onder begeleiding een onvergetelijk tochtje kan gemaakt worden.";"";"0";"0";"0";"0";"1";"0";"0";"0";"";"";"";"";"";"";"";"";""
"399072";"ACTIVITY";"EXCURSION_OR_DAY_TRIP";"2025-03-07 00:13:52";"0";"Op Rolletjes: wandelen in de Antwerpse provinciale groen- en recreatiedomeinen";"KONINGIN ELISABETHLEI";"22";"";"2018";"Antwerpen";"Antwerpen";"";"kunststadAntwerpen";"152963.6375660869";"209916.1935085785";"51.199213";"4.411163";"";"";"";"";"+32 3 240 63 65";"";"";"jana.deschepper@provincieantwerpen.be";"";"";"";"";"";"";"";"Op Rolletjes"", kwaliteitsvolle rolstoelwandelingen in onze provinciale groen- en recreatiedomeinen, daar streefden we in samenwerking met Camino vzw naar. Niet enkel heb je keuze in lengte, moeilijkheidsgraad en aangepaste beleving, ook kan je er met een gerust hart een daguitstap van maken inclusief toegankelijke horeca en andere activiteiten. Alle info vind je onder ‘Op Rolletjes’ terug op www.routeyou.be en in de app On Wheels.";"";"";"";"";"";"";"";"";"";"";"1";"";"";"";"";"";"";"";"";"";"";"";""
"383941";"ACTIVITY";"EXCURSION_OR_DAY_TRIP";"2025-03-06 16:05:47";"0";"Reinaertroute (160 km)";"Woodrow Wilsonplein";"2-3";"";"9000";"Gent";"Gent";"";"kunststadGent";"105336.5364477232";"193233.3763057627";"51.048079";"3.730584";"";"";"";"";"+32 9 269 70 70";"";"";"info@routen.be";"https://www.routen.be/toegankelijkheid";"";"";"";"";"";"https://www.toevla.be";"Deze autoroute maakt deel uit van Toegankelijke Routenproducten van Toerisme Oost-Vlaanderen. Het middeleeuwse dierenepos Van den vos Reynaerde is een van de hoogtepunten uit onze literatuur. Het verhaal speelt zich af in het Waasland en een deel van Zeeuws-Vlaanderen, en dat merk je aan de vele standbeelden en rustbanken die naar de sluwe vos verwijzen. Alle (toegankelijkheids)info en de download van de route vind je op bovenstaande website.";"";"";"";"0";"";"";"0";"0";"0";"0";"1";"0";"0";"0";"";"";"";"";"";"";"";"";""
"407292";"ACTIVITY";"EXCURSION_OR_DAY_TRIP";"2025-04-03 10:00:02";"0";"Rendierjagerspad";"";"";"";"3520";"Zonhoven";"Zonhoven";"";"haspengouw";"";"";"";"";"";"";"";"";"";"";"";"toerisme@zonhoven.be";"https://www.rendierjagerspad.be";"";"";"";"";"";"";"Tegenwoordig vind je rendieren alleen nog in het hoge noorden, rond de poolcirkel. Maar meer dan 11 000 jaar geleden was het in Zonhoven en omstreken ijskoud en kon je deze dieren ook hier tegenkomen. Onze verre voorouders, de rendierjagers, trokken rond in het spoor van de rendierkuddes. Je ontdekt er alles over op het 3 km lange 'Rendierjagerspad' in natuurgebied de Teut.";"";"";"De route gaat van start aan de infohut op het pleintje voor de camping. De volledige route is ongeveer 3 km lang en is deels toegankelijk met een rolstoel of kinderwagen: 1 kilometer van de in totaal 3 kilometer is verhard en toegankelijk voor rolstoelen of kinderwagens.";"";"Bezoekers kunnen een luisterverhaal volgen tijdens hun wandeling en komen onderweg verschillende belevingselementen tegen. Je kan het verhaal afspelen via de luisterzuilen of je smartphone. Het luisterverhaal is beschikbaar in het Nederlands, Frans, Engels en Duits. Aan de rendierweide is er een uitzichtpunt vanwaar je in de verte de silhouetten van rendieren kunt zien. Op de plaats van het oude rendierjagerskamp staan met takken gevlochten tentconstructies. De wandeling door het gebied komt ook voorbij 'De Kuil', bekend bij vele fans van het veldrijden. Daar ligt een levensgrote replica van een mammoetgeraamte.";"";"";"1";"1";"";"1";"";"";"";"";"";"Het luisterverhaal is beschikbaar in het Nederlands, Frans, Engels en Duits. Je kan het lezen op je smartphone via de QR-code aan de luisterzuilen.";"";"";"";"";"";""
"383495";"ACTIVITY";"EXCURSION_OR_DAY_TRIP";"2025-03-07 01:12:00";"0";"Spoorfietsen";"FORTSTEENWEG";"";"";"2950";"Kapellen";"Kapellen";"";"antwerpseKempen";"155484.0701013945";"223262.0717441533";"51.31968";"4.446145";"";"";"";"";"+32 474 481 603";"";"";"reservatie@spoorfietsen.be";"https://www.spoorfietsen.be";"";"";"";"";"Op zoek naar een leuke activiteit voor het hele gezin? Fiets dan mee 'in het spoor van de militairen', van Kapellen naar Brasschaat en terug. Neem plaats op een spoorfiets, luister nog even naar de instructies en trap 5 km, tot Kamp Noord in Brasschaat. Onderweg rij je door het bos in een historisch waardevol en ongerept landschap. Zo fiets je onder meer door natuurgebied De Uitlegger en over de befaamde Antitankgracht, die tussen de twee wereldoorlogen werd aangelegd. Na een uurtje trappen kom je aan in Perron Noord, een voormalig militair kamp gelegen naast het oudste militair vliegveld van België. Hier kan je genieten van een welverdiende pauze.";"";"Fiets mee 'in het spoor van de militairen', van Kapellen naar Brasschaat en terug. Neem plaats op een spoorfiets, luister nog even naar de instructies en trap 5 km. Onderweg rij je door het bos in een historisch waardevol en ongerept landschap. Na een uurtje trappen kom je aan in Perron Noord, een voormalig militair kamp gelegen naast het oudste militair vliegveld van België. Hier kan je genieten van een welverdiende pauze. Neem zeker ook eens een kijkje op www.perron-noord.be, reserveren kan via info@perron-noord.be.";"";"";"";"0";"Gelieve je komst op voorhand te melden zodat de uitbaters tijdig op de hoogte zijn en de nodige voorbereidingen kunnen treffen. De toegang tot de spoorfietsen gebeurt langs een zacht hellend betonplateau. Ter hoogte van de opstap naar de gezinsfietsen en de groepsfietsen is er een ruime vlakke zone. Via een verplaatsbaar hellend vlak raak je ten slotte tot op de fietsen.";"";"0";"0";"0";"0";"1";"0";"0";"0";"";"";"";"";"";"";"";"";""
"298505";"ACTIVITY";"EXCURSION_OR_DAY_TRIP";"2025-07-06 22:57:16";"0";"Stadsbrouwerij De Koninck";"Mechelsesteenweg";"291";"";"2018";"Antwerpen";"Antwerpen";"";"kunststadAntwerpen";"153245.23";"209927.56";"51.19929298305113";"4.415200307508902";"";"COMFORT";"";"";"+32 3 866 96 90";"";"";"visit@dekoninck.be";"http://www.dekoninck.be";"";"";"";"";"Brouwerij De Koninck opende in de zomer van 2015 een innovatief en multi-zintuigelijk belevingscentrum. Bezoekers kunnen hier de geschiedenis van bier in Antwerpen en het brouwen van het bier van De Koninck op een interactieve manier ervaren tegen een multimediale achtergrond. De nieuwste audiovisuele technieken worden gebruikt om de bezoekers een unieke ervaring te kunnen bieden. Het multifunctionele centrum doet tevens dienst als informatiepunt voor toeristen en daarmee wordt het een ideaal startpunt voor een bezoek aan Antwerpen.";"";"Zin om een echt Antwerps icoon beter te leren kennen? De interactieve brouwerijtour zal je volledig onderdompelen in de wereld van de Stadsbrouwerij. Het wordt leerzaam, boeiend, maar vooral ook heel plezant. In verschillende themaruimtes kom je alles te weten over Antwerpen als bierstad, de Belgische bieren en het complete brouwproces. Tal van interactieve middelen en audiovisuele effecten zorgen voor een 360° totaalbeleving. Schrik niet als je je plots middenin de actie bevindt: op de 4 meter hoge brug in de brouwhal voel je de unieke dynamiek van de brouwerij. En het leukste aan dit hele avontuur? Je wandelt door de tour met een biertje in de hand! In het ticket zijn namelijk 2 degustatiebieren inbegrepen. Cheers!";"";"";"";"0";"Enkele belevingselementen zijn wat moeilijker bruikbaar vanuit de rolstoel, maar veruit de meeste zaken zijn goed bruikbaar.";"De aangepaste toiletten hebben voldoende opstelruimte en beugels.
";"0";"1";"1";"0";"1";"0";"0";"0";"";"";"Filmfragmenten met klank worden steeds ondertiteld. 
";"";"";"";"";"";""
"220075";"ACTIVITY";"EXCURSION_OR_DAY_TRIP";"2025-07-06 22:52:36";"0";"Station As";"STATIONSSTRAAT";"124";"";"3665";"As";"As";"";"limburgseKempen";"236631.979889651";"188949.253505819";"51.0048195";"5.6017623";"0";"INFORMATION_AVAILABLE";"Geen";"";"089391086";"";"";"toerisme@as.be";"http://www.stationas.be/";"";"";"";"";"De vzw kolenspoor heeft zijn thuisbasis op de geklasseerde stationssite van As, tevens toegangspoort tot het Nationaal Park De Hoge Kempen, vanwaar zij Station As en het spoortraject Waterschei-As-Eisden toeristisch uitbaat. Het kolenspoor beschikt over drie passagiersrijtuigen, een buffetrijtuig, een restaurantrijtuig, auditoriumrijtuig, fietsenshuttle, slaaprijtuig, een minitrein op smalspoor en spoorfietsen. Deze worden ingezet volgens een vaste dienstregeling en op reservering.";"";"";"";"";"";"";"";"";"";"";"";"";"";"";"";"";"";"";"";"";"";"";"";"";""
"276590";"ACTIVITY";"EXCURSION_OR_DAY_TRIP";"2025-03-07 01:27:24";"0";"Stokerijbezoek De Molenberg";"Klaterstraat";"1";"";"2830";"Blaasveld";"Willebroek";"";"scheldeland";"151033.8000092443";"192846.7732566139";"51.04632484162785";"4.382227746134841";"";"BASIC";"";"";"+32 15 28 71 41";"";"";"info@hetanker.be";"http://www.stokerijdemolenberg.be";"";"";"";"";"In de familiehoeve aan ‘de Molenberg’ in Blaasveld maalde en stookte het molenaarsgeslacht Van Breedam graan tot jenever. Sinds 1637 werd deze familietraditie van generatie op generatie doorgegeven, tot in 1914 het laatste distillaat uit de ketels vloeide. Louis Van Breedam en zijn zus Anna verlieten in 1872 de Molenberg en namen de Mechelse brouwerij over die sinds 1471 het Groot Begijnhof en de stad voorzag van bier. Hiermee werd een nieuwe familietraditie opgestart. In 2010 start brouwer-eigenaar Charles Leclef met het distilleren van de Gouden Carolus Single Malt whisky uit het moutbeslag van het bier Gouden Carolus Tripel. Zo worden beide familietradities - stoken en brouwen - verenigd in een nieuw project: Stokerij De Molenberg. Ontdek er alles over in dit bezoekerscentrum.";"";"Stokerij De Molenberg is gesloten vanwege verbouwingen. Er is nog geen datum voor heropening voorzien.";"";"De circulatieruimte in het inkomsas is beperkt, maar met wat hulp bij het openhouden van de deuren lukt het zeker. Er is een onderrijdbare balie. De 4 expositieruimtes kan je via goede paden van buitenaf bereiken, maar staan ook in verbinding met elkaar. De historische vloeren liggen niet overal vlak. ";"";"0";"De meeste teksten en tentoongestelde objecten kan je vanuit de rolstoel goed bereiken en zien (al zijn de vitrinekasten wat hoog). Aan de benedenzijde van de degustatieruimte is er een onderrijdbaar tablet. Ook de shop is goed toegankelijk. ";"Er is een goed aangepast toilet met voldoende ruimte en beugels.";"0";"0";"0";"0";"1";"0";"0";"0";"";"";"";"";"";"";"";"";""
"385962";"ACTIVITY";"EXCURSION_OR_DAY_TRIP";"2025-01-31 14:37:02";"1";"Stoomtrein Maldegem - Eeklo";"STATIONSPLEIN";"8";"";"9990";"Maldegem";"Maldegem";"";"meetjesland";"85693.93685554915";"210908.2388937976";"51.205089";"3.447381";"0";"INFORMATION_AVAILABLE";"";"";"050 72 68 51";"";"";"reservatie@stoomtreinmaldegem.be";"www.stoomtreinmaldegem.be";"Stoomtrein Maldegem";"";"";"Stoomtrein Maldegem-Eeklo";"";"";"";"";"";"";"";"";"";"";"";"";"";"";"";"";"";"";"";"";"";"";"";"";"";""
"276599";"ACTIVITY";"SPA_OR_WELLNESS";"2025-03-06 16:42:45";"0";"'t Lavendelhof";"Pierkenstraat";"80";"";"9620";"Zottegem";"Zottegem";"";"vlaamseArdennen";"108744.81";"176782.43";"50.89991354175989";"3.782322763966413";"";"";"";"";"+32 498 91 85 08";"";"";"info@tlavendelhof.be";"http://www.tlavendelhof.be";"";"";"";"";"";"";"Op een half uurtje rijden van Gent ligt’ t Lavendelhof, een privé wellness én vakantiewoning waar iedereen, ongeacht een zorgnood of beperking, volop kan genieten.
De wellness beschikt over een verwarmd binnenzwembad, Vlarem 2 jacuzzi, Finse sauna, een grote infraroodsauna en zintuigentuin met rolstoeltoegankelijk pad.
Er zijn nergens drempels en we beschikken over tilliften om transfers tussen zwembad en de jacuzzi mogelijk te maken.";"";"";"";"0";"";"";"0";"0";"0";"0";"1";"0";"0";"0";"";"";"";"";"";"";"";"";""
"402629";"ACTIVITY";"EXCURSION_OR_DAY_TRIP";"2025-03-06 10:07:20";"0";"Toegankelijk toeristisch treintje";"KLUIZERDIJK";"168";"";"3930";"Hamont-Achel";"Hamont-Achel";"";"limburgseKempen";"227589.7556667265";"220812.4303036919";"51.291924";"5.481067";"";"";"";"";"";"";"";"marc.schuurmans@gmail.com";"";"";"";"";"";"";"";"Rondritten, uitstapjes met vrienden, vrijgezellenritjes, ritjes van A naar B, trouwritjes, kinder- en familie-uitstapjes, voornamelijk in en rond Hamont-Achel (binnen een straal van 40 km rond Hamont-Achel) met een toeristisch treintje. Er zijn twee treintjes beschikbaar. Eén hiervan is uitgerust met een rolstoellift en kan tot acht rolstoelen vervoeren. De totale capaciteit per treintje bedraagt 24 personen, maar dit is afhankelijk van het aantal rolstoelen. Contact is mogelijk via e-mail. Er wordt op voorhand een prijsopgave gemaakt.";"";"";"";"";"Eén treintje is uitgerust met een rolstoellift. Het andere treintje heeft een laag opstapje, voorzien van de nodige handgrepen.
";"";"";"";"";"1";"1";"";"";"";"";"";"";"";"";"";"";"";""
"384672";"ACTIVITY";"EXCURSION_OR_DAY_TRIP";"2025-02-22 17:55:38";"0";"Vinobelga";"DIESTSESTEENWEG";"272";"";"3202";"Rillaar";"Aarschot";"";"hageland";"186460.5787278505";"185080.9944799133";"50.975375";"4.886607";"";"BASIC";"";"";"+32 16 23 23 23";"";"";"info@vinobelga.be";"https://www.vinobelga.be";"";"";"";"";"Net buiten het levendige Aarschot vind je Vinobelga, een wijndomein dat het aangename en het nuttige combineert. Huur een zaal voor je meeting, of start meteen met een boeiend bezoek aan de wijngaard. Van hieruit kan je bovendien prima starten met een 2pk- of vespatocht door de Hagelandse heuvels. Het was de vader van de huidige eigenaar Rik Daems, Jos Daems die als eerste in 1972 heil zag in de Hagelandse wijn en begon met het aanplanten van de druivelaars. De lekkere mousserende wijnen Joseph Brut en Josephine werden naar de pioneer Jos genoemd. Het domein ligt vlakbij fietsknooppunt 7 en wandelknooppunt 225.
";"https://www.toevla.be";"Net buiten het levendige Aarschot vind je Vinobelga, een wijndomein dat het aangename en het nuttige combineert. Huur een zaal voor je meeting, of start meteen met een boeiend bezoek aan de wijngaard. Van hieruit kan je bovendien prima starten met een 2pk- of vespatocht door de Hagelandse heuvels. Het was de vader van de huidige eigenaar Rik Daems, Jos Daems die als eerste in 1972 heil zag in de Hagelandse wijn en begon met het aanplanten van de druivelaars. De lekkere mousserende wijnen Joseph Brut en Josephine werden naar de pionier Jos genoemd. Het domein ligt vlakbij fietsknooppunt 7 en wandelknooppunt 225.
";"";"Je kan voorrijden tot aan de aangepaste parkeerplaats vlak naast de hoofdingang. De ingang is goed toegankelijk.";"De kelder is niet toegankelijk, maar de verbruiksruimtes zijn dat wel. Op de routes kan je hulp nodig hebben op enkele korte maar steile afschuiningen aan de deuren. ";"0";"";"Er is een goed aangepast toilet met voldoende ruimte en beugels. De wastafel is onderrijdbaar.";"0";"0";"0";"0";"1";"0";"0";"0";"";"";"";"";"";"";"";"";""
"225222";"ACTIVITY";"EXCURSION_OR_DAY_TRIP";"2024-03-11 10:17:06";"1";"Visitor Center De Wissen";"Negenoordlaan";"2";"";"3650";"Dilsen-Stokkem";"Dilsen-Stokkem";"";"maasland";"246891.76";"191203.97";"51.02289143730249";"5.749768383105983";"0";"";"";"";"+32 89 75 21 71";"";"";"visit@dilsen-stokkem.be";"http://www.visitdilsenstokkem.be";"";"";"";"";"De Wissen is gelegen aan het Maaspark Negenoord, een landschapspark van 1,5 ha. Het gebruikt de meest moderne audiovisuele middelen. Het bezoekerscentrum omvat het heempark, een heus natuurmuseum, met de typische landschapselementen en boeiende flora van de uiterwaarden van de Maas. De waterpartijen in het park zijn miniatuurreplica van het nabijgelegen Negenoord. Eens binnen beleeft men het leven in, op en rond de Maas o.a. dankzij de reuzegrote Maaswand die het hele stroomgebied toont of door het overvliegen van de rivier van bron tot monding in het auditorium. Een tweede luik wordt gevormd door het centrum van de vlechtkunst, als het ware het museum van de traditionele Stokkemse mandenvlechterij maar ook een actief centrum voor eigentijdse vlechtkunst. Naast het ambacht van mandenmaker of körver, zoals men ze hier noemt, toont men vlechtwerk doorheen de eeuwen. Men kan een vlechtdemonstratie bijwonen.";"http://toevla.vlaanderen.be/publiek/nl/register/detail/1505";"Visitor Center De Wissen is een ideaal vertrekpunt om het Maasland te ontdekken waarbij de toerist deze locatie op een unieke manier kan (her)ontdekken. Het gebouw is drieledig. Gelijkvloers komt er een onthaal voor bezoekers en toeristen, op de eerste verdieping krijg je een eerste blik op de cultuur, natuur en historie van het gebied. En op het dak van de toren komt er een uitkijkplatform met panoramisch zicht op het omliggende gebied. Het is een eye-catcher die op het fietsroutenetwerk van veraf zichtbaar is en de mensen naar dit uitzonderlijke gebied van het RivierPark Maasvallei zal uitnodigen.
De site De Wissen omvat ook nog een guesthouse, een brasserie, verharde wandelroutes, fluisterboten en kampeervlotten. Een extra troef is de uitkijktoren in het wandelgebied Negenoord te Stokkem. De uitkijktoren geeft je een prachtig zicht over het Rivierpark Maasvallei en is ook via een goed wandelpad bereikbaar. Dit wandelgebied ligt aan Visitor Center De Wissen.";"";"";"";"0";"";"Er is een toegankelijk openbaar toilet aanwezig.";"0";"0";"0";"0";"1";"0";"0";"0";"";"";"";"";"";"";"";"";""
"383943";"ACTIVITY";"EXCURSION_OR_DAY_TRIP";"2025-03-06 16:05:47";"0";"Vlaamse Ardennenroute (120 km)";"Woodrow Wilsonplein";"2-3";"";"9000";"Gent";"Gent";"";"kunststadGent";"105336.5364477232";"193233.3763057627";"51.048079";"3.730584";"";"";"";"";"+32 9 269 70 70";"";"";"info@routen.be";"https://www.routen.be/toegankelijkheid";"";"";"";"";"";"https://www.toevla.be";"Deze autoroute maakt deel uit van de toegankelijke Routenproducten van Toerisme Oost-Vlaanderen. Zelfs achter het stuur van je wagen doen de hellingen uit de grote wielerklassiekers je regelmatig naar adem happen. Deze route combineert twee routes in het noorden en het zuiden van de Vlaamse Ardennen. Samen vormen ze een ideaal traject voor een meerdaagse tocht met verblijf. Alle (toegankelijkheids)info en de download van de route vind je op bovenstaande website.";"";"";"";"0";"";"";"0";"0";"0";"0";"1";"0";"0";"0";"";"";"";"";"";"";"";"";""
"299140";"ACTIVITY";"EXCURSION_OR_DAY_TRIP";"2025-03-06 10:52:01";"0";"Wandelen met alpaca's";"Berendries";"13A";"";"9660";"Michelbeke";"Brakel";"";"vlaamseArdennen";"107971.73";"169747.53";"50.83662216451312";"3.772135685507571";"";"";"";"";"+32 476 80 60 21";"+32 476 80 60 21";"";"info@ecosnooze.be";"http://ecosnooze.be";"";"";"";"";"";"";"Alpaca’s zijn zeer hooggevoelig en hebben allereerst jouw vertrouwen nodig om met je mee te gaan … Eens je hun vertrouwen hebt, kan je een zàlige wandeling maken, waar zowel jij als de alpaca enorm van geniet ! Zij houden er namelijk van nieuwe dingen te ontdekken, zijn zeer nieuwsgierig en willen dus ook absoluut weten wie jij bent. De uitbaters kunnen deze wandeling op maat van iedereen aanpassen, dus zowel sportieve als minder mobiele mensen zijn er van harte welkom. Rolstoelgebruikers kunnen bij droog weer mee de weide op. Als het te nat is lukt het jammer genoeg niet. Er zijn specifieke workshops voor mensen met autisme.";"";"";"";"0";"";"";"0";"0";"0";"1";"1";"0";"0";"1";"";"";"";"";"";"";"";"";""
