"business_product_id";"discriminator";"changed_time";"deleted";"name";"name_or_number";"product_type";"parent_product_ids";"street";"house_number";"box_number";"postal_code";"city_name";"main_city_name";"x";"y";"lat";"long";"distance";"promotional_region";"green_key_labeled";"accessibility_label";"closing_period";"next_year_closing_period";"phone1";"phone2";"phone3";"email";"website";"facebook";"twitter";"flickr";"instagram";"product_description";"cafeteria_present";"bar_cafe_cafetaria";"bikes_available";"elevator_available";"extra_baby_bed_possible";"internet_connection";"laundry_service";"camp_fire";"number_of_shower_heads";"number_of_taps";"number_of_toilets";"full_board_available";"self_catering_possible";"status";"last_status_change_date";"number_of_units";"maximum_capacity";"file_number";"number_of_beds_july_august";"room_for_camp_beds_july_august";"total_capacity_inside_july_august";"tent_ground_july_august";"total_number_of_beds";"room_for_camp_beds_september_june";"total_capacity_inside_september_june";"tent_ground_september_june";"recognized_capacity";"remarks";"fix_entities";"parking_available";"discount_children";"direct_booking_link";"self_catering_minimum_number_of_persons";"non_self_catering_price_one_person_per_night";"non_self_catering_breakfast_included";"non_self_catering_full_board";"non_self_catering_price_breakfast";"non_self_catering_price_lunch";"non_self_catering_price_diner";"water_included";"gas_included";"heating_included";"price_individual_stays_possible";"imagesurl";"imagesurlmain"
"346009";"HOSTEL";"2025-03-07 00:16:21";"0";"";"";"BASE";"";"-";"";"";"2018";"Antwerpen";"Antwerpen";"";"";"";"";"";"kunststadAntwerpen";"";"";"";"";"";"";"";"";"";"";"";"";"";"";"";"";"";"";"";"";"";"";"";"";"";"";"";"STOPPED";"2024-10-10 00:00:00";"";"";"122091";"";"";"";"";"";"";"";"";"";"";"";"";"";"";"";"";"";"";"";"";"";"";"";"";"";"";""
"287274";"HOSTEL";"2025-02-12 20:22:20";"1";"";"";"BASE";"";"-";"";"";"2018";"Antwerpen";"Antwerpen";"";"";"";"";"";"kunststadAntwerpen";"";"";"";"";"";"";"";"";"";"";"";"";"";"";"";"";"";"";"";"";"";"";"";"";"";"";"";"STOPPED";"2019-06-21 00:00:00";"";"";"121651";"";"";"";"";"";"";"";"";"";"";"";"";"";"";"";"";"";"";"";"";"";"";"";"";"";"";""
"345712";"HOSTEL";"2024-07-01 04:18:43";"1";"";"";"BASE";"";"-";"";"";"2460";"Kasterlee";"Kasterlee";"";"";"";"";"";"antwerpseKempen";"";"";"";"";"";"";"";"";"";"";"";"";"";"";"";"";"";"";"";"";"";"";"";"";"";"";"";"STOPPED";"2024-07-01 00:00:00";"";"";"";"";"";"";"";"";"";"";"";"";"";"";"";"";"";"";"";"";"";"";"";"";"";"";"";"";"";""
"378926";"HOSTEL";"2025-03-06 23:59:11";"0";"";"";"BASE";"";"-";"";"";"2000";"Antwerpen";"Antwerpen";"";"";"";"";"";"kunststadAntwerpen";"";"";"";"";"";"";"";"";"";"";"";"";"";"";"";"";"";"";"";"";"";"";"";"";"";"";"";"STOPPED";"2023-01-18 00:00:00";"";"";"";"";"";"";"";"";"";"";"";"";"";"";"";"";"";"";"";"";"";"";"";"";"";"";"";"";"";""
"378927";"HOSTEL";"2025-03-06 23:59:13";"0";"";"";"BASE";"";"-";"";"";"2000";"Antwerpen";"Antwerpen";"";"";"";"";"";"kunststadAntwerpen";"";"";"";"";"";"";"";"";"";"";"";"";"";"";"";"";"";"";"";"";"";"";"";"";"";"";"";"STOPPED";"2023-01-18 00:00:00";"";"";"";"";"";"";"";"";"";"";"";"";"";"";"";"";"";"";"";"";"";"";"";"";"";"";"";"";"";""
"379679";"HOSTEL";"2020-06-02 15:51:28";"1";"";"";"BASE";"";"-";"";"";"2000";"Antwerpen";"Antwerpen";"";"";"";"";"";"kunststadAntwerpen";"";"";"";"";"";"";"";"";"";"";"";"";"";"";"";"";"";"";"";"";"";"";"";"";"";"";"";"NOTIFIED";"2018-10-30 00:00:00";"";"";"";"";"";"";"";"";"";"";"";"";"";"";"";"";"";"";"";"";"";"";"";"";"";"";"";"";"";""
"379893";"HOSTEL";"2019-11-30 10:54:02";"1";"";"";"BASE";"";"-";"";"";"8420";"De Haan";"De Haan";"";"";"";"";"";"kust";"";"";"";"";"";"";"";"";"";"";"";"";"";"";"";"";"";"";"";"";"";"";"";"";"";"";"";"NOTIFIED";"2018-11-22 00:00:00";"";"";"";"";"";"";"";"";"";"";"";"";"";"";"";"";"";"";"";"";"";"";"";"";"";"";"";"";"";""
"384208";"HOSTEL";"2020-06-02 13:35:46";"1";"";"";"BASE";"";"-";"";"";"9820";"Merelbeke";"Merelbeke-Melle";"";"";"";"";"";"scheldeland";"";"";"";"";"";"";"";"";"";"";"";"";"";"";"";"";"";"";"";"";"";"";"";"";"";"";"";"NOTIFIED";"2020-01-10 00:00:00";"";"";"";"";"";"";"";"";"";"";"";"";"";"";"";"";"";"";"";"";"";"";"";"";"";"";"";"";"";""
"384209";"HOSTEL";"2020-06-02 13:35:47";"1";"";"";"BASE";"";"-";"";"";"9820";"Merelbeke";"Merelbeke-Melle";"";"";"";"";"";"scheldeland";"";"";"";"";"";"";"";"";"";"";"";"";"";"";"";"";"";"";"";"";"";"";"";"";"";"";"";"NOTIFIED";"2020-01-10 00:00:00";"";"";"";"";"";"";"";"";"";"";"";"";"";"";"";"";"";"";"";"";"";"";"";"";"";"";"";"";"";""
"386744";"HOSTEL";"2020-08-11 06:25:01";"1";"";"";"BASE";"";"-";"";"";"8670";"Koksijde";"Koksijde";"";"";"";"";"";"kust";"";"";"";"";"";"";"";"";"";"";"";"";"";"";"";"";"";"";"";"";"";"";"";"";"";"";"";"NOTIFIED";"2020-08-10 00:00:00";"";"";"";"";"";"";"";"";"";"";"";"";"";"";"";"";"";"";"";"";"";"";"";"";"";"";"";"";"";""
"210087";"HOSTEL";"2025-03-07 00:58:21";"0";"";"";"BASE";"";"-";"";"";"2140";"Borgerhout";"Antwerpen";"";"";"";"";"";"kunststadAntwerpen";"";"";"";"";"";"";"";"";"";"";"";"";"";"";"";"";"";"";"";"";"";"";"";"";"";"";"";"STOPPED";"2023-06-08 00:00:00";"";"";"121521";"";"";"";"";"";"";"";"";"";"";"";"";"";"";"";"";"";"";"";"";"";"";"";"";"";"";""
"211045";"HOSTEL";"2021-12-08 14:35:19";"1";"";"";"BASE";"";"-";"";"";"3000";"Leuven";"Leuven";"";"";"";"";"";"kunststadLeuven";"";"";"";"";"";"";"";"";"";"";"";"";"";"";"";"";"";"";"";"";"";"";"";"";"";"";"";"STOPPED";"2018-12-17 00:00:00";"";"";"220781";"";"";"";"";"";"";"";"";"";"";"";"";"";"";"";"";"";"";"";"";"";"";"";"";"";"";""
"211404";"HOSTEL";"2025-03-06 16:23:11";"0";"";"";"BASE";"";"-";"";"";"9000";"Gent";"Gent";"";"";"";"";"";"kunststadGent";"";"";"";"";"";"";"";"";"";"";"";"";"";"";"";"";"";"";"";"";"";"";"";"";"";"";"";"STOPPED";"2021-06-01 00:00:00";"";"";"";"";"";"";"";"";"";"";"";"";"";"";"";"";"";"";"";"";"";"";"";"";"";"";"";"";"";""
"211726";"HOSTEL";"2025-03-06 16:43:23";"0";"";"";"BASE";"";"-";"";"";"2800";"Mechelen";"Mechelen";"";"";"";"";"";"kunststadMechelen";"";"";"";"";"";"";"";"";"";"";"";"";"";"";"";"";"";"";"";"";"";"";"";"";"";"";"";"STOPPED";"2023-11-30 00:00:00";"";"";"120791";"";"";"";"";"";"";"";"";"";"";"";"";"";"";"";"";"";"";"";"";"";"";"";"";"";"";""
"211915";"HOSTEL";"2021-03-30 09:35:17";"1";"";"";"BASE";"";"-";"";"";"9000";"Gent";"Gent";"";"";"";"";"";"kunststadGent";"";"";"";"";"";"";"";"";"";"";"";"";"";"";"";"";"";"";"";"";"";"";"";"";"";"";"";"STOPPED";"2019-05-07 00:00:00";"";"";"421071";"";"";"";"";"";"";"";"";"";"";"";"";"";"";"";"";"";"";"";"";"";"";"";"";"";"";""
"264925";"HOSTEL";"2021-12-22 14:23:06";"1";"";"";"BASE";"";"-";"";"";"9270";"Laarne";"Laarne";"";"";"";"";"";"scheldeland";"";"";"";"";"";"";"";"";"";"";"";"";"";"";"";"";"";"";"";"";"";"";"";"";"";"";"";"STOPPED";"2021-12-22 00:00:00";"";"";"420221";"";"";"";"";"";"";"";"";"";"";"";"";"";"";"";"";"";"";"";"";"";"";"";"";"";"";""
"389136";"HOSTEL";"2021-02-22 16:36:03";"1";"";"";"BASE";"";"-";"";"";"9500";"Geraardsbergen";"Geraardsbergen";"";"";"";"";"";"vlaamseArdennen";"";"";"";"";"";"";"";"";"";"";"";"";"";"";"";"";"";"";"";"";"";"";"";"";"";"";"";"NOTIFIED";"2021-02-12 00:00:00";"";"";"";"";"";"";"";"";"";"";"";"";"";"";"";"";"";"";"";"";"";"";"";"";"";"";"";"";"";""
"400610";"HOSTEL";"2024-01-31 08:51:03";"1";"";"";"BASE";"";"-";"";"";"2000";"Antwerpen";"Antwerpen";"";"";"";"";"";"kunststadAntwerpen";"";"";"";"";"";"";"";"";"";"";"";"";"";"";"";"";"";"";"";"";"";"";"";"";"";"";"";"STOPPED";"2024-01-14 00:00:00";"";"";"";"";"";"";"";"";"";"";"";"";"";"";"";"";"";"";"";"";"";"";"";"";"";"";"";"";"";""
"405863";"HOSTEL";"2025-02-24 12:30:03";"1";"";"";"BASE";"";"-";"";"";"2850";"Boom";"Boom";"";"";"";"";"";"scheldeland";"";"";"";"";"";"";"";"";"";"";"";"";"";"";"";"";"";"";"";"";"";"";"";"";"";"";"";"NOTIFIED";"2024-12-06 00:00:00";"";"";"";"";"";"";"";"";"";"";"";"";"";"";"";"";"";"";"";"";"";"";"";"";"";"";"";"";"";""
"405864";"HOSTEL";"2025-02-24 12:29:02";"1";"";"";"BASE";"";"-";"";"";"2850";"Boom";"Boom";"";"";"";"";"";"scheldeland";"";"";"";"";"";"";"";"";"";"";"";"";"";"";"";"";"";"";"";"";"";"";"";"";"";"";"";"NOTIFIED";"2024-12-06 00:00:00";"";"";"";"";"";"";"";"";"";"";"";"";"";"";"";"";"";"";"";"";"";"";"";"";"";"";"";"";"";""
"405865";"HOSTEL";"2025-02-24 12:30:02";"1";"";"";"BASE";"";"-";"";"";"2850";"Boom";"Boom";"";"";"";"";"";"scheldeland";"";"";"";"";"";"";"";"";"";"";"";"";"";"";"";"";"";"";"";"";"";"";"";"";"";"";"";"NOTIFIED";"2024-12-06 00:00:00";"";"";"";"";"";"";"";"";"";"";"";"";"";"";"";"";"";"";"";"";"";"";"";"";"";"";"";"";"";""
"406498";"HOSTEL";"2025-05-08 05:19:15";"0";"";"";"BASE";"";"-";"";"";"2018";"Antwerpen";"Antwerpen";"";"";"";"";"";"kunststadAntwerpen";"";"";"";"";"";"";"";"";"";"";"";"";"";"";"";"";"";"";"";"";"";"";"";"";"";"";"";"STOPPED";"2025-05-08 00:00:00";"";"";"";"";"";"";"";"";"";"";"";"";"";"";"";"";"";"";"";"";"";"";"";"";"";"";"";"";"";""
"223912";"HOSTEL";"2021-12-08 14:41:05";"1";"";"";"BASE";"";"-";"";"";"3700";"Tongeren";"Tongeren-Borgloon";"";"";"";"";"";"haspengouw";"";"";"";"";"";"";"";"";"";"";"";"";"";"";"";"";"";"";"";"";"";"";"";"";"";"";"";"STOPPED";"2020-02-11 00:00:00";"";"";"320661";"";"";"";"";"";"";"";"";"";"";"";"";"";"";"";"";"";"";"";"";"";"";"";"";"";"";""
"226113";"HOSTEL";"2025-03-06 17:59:05";"0";"";"";"BASE";"";"-";"";"";"8370";"Uitkerke";"Blankenberge";"";"";"";"";"";"kust";"";"";"";"";"";"";"";"";"";"";"";"";"";"";"";"";"";"";"";"";"";"";"";"";"";"";"";"STOPPED";"2023-09-21 00:00:00";"";"";"520131";"";"";"";"";"";"";"";"";"";"";"";"";"";"";"";"";"";"";"";"";"";"";"";"";"";"";""
"404120";"HOSTEL";"2025-03-07 00:55:59";"0";"Aes Sedai Living";"Aes sedai";"BASE";"";"PETRUS DE BEUCKELAERLAAN";"2";"";"2100";"Deurne";"Antwerpen";"157814.2902609691";"212921.0642632805";"51.226176";"4.480625";"";"kunststadAntwerpen";"";"";"";"";"+32456548619";"";"";"info@aes-sedai.be";"http://www.aes-sedai.be";"";"";"";"";"";"";"";"";"";"";"";"";"";"";"";"";"";"";"NOTIFIED";"2024-06-28 00:00:00";"1";"2";"";"";"";"";"";"";"";"";"";"";"";"";"";"";"";"";"";"";"";"";"";"";"";"";"";"";"";""
"287364";"HOSTEL";"2025-03-06 23:58:35";"0";"Antwerp City Hostel";"Antwerp City Hostel";"BASE";"";"Grote Markt";"40";"";"2000";"Antwerpen";"Antwerpen";"152227.18";"212343.35";"51.22103116463553";"4.400635664386686";"";"kunststadAntwerpen";"0";"";"";"";"";"";"";"lauriedegreef@gmail.com";"";"";"";"";"";"";"";"1";"0";"";"";"1";"0";"";"19";"11";"11";"0";"1";"NOTIFIED";"";"120";"120";"122001";"";"";"";"";"";"";"";"";"";"";"";"";"";"";"16";"20.0000";"1";"35.0000";"2.0000";"6.0000";"10.0000";"1";"1";"1";"1";"";""
"324900";"HOSTEL";"2025-03-07 00:36:38";"0";"Boomerang Hostel Antwerp";"Boomerang Hostel Antwerp";"BASE";"";"LANGE LEEMSTRAAT";"95";"";"2018";"Antwerpen";"Antwerpen";"153075.7";"210925.84";"51.20828603735049";"4.412768593584635";"";"kunststadAntwerpen";"";"";"";"";"";"";"";"info.boomeranghostels@gmail.com";"";"";"";"";"";"";"";"";"";"";"";"";"";"";"";"";"";"";"";"NOTIFIED";"2017-05-29 00:00:00";"118";"118";"121191";"";"";"";"";"";"";"";"";"";"";"";"";"";"";"";"";"";"";"";"";"";"";"";"";"";"";""
"287278";"HOSTEL";"2025-03-06 18:24:19";"0";"Charlie Rockets Youth Hostel";"Charlie Rockets Youth Hostel";"BASE";"";"Hoogstraat";"19";"";"8000";"Brugge";"Brugge";"70352.24000000001";"211705.67";"51.20981556109521";"3.228962336175192";"";"kunststadBrugge";"0";"";"";"";"+3250330660";"+32497401177";"";"info@charlierockets.com";"https://www.charlierockets.com";"";"";"";"";"";"";"1";"0";"";"";"1";"1";"";"12";"19";"8";"0";"0";"NOTIFIED";"2023-03-09 00:00:00";"19";"78";"521531";"";"";"";"";"";"";"";"";"";"";"";"";"";"";"";"21.0000";"0";"";"4.0000";"";"";"0";"1";"1";"1";"";""
"275180";"HOSTEL";"2025-07-03 10:29:08";"0";"Cultuurhostel Bed Muzet";"Cultuurhostel Bed Muzet";"BASE";"";"VOLMOLENSTRAAT";"65";"";"2500";"Lier";"Lier";"164353.81";"202099.07";"51.12877513904222";"4.573801294092087";"";"antwerpseKempen";"1";"COMFORT";"24 december tem 2 januari";"";"+3234886036";"";"";"info@bedmuzet.be";"https://www.bedmuzet.be";"";"";"";"";"";"";"1";"0";"";"";"1";"1";"";"28";"31";"32";"0";"1";"ACKNOWLEDGED";"2020-05-08 00:00:00";"78";"78";"122011";"";"";"";"";"";"";"";"";"";"";"";"";"";"";"";"24.5000";"1";"";"";"";"";"1";"1";"1";"0";"";""
"390739";"HOSTEL";"2025-03-06 11:32:21";"0";"De Geestige Put";"De Geestige Put";"BASE";"";"CASEELSTRAAT";"45";"";"8790";"Waregem";"Waregem";"81908.55";"174296.68";"50.87505422274272";"3.401287880942304";"";"leieStreek";"";"";"";"";"+32 56 60 06 31";"+32 498 53 00 74";"";"INFO@degeestigeput.be";"https://www.degeestigeput.be/";"";"";"";"";"";"";"";"";"";"";"";"";"";"";"";"";"";"";"ACKNOWLEDGED";"2021-09-08 00:00:00";"15";"55";"521861";"";"";"";"";"";"";"";"";"";"";"";"";"";"";"";"";"";"";"";"";"";"";"";"";"";"";""
"219508";"HOSTEL";"2025-03-06 15:34:23";"0";"De Hoge Rielen - Hostel Wadi";"De Hoge Rielen - Hostel Wadi";"BASE";"";"MOLENSTRAAT";"62-62D";"";"2460";"Kasterlee";"Kasterlee";"188354.9967332967";"214921.2639513714";"51.2429275513";"4.91801548";"";"antwerpseKempen";"1";"INFORMATION_AVAILABLE";"2 weken voor kerstvakantie";"";"014 55 84 10";"";"";"info@dehogerielen.be";"https://www.dehogerielen.be";"deHogeRielen/";"";"";"https://www.instagram.com/dehogerielen/";"Architecturale parel waar het binnen- en buitenleven in elkaar lijken te versmelten. Hier word je één met de natuur, diep in het bos van de Hoge Rielen. Ecologie vormt de rode draad en dat levert hostel Wadi het Green Key-label op. Eenvoudige maar comfortabele kamers voor maximum 4 personen. ";"";"1";"1";"";"";"1";"0";"";"0";"40";"20";"0";"0";"ACKNOWLEDGED";"2020-07-16 00:00:00";"18";"76";"120639";"";"";"";"";"";"";"";"";"";"";"";"";"";"";"";"33.0000";"1";"";"";"10.0000";"7.0500";"1";"1";"1";"1";"";""
"211514";"HOSTEL";"2025-03-06 18:24:21";"0";"Domein 'Aan de Plas'";"Domein 'Aan de Plas'";"BASE";"";"BLANKENBERGSE DIJK";"75";"";"8000";"Brugge";"Brugge";"68275.62265157833";"214391.6527566062";"51.233673";"3.19865";"";"kunststadBrugge";"0";"BASIC";"";"";"+32 50 45 00 56";"";"";"info@aandeplas.be";"http://www.aandeplas.be";"watersportcentrumAandeplas/?ref=hl";"";"";"";"Ruime kamers, tot 6 personen, met aparte badkamer/douche met prachtig zicht op onze mooie plas - gratis internet en TV op de kamer - fietsverhuur + gratis parking - Een oase van groen, sport en recreatie nabij het historisch centrum van  Brugge. openbaar vervoer op slechts 50 meter. Ideaal voor families, scholen en bedrijven.";"";"1";"0";"";"";"1";"0";"";"16";"16";"20";"0";"0";"ACKNOWLEDGED";"2021-04-07 00:00:00";"16";"96";"520981";"";"";"";"";"";"";"";"";"";"";"";"";"";"";"";"";"1";"50.0000";"8.0000";"8.0000";"14.0000";"1";"1";"1";"1";"http://images.visitflanders.org/product/original/211514/d6bf2e05-9a45-4f27-b1ad-be9e22069a25.jpg,http://images.visitflanders.org/product/original/211514/95df7b5e-7dcf-495e-91e4-b9aef63395eb.jpg,http://images.visitflanders.org/product/original/211514/5806b8f2-91f8-481a-b27b-1f2f7e4f3b2c.jpg,http://images.visitflanders.org/product/original/211514/f4526e37-a5f4-41be-b498-fc8c681b42e7.jpg,";""
"211529";"HOSTEL";"2025-03-06 16:24:03";"0";"Ecohostel Andromeda";"Ecohostel Andromeda";"BASE";"";"Bargiekaai";"35";"";"9000";"Gent";"Gent";"103499";"194705.07";"51.06062794003137";"3.705444029567086";"";"kunststadGent";"";"";"";"februari 2016";"";"+32 486 67 80 33";"";"andromeda@ecohostel.be";"http://www.ecohostel.be";"";"";"";"";"De hostel is een omgebouwd binnenschip, de Andromeda, gelegen op een rustig kanaal in een volkse buurt van Gent. Hoe vaak dacht je vroeger niet aan aan mannen met lappen en baarden, houten benen en haken als handen die de zeeën bezeilen, één groot avontuur?  Welkom op het groene piratenschip...  Groen? Low impact: een laag-energieconcept dat volledig CO2 neutraal is, een rietveld als waterzuivering, natuurlatex matrassen en een bio ontbijt zorgen voor een lage ecologische voetafdruk, zonder zelf iets te doen! Op ons terras kan je genieten van een biologische biertje, een glas wijn of een limonade. Maar laat het eco aspect je niet afschrikken, je verliest geen comfort, integendeel! We hebben grote, warme douches en zachte bedden... Low budget: we hebben zowel tweepersoonskamers als slaapzalen, met prijzen vanaf 22€, ontbijt, linnen en toeristenbelasting inbegrepen. Bovendien is de authentieke, bruisende kunststad Gent in de prijs inbegrepen!";"";"";"";"";"";"";"";"";"";"";"";"";"";"ACKNOWLEDGED";"2020-06-05 00:00:00";"4";"18";"";"";"";"";"";"";"";"";"";"";"";"";"";"";"";"";"";"";"";"";"";"";"";"";"";"";"http://images.visitflanders.org/product/original/211529/7f87b178-e50d-460b-b424-9b083f125f55.jpg,http://images.visitflanders.org/product/original/211529/a8ac171d-dc30-4719-8aa8-1269ec10f8c6.jpg,http://images.visitflanders.org/product/original/211529/9f4c73db-946c-4edb-a4b6-1decd196a093.jpg,http://images.visitflanders.org/product/original/211529/cf0f6f29-238b-46e3-855f-d2a97452cc2f.jpg,http://images.visitflanders.org/product/original/211529/b80ecaa5-6b1e-427c-b446-95ed406517b6.jpg,";""
"221459";"HOSTEL";"2025-06-16 21:26:12";"0";"Hostel De Veurs";"Hostel De Veurs";"BASE";"";"KOMBERG";"40";"";"3790";"Voeren";"Voeren";"252018.21";"161063.25";"50.7511365390008";"5.814494265939562";"";"voerstreek";"0";"BASIC";"4/1-1/2/2016";"";"04 381 11 10";"";"";"voeren@hiflanders.be";"https://www.hiflanders.be/nl/bestemmingen/de-veurs-voeren";"";"";"";"";"";"";"1";"1";"";"";"1";"0";"";"27";"54";"32";"0";"0";"ACKNOWLEDGED";"2021-03-10 00:00:00";"25";"118";"320761";"";"";"";"";"";"";"";"";"";"";"";"";"";"";"";"19.8000";"1";"39.8000";"";"7.6500";"10.2000";"1";"1";"1";"1";"http://images.visitflanders.org/product/original/221459/a726245f-b337-4a3b-a08d-e5dfc6ef2c42.jpg,http://images.visitflanders.org/product/original/221459/89b85bf5-3a35-410a-9e3c-d68af5d1dfb2.jpg,";""
"388672";"HOSTEL";"2025-06-23 14:13:02";"0";"Hostel Dunepanne";"Hostel Dunepanne";"BASE";"";"MARIA HENDRIKALAAN";"5";"";"8420";"Wenduine";"De Haan";"56803.83";"219145.84";"51.27465225189282";"3.033203304909571";"";"kust";"";"";"";"";"+32 59 77 90 09";"";"";"DEHAAN@HIFLANDERS.BE";"https://www.hiflanders.be/nl/bestemmingen/dunepanne-de-haan";"";"";"";"";"";"";"";"";"";"";"";"";"";"";"";"";"";"";"ACKNOWLEDGED";"2025-06-23 00:00:00";"47";"119";"";"";"";"";"";"";"";"";"";"";"";"";"";"";"";"";"";"";"";"";"";"";"";"";"";"";"";""
"222222";"HOSTEL";"2025-06-28 20:03:13";"0";"Hostel Focus";"Hostel Focus";"BASE";"";"HOVENIERSSTRAAT";"34";"a";"8500";"Kortrijk";"Kortrijk";"72322.5";"168651.56";"50.82311193460349";"3.266295157588227";"";"leieStreek";"0";"COMFORT";"24/12/2021 - 02/01/2022";"24/12/2021 - 02/01/2022";"056 21 29 08";"";"";"info@focushotel.be";"https://budget.focushotel.be/nl";"";"";"";"";"Hostel met een hoog comfortniveau. Individuele kamers en units voor familie/vrienden. Gelegen op wandelafstand van het toeristisch centrum en winkelcentrum. Ook openbaar vervoer is zeer makkelijk bereikbaar. Keukens beschikbaar voor zelf-kokers.";"";"1";"1";"";"";"1";"1";"";"14";"20";"17";"0";"1";"ACKNOWLEDGED";"2025-01-17 00:00:00";"12";"76";"521301";"";"";"";"";"";"";"";"";"";"";"";"";"";"";"15";"25.0000";"1";"56.0000";"5.0000";"19.0000";"8.0000";"1";"1";"1";"1";"http://images.visitflanders.org/product/original/222222/91df0c4f-cd2c-4624-abb0-98dc101b82e4.jpg,http://images.visitflanders.org/product/original/222222/a103afd0-003a-4620-b42a-8ac5af7f4692.jpg,http://images.visitflanders.org/product/original/222222/daa7eedf-240d-4b04-8a13-9ea0907905cd.jpg,http://images.visitflanders.org/product/original/222222/8025af42-006e-4495-98fe-b5dc9027ccab.jpg,http://images.visitflanders.org/product/original/222222/7f04641e-1118-4b3c-ba75-e90ee08bc80e.jpg,http://images.visitflanders.org/product/original/222222/e5e33c78-5c1c-4323-bab7-d88e9f391b83.jpg,http://images.visitflanders.org/product/original/222222/8c022ec5-75f3-4a89-9b05-2568d465352c.jpg,";""
"346010";"HOSTEL";"2025-03-06 18:25:11";"0";"Hostel Lybeer";"Hostel Lybeer";"BASE";"";"KORTE VULDERSSTRAAT";"31";"";"8000";"Brugge";"Brugge";"69669.34";"211142.34";"51.20465814179352";"3.219315997995277";"";"kunststadBrugge";"";"";"";"";"+32 50 33 43 55";"";"";"info@hostellybeer.com";"http://www.hostellybeer.com";"";"";"";"";"";"";"";"";"";"";"";"";"";"";"";"";"";"";"ACKNOWLEDGED";"2020-07-28 00:00:00";"30";"100";"521411";"";"";"";"";"";"";"";"";"";"";"";"";"";"";"";"";"";"";"";"";"";"";"";"";"";"";""
"211868";"HOSTEL";"2025-06-28 20:03:16";"0";"Hostel Pulcinella";"Hostel Pulcinella";"BASE";"";"BOGAARDEPLEIN";"1";"";"2000";"Antwerpen";"Antwerpen";"152255.31";"211743.47";"51.21563909352667";"4.401034487669473";"";"kunststadAntwerpen";"1";"BASIC";"geen";"";"03 234 03 14";"";"";"antwerpen@hiflanders.be";"https://www.hiflanders.be/nl/bestemmingen/pulcinella-antwerp";"";"";"";"";"Dankzij zijn centrale ligging vormt dit populaire hostel een ideale uitvalsbasis om Antwerpen te ontdekken. Moderne strakke look, leuke hoekjes om lekker te chillen en veel ruimte voor de kids om rond te hossen. Als bonus kan je een gezelschapsspel lenen. De ruime kamers (tot maximum 6 personen) met aparte slaapkamers en eigen badkamer maken het familieplaatje compleet.";"";"1";"0";"";"";"1";"0";"";"50";"54";"60";"0";"0";"ACKNOWLEDGED";"2021-03-02 00:00:00";"47";"162";"121561";"";"";"";"";"";"";"";"";"";"";"";"";"";"";"";"21.5000";"1";"41.5000";"";"7.6500";"10.2000";"1";"1";"1";"1";"";""
"275387";"HOSTEL";"2025-06-04 11:56:05";"0";"Hostel Sport Gent";"Hostel Sport Gent";"BASE";"";"KANODREEF";"1";"";"9000";"Gent";"Gent";"103351.9121717034";"193252.8749715136";"51.047568";"3.703535";"";"kunststadGent";"";"";"Geen";"";"+32 486 94 69 48";"";"";"hostel@krsg.be";"http://www.krsg.be/new/index.php/sport-gent-hostel";"";"";"";"";"";"";"";"";"";"";"";"";"";"";"";"";"";"";"ACKNOWLEDGED";"2020-07-22 00:00:00";"8";"32";"";"";"";"";"";"";"";"";"";"";"";"";"";"";"";"";"";"";"";"";"";"";"";"";"";"";"";""
"345658";"HOSTEL";"2025-03-06 16:20:03";"0";"Hostel The Cover";"The Cover";"BASE";"";"VRIJDAGMARKT";"26";"";"9000";"Gent";"Gent";"104981.16";"194306.18";"51.05715948203021";"3.726634305199463";"";"kunststadGent";"";"";"";"";"0498110410";"";"";"info@thecover.be";"http://thecoverhostel.be";"";"";"";"";"";"";"";"";"";"";"";"";"";"";"";"";"";"";"NOTIFIED";"2017-08-08 00:00:00";"1";"9";"";"";"";"";"";"";"";"";"";"";"Volledig ingerichte keuken. Badkamer met 6 douches. Wasmachine en droogkast. Lockers. Eetruimte. Gemeenschappelijke ontspanningsruimte tussen café en hostel met uitzicht op Vrijdagmarkt. Wifi.";"";"";"";"";"";"";"";"";"";"";"";"";"";"";"";"";""
"210257";"HOSTEL";"2025-06-16 21:24:07";"0";"Hostel Uppelink";"Hostel Uppelink";"BASE";"";"SINT-MICHIELSPLEIN";"21";"";"9000";"Gent";"Gent";"104499.74";"193953.43";"51.05395117229389";"3.71981190438813";"";"kunststadGent";"0";"INFORMATION_AVAILABLE";"";"";"09 279 44 77";"";"";"info@hosteluppelink.com";"https://www.hosteluppelink.com";"";"";"";"";"Kajakken is populair bij jong en oud. En daar speelt dit betaalbare hostel handig op in. Gesitueerd in een van de oudste gebouwen van Gent, met een grandioos uitzicht op de beroemde torenrij. De gemeenschappelijke keuken is een plek van ontmoetingen. ";"";"1";"0";"";"";"1";"0";"";"6";"6";"8";"0";"0";"ACKNOWLEDGED";"2021-05-06 00:00:00";"96";"96";"420931";"";"";"";"";"";"";"";"";"";"";"";"";"";"";"";"";"1";"";"";"";"";"1";"1";"1";"1";"http://images.visitflanders.org/product/original/210257/23d1c2a5-462c-4989-9039-220c795f2775.jpg,http://images.visitflanders.org/product/original/210257/189f36e0-f228-40f7-bef3-d9b33d4fd319.jpg,http://images.visitflanders.org/product/original/210257/3730fbbd-0d9f-423c-871b-51ac70a54e8a.jpg,http://images.visitflanders.org/product/original/210257/6d7db706-2161-4ac5-9aa1-8b967bc06c92.jpg,http://images.visitflanders.org/product/original/210257/39ec03b9-531c-4363-ad3f-b812bef6060a.jpg,http://images.visitflanders.org/product/original/210257/c32a2b80-271a-4133-b08d-f421c09c64e8.jpg,http://images.visitflanders.org/product/original/210257/6151f2a2-4794-447d-8da7-bf15c12cb1de.jpg,";""
"220065";"HOSTEL";"2025-07-03 10:26:10";"0";"Jeugdherberg ""De Ploate";"Jeugdherberg ""De Ploate";"BASE";"";"LANGESTRAAT";"72";"";"8400";"Oostende";"Oostende";"48661.65";"214727.43";"51.23357286692769";"2.917786261888291";"";"kust";"1";"COMFORT";"";"";"059 80 52 97";"";"";"oostende@hiflanders.be";"https://www.hiflanders.be/nl/bestemmingen/de-ploate-oostende";"";"";"";"";"De moderne jeugdherberg voldoet aan alle eisen van de hedendaagse backpacker: comfortabele kamers van 2 tot 6 personen, met privé badkamer. Een leuke lounge en bar om te ontspannen en andere reizigers te ontmoeten, polyvalente zalen; waaronder een strandlabo. De jeugdherberg is ideaal voor een unieke combinatie van stad & zee. En dat geldt zowel voor gezinnen & backpackers als groepen & scholen.";"";"1";"0";"";"";"1";"1";"";"55";"55";"51";"0";"1";"ACKNOWLEDGED";"2021-03-19 00:00:00";"49";"157";"520212";"";"";"";"";"";"";"";"";"";"";"";"";"";"";"";"21.5000";"1";"41.5000";"";"7.6500";"10.2000";"1";"1";"1";"1";"http://images.visitflanders.org/product/original/220065/1573aceb-ccb0-4379-9e82-dd72da4aacc2.jpg,http://images.visitflanders.org/product/original/220065/33751692-fd4e-4128-aaaf-9c02a9857078.jpg,http://images.visitflanders.org/product/original/220065/b76ecd93-e18b-4b2b-8fd1-28d2d432dcb7.jpg,http://images.visitflanders.org/product/original/220065/4bb1c9a8-8c5f-4d18-8130-15e83412d085.jpg,";""
"211517";"HOSTEL";"2025-07-03 10:26:08";"0";"Jeugdherberg ""Herdersbrug";"Jeugdherberg ""Herdersbrug";"BASE";"";"LODEWIJK COISEAUKAAI";"47";"";"8380";"Dudzele";"Brugge";"68111.84";"213806.64";"51.22838428896047";"3.196432077419572";"";"kunststadBrugge";"0";"BASIC";"";"";"050 59 93 21";"";"";"dudzele@vjh.be";"https://www.brugsetr.be/";"";"";"";"";"Een nieuw budgetvriendelijke herberg langs het Boudewijnkanaal, op 6 km van de Kust en Brugge. Het is een ideale uitvalsbasis voor scholen en families om sport / cultuur en een strandbezoek te combineren met elkaar.";"";"1";"1";"";"";"1";"0";"";"20";"23";"24";"0";"0";"ACKNOWLEDGED";"2021-04-26 00:00:00";"20";"112";"520161";"";"";"";"";"";"";"";"";"";"";"";"";"";"";"1";"25.0000";"1";"47.5000";"6.0000";"9.0000";"13.5000";"1";"1";"1";"1";"http://images.visitflanders.org/product/original/211517/d0a12ad2-4195-4aa0-9f8f-783272a8e107.jpg,http://images.visitflanders.org/product/original/211517/33b76183-6634-4535-9623-569a283a14dc.jpg,http://images.visitflanders.org/product/original/211517/186cd8ee-3e27-4fe5-804f-703a411a047f.jpg,http://images.visitflanders.org/product/original/211517/cb7f206f-6855-49aa-a84a-1362d59e2b6c.jpg,http://images.visitflanders.org/product/original/211517/8fb40cf5-ce11-449d-bf86-d7ae03b1511b.jpg,http://images.visitflanders.org/product/original/211517/ae4da41e-ebc5-488d-b30f-0d2fc3db1146.jpg,http://images.visitflanders.org/product/original/211517/65d817a0-8333-4d5c-b38f-43b5ce2f9809.jpg,http://images.visitflanders.org/product/original/211517/3bc855f3-7d6f-41ef-aeeb-a0c45dbf216c.jpg,http://images.visitflanders.org/product/original/211517/488e3ce1-44ba-4137-9c34-78a101a10d53.jpg,http://images.visitflanders.org/product/original/211517/7dc89a27-187a-4aac-8ee6-6623d3cb71d1.jpg,http://images.visitflanders.org/product/original/211517/730d97de-5691-424c-ade8-0eafbd054699.jpg,http://images.visitflanders.org/product/original/211517/0c27ae43-1ecc-4e82-8834-5d5525fe78de.jpg,http://images.visitflanders.org/product/original/211517/c29e2e69-b13c-4dd8-8efc-9b24833ca5cc.jpg,http://images.visitflanders.org/product/original/211517/0286c8d6-307e-4d7b-b32a-22d9037aaa1c.jpg,";""
"250958";"HOSTEL";"2025-06-16 21:26:23";"0";"Jeugdherberg ""Hostel H";"Jeugdherberg ""Hostel H";"BASE";"";"SPOORWEGSTRAAT";"80";"";"3500";"Hasselt";"Hasselt";"217250.39";"180373.32";"50.92976184977616";"5.32538098963042";"";"haspengouw";"1";"COMFORT";"23/12/2017 - 07/01/2018,    23/12/2018 - 06/01/2019";"23/12/2018 - 06/01/2019";"011 45 50 81";"";"";"hasselt@hiflanders.be";"https://www.hiflanders.be/nl/bestemmingen/hostel-h-hasselt";"";"";"";"";"Jong (van geest) en op zoek naar een budgetvriendelijke slaapplek in Limburg? Hou dan zeker halt aan Hostel H! De eerste en enige hostel van Hasselt sloeg zijn kamp strategisch op achter het station, op wandelafstand van het centrum. Het hostel biedt maar liefst 120 jongeren, scholengroepen, rolstoel-, rugzak- of budgettoeristen een plekje onder de lakens aan. Geen stoffige herbergclichés, wel comfi kamers met de H van Hip en een eigen badkamer. Onze favoriete hangplekjes: de backpackersbar en het toekomstige Central Park van Hasselt – een ruige groene stadslong in spe, met zitstenen en speelheuvels.";"";"1";"0";"";"";"1";"0";"";"45";"45";"55";"0";"1";"ACKNOWLEDGED";"2024-02-28 00:00:00";"120";"120";"321621";"";"";"";"";"";"";"";"";"";"";"";"";"";"";"";"21.5000";"1";"41.5000";"";"7.8000";"10.2000";"0";"0";"0";"1";"http://images.visitflanders.org/product/original/250958/322175af-ecaf-4e38-a36f-8660ae099b5f.png,http://images.visitflanders.org/product/original/250958/4f2a90d1-a0b1-4525-a759-61f70913e87e.png,http://images.visitflanders.org/product/original/250958/dbed5237-fb7e-4446-8c1d-9fbf29af6c2f.png,";"http://images.visitflanders.org/product/original/250958/dbed5237-fb7e-4446-8c1d-9fbf29af6c2f.png"
"218998";"HOSTEL";"2025-06-16 21:26:01";"0";"Jeugdherberg Boswachtershuis";"Jeugdherberg Boswachtershuis";"BASE";"";"PAPEDREEF";"1";"";"2260";"Westerlo";"Westerlo";"187720.04";"198140.85";"51.09214260063383";"4.907171105107093";"";"antwerpseKempen";"0";"INFORMATION_AVAILABLE";"van 2 november 2015 tot 1 maart 2016";"";"014 54 79 38";"";"";"westerlo@hiflanders.be";"https://www.hiflanders.be/nl/bestemmingen/boswachtershuis-westerlo";"";"";"";"";"gerenoveerd boswachtershuis";"";"1";"0";"";"";"0";"0";"";"17";"18";"24";"0";"0";"ACKNOWLEDGED";"2020-10-05 00:00:00";"16";"100";"120161";"";"";"";"";"";"";"";"";"";"";"";"";"";"";"";"19.8000";"1";"39.8000";"";"7.6500";"10.2000";"1";"1";"1";"1";"";""
"211311";"HOSTEL";"2025-06-28 20:05:05";"0";"Jeugdherberg De Blauwput";"Jeugdherberg De Blauwput";"BASE";"";"MARTELARENLAAN";"11";"A";"3010";"Kessel-Lo";"Leuven";"174528.26";"174765.35";"50.8827300859936";"4.717305980714793";"";"kunststadLeuven";"1";"BASIC";"01/01/17 tot 07/01/17 en vanaf 22/12/17";"";"016 63 90 62";"";"";"leuven@hiflanders.be";"https://www.hiflanders.be/nl/bestemmingen/de-blauwput-leuven";"";"";"";"";"Dit moderne hostel met familiekamers ligt vlak bij het station Ideaal als uitvalsbasis en bovendien budgetvriendelijk.";"";"1";"0";"";"";"1";"0";"";"29";"52";"40";"0";"0";"ACKNOWLEDGED";"2021-04-07 00:00:00";"116";"116";"220191";"";"";"";"";"";"";"";"";"";"De jeugdherberg voorziet 116 bedden in twee-, vier- en zespersoons kamers";"";"";"";"";"";"19.8000";"1";"39.8000";"";"7.6500";"10.2000";"0";"1";"1";"1";"http://images.visitflanders.org/product/original/211311/58e8e900-6668-47a6-a7ff-667060e9c963.jpg,";"http://images.visitflanders.org/product/original/211311/58e8e900-6668-47a6-a7ff-667060e9c963.jpg"
"211519";"HOSTEL";"2025-06-16 21:26:07";"0";"Jeugdherberg De Draecke";"Jeugdherberg De Draecke";"BASE";"";"SINT-WIDOSTRAAT";"11";"";"9000";"Gent";"Gent";"104469.78";"194396.91";"51.057935080211";"3.719329361919275";"";"kunststadGent";"1";"";"geen";"";"09 233 70 50";"";"";"gent@hiflanders.be";"https://www.hiflanders.be/nl/bestemmingen/de-draecke-gent";"";"";"";"";"Vernieuwde hostel in het hart van de stad. Moderne kamers met eigen badkamer, voor families die op zoek zijn naar betaalbaar comfort. De benedenverdieping steekt in een eigentijds graffiti-jas- je, met werk van de Gentse street art-artiest Bué The Warrior.";"";"1";"0";"";"";"1";"0";"";"30";"30";"30";"0";"0";"ACKNOWLEDGED";"2020-05-05 00:00:00";"119";"119";"420011";"";"";"";"";"";"";"";"";"";"";"";"";"";"";"";"21.5000";"1";"41.5000";"";"7.6500";"10.2000";"1";"1";"1";"1";"http://images.visitflanders.org/product/original/211519/47d7c1e1-e0c4-4c5a-87fb-03c0044dc56d.jpg,http://images.visitflanders.org/product/original/211519/2cda4977-efc8-436e-822a-503602d2b411.jpg,http://images.visitflanders.org/product/original/211519/d7c6b47b-89f7-47bf-ae5e-685c1abc8337.jpg,http://images.visitflanders.org/product/original/211519/8b86f3ca-b9da-4140-be88-5bfacce78427.jpg,http://images.visitflanders.org/product/original/211519/babcc73f-79f3-4252-a373-cf56989649de.jpg,http://images.visitflanders.org/product/original/211519/140be925-1e85-4d35-9174-f6dee4d4df13.jpg,http://images.visitflanders.org/product/original/211519/db0969d2-af59-44ba-88de-4c66d76daa0b.jpg,http://images.visitflanders.org/product/original/211519/b4352407-bd2f-4ac2-8618-454c2fc11688.jpg,http://images.visitflanders.org/product/original/211519/6b5459b7-f4a8-4bf7-bfdc-27745d2e53b9.jpg,http://images.visitflanders.org/product/original/211519/295157c9-03f7-4631-bacc-7b326884263e.jpg,";""
"223103";"HOSTEL";"2025-06-16 21:26:10";"0";"Jeugdherberg De Peerdevisser";"Jeugdherberg De Peerdevisser";"BASE";"";"DUINPARKLAAN";"41";"";"8670";"Oostduinkerke";"Koksijde";"31981.46";"203248.53";"51.12725178255499";"2.682764043209613";"";"kust";"1";"INFORMATION_AVAILABLE";"";"";"058 51 26 49";"";"";"oostduinkerke@hiflanders.be";"https://www.hiflanders.be/nl/bestemmingen/de-peerdevisser-oostduinkerke";"";"";"";"";"De moderne jeugdherberg biedt u een comfortabel verblijf en een uitgelaten sfeer. De jeugdherberg heeft een capaciteit van 134 bedden of beter gezegd 38 kamers (kamers van 2, 4 en 6 personen). Op iedere kamer is er een douche, lavabo & toilet. Voor groepen beschikken wij over 3 vergaderzalen die voorzien zijn met televisie, DVD-speler & projectiescherm.";"";"1";"0";"";"";"1";"0";"";"39";"66";"53";"0";"0";"ACKNOWLEDGED";"2020-06-09 00:00:00";"134";"134";"520661";"";"";"";"";"";"";"";"";"";"";"";"";"";"";"";"19.8000";"1";"39.8000";"";"7.6500";"10.2000";"1";"1";"1";"1";"http://images.visitflanders.org/product/original/223103/0cddd81e-1880-498a-832b-6e5ff8f3f8bf.jpg,http://images.visitflanders.org/product/original/223103/e6ec6598-b0b2-4fc1-b7fb-758487313ef9.jpg,http://images.visitflanders.org/product/original/223103/1b8e7c6a-eb8b-407f-b3d5-82eacd3cbd8d.jpg,http://images.visitflanders.org/product/original/223103/f8c8076a-d033-484b-975e-caceddb21340.jpg,http://images.visitflanders.org/product/original/223103/76e21dc1-75a9-4ad3-b960-dcc0f488847c.jpg,http://images.visitflanders.org/product/original/223103/111c2075-5b1b-4d24-a870-01ee4554f058.jpg,";""
"230124";"HOSTEL";"2025-06-16 21:26:15";"0";"Jeugdherberg Die Loyale";"Jeugdherberg Die Loyale";"BASE";"";"GENTSE STEENWEG";"124";"";"9990";"Maldegem";"Maldegem";"86491.3";"211110.04";"51.20646203065598";"3.459997747446072";"";"meetjesland";"0";"INFORMATION_AVAILABLE";"1/1-14/2/2016 en van 16/11/2016";"";"050 71 31 21";"";"";"maldegem@hiflanders.be";"https://www.hiflanders.be/nl/bestemmingen/die-loyale-maldegem";"";"";"";"";"landelijke villa met nieuwbouw slaapgebouw";"";"0";"1";"";"";"1";"0";"";"22";"33";"32";"0";"0";"ACKNOWLEDGED";"2020-05-12 00:00:00";"74";"114";"420501";"";"";"";"";"";"";"";"";"";"";"";"";"";"";"";"19.8000";"1";"39.8000";"";"7.6500";"10.2000";"1";"1";"1";"1";"http://images.visitflanders.org/product/original/230124/fc320119-da5c-4254-a858-3ecbc2915058.jpg,http://images.visitflanders.org/product/original/230124/74fcb01a-4c6d-4c7b-a4cd-6c603a72524e.jpg,http://images.visitflanders.org/product/original/230124/d2c3e717-5180-4b6e-8bf8-fcc9eed55546.jpg,http://images.visitflanders.org/product/original/230124/12310b83-26d8-4f13-8694-9740b8f6083f.jpg,http://images.visitflanders.org/product/original/230124/1447a285-5a55-4655-b7d5-22e45fa456bf.jpg,http://images.visitflanders.org/product/original/230124/f18c853d-c6df-4071-a99e-a19a08fbc67d.jpg,http://images.visitflanders.org/product/original/230124/ff420d0a-f8c0-4be3-9cfa-d6af41ca8406.jpg,http://images.visitflanders.org/product/original/230124/9849a041-9093-4e14-a2f5-eefa109b8d09.jpg,http://images.visitflanders.org/product/original/230124/cc7e5f0d-41e8-4d35-9a89-6a723837c684.jpg,http://images.visitflanders.org/product/original/230124/93093cec-bc33-43bf-bf37-b8363e0438fc.jpg,http://images.visitflanders.org/product/original/230124/e242e6fb-e7e9-4249-b0d9-b344e3971979.jpg,";""
"211516";"HOSTEL";"2025-06-16 21:34:34";"0";"Jeugdherberg Europa";"Jeugdherberg Europa";"BASE";"";"BARON RUZETTELAAN";"143";"";"8310";"Assebroek";"Brugge";"70634.56";"209965.01";"51.19421040294512";"3.233382466342345";"";"kunststadBrugge";"0";"BASIC";"";"";"050 35 26 79";"";"";"brugge@hiflanders.be";"https://www.hiflanders.be/nl/bestemmingen/europa-brugge";"";"";"";"";"Deze jeugdherberg ligt op 20 min. wandelen van het station en het historische centrum van Brugge. Ideaal voor gasten die een rustige en toffe uitvalsbasis zoeken net buiten het centrum. De jeugdherberg bestaat uit een hoofdgebouw met kamers met gemeenschappelijk sanitair en twee paviljoenen met kamers met eigen sanitair. In de lounge, bar, terras of eetzaal kun je mensen van over de hele wereld ontmoeten. Er is gratis WiFi en ook het ontbijtbuffet is inbegrepen.";"";"1";"0";"";"";"1";"0";"";"35";"84";"43";"0";"0";"ACKNOWLEDGED";"2020-05-08 00:00:00";"210";"210";"520081";"";"";"";"";"";"";"";"";"";"Bedden verdeeld over 1 hoofdgebouw en 2 grote paviljoenen.";"";"";"";"";"";"19.8000";"1";"39.8000";"";"7.6500";"10.2000";"1";"1";"1";"1";"http://images.visitflanders.org/product/original/211516/71999707-1674-4338-8e0e-a8d9b8ca9f5a.jpg,http://images.visitflanders.org/product/original/211516/0cf28241-82aa-431e-928c-a6170b9c7a62.jpg,http://images.visitflanders.org/product/original/211516/f05a1172-cebf-47d0-8e12-e05bb0a2583c.jpg,http://images.visitflanders.org/product/original/211516/4c631c13-9304-4bed-b4d4-a5ba2c46d9a0.jpg,http://images.visitflanders.org/product/original/211516/0c3234e3-f4c9-4623-947d-5dcafd723ccc.jpg,http://images.visitflanders.org/product/original/211516/e0dd48ae-1c9a-4076-9dbc-bcbea02ae81f.jpg,http://images.visitflanders.org/product/original/211516/086ab8ac-e890-48d1-84e5-a730c2d106c0.jpg,http://images.visitflanders.org/product/original/211516/5d8ea7b7-cee0-46cd-9357-d9add622f568.jpg,http://images.visitflanders.org/product/original/211516/b1fadebf-5b72-4f86-8dcc-289a2b3663c9.jpg,";""
"251044";"HOSTEL";"2025-06-16 21:26:32";"0";"Jeugdherberg Groeninghe";"Jeugdherberg Groeninghe";"BASE";"";"PASSIONISTENLAAN";"1";"a";"8500";"Kortrijk";"Kortrijk";"73270.64999999999";"169014.65";"50.82650130665207";"3.279674531364311";"";"leieStreek";"1";"COMFORT";"31/12/2021 - 31/01/2022";"";"056 98 06 92";"";"";"kortrijk@hiflanders.be";"https://www.hiflanders.be/nl/bestemmingen/groeninghe-kortrijk";"";"";"";"";"Een moderne en duurzame hostel met comfortabele kamers van 1, 2, 4 of 6 bedden. Iedere kamer heeft een eigen toilet, lavabo en douche. Daarnaast zijn er ook twee vergaderzalen, een backpackerskeuken, een selfservice restaurant, bar en lounge. Bagageopslag, ontbijt en Wi-Fi worden gratis aangeboden. 
Het hostel ligt op wandelafstand van het station en de Veemarkt.";"";"1";"0";"";"";"1";"0";"";"40";"45";"45";"0";"0";"ACKNOWLEDGED";"2020-05-08 00:00:00";"38";"123";"520402";"";"";"";"";"";"";"";"";"";"";"";"";"";"";"";"";"1";"41.5500";"";"7.2000";"11.7000";"1";"1";"1";"1";"http://images.visitflanders.org/product/original/251044/958197be-4714-433e-a124-c90e4f4d6ddb.jpg,http://images.visitflanders.org/product/original/251044/922bf931-0722-49fa-8c81-5963cff22eb2.jpg,http://images.visitflanders.org/product/original/251044/fd7adb05-91ae-4d53-b6c5-fa2cc874e4d5.jpg,http://images.visitflanders.org/product/original/251044/78a640ed-3327-4f75-9689-4a494c933c99.jpg,http://images.visitflanders.org/product/original/251044/3a798687-926f-450d-81fb-67d8e6e99b2d.jpg,http://images.visitflanders.org/product/original/251044/6a29cf92-1a1b-4ce7-a906-d742a9e84322.jpg,";""
"230122";"HOSTEL";"2025-06-28 20:05:10";"0";"Jeugdherberg 't Schipken - Kikker";"Jeugdherberg 't Schipken - Kikker";"BASE";"";"KAMPSTRAAT";"59";"";"9500";"Onkerzele";"Geraardsbergen";"117222.203965994";"164889.494972768";"50.7940938";"3.9025993";"";"vlaamseArdennen";"1";"BASIC";"";"";"+3254416189";"+32478982887";"";"jeugdherberg.tschipke@oost-vlaanderen.be";"https://www.degavers.be";"";"";"";"";"gerestaureerde hoeve";"";"0";"1";"";"";"1";"0";"";"17";"20";"23";"0";"1";"ACKNOWLEDGED";"2020-05-08 00:00:00";"10";"62";"420281";"";"";"";"";"";"";"";"";"";"De vierkantshoeve bestaat uit 2 volledig onafhankelijke vleugels. De oude hoeve biedt plaats aan 42 personen en de nieuwe vleugel aan maximum 62 personen.";"";"";"";"";"1";"23.3000";"1";"43.6000";"5.3000";"9.0000";"12.0000";"1";"1";"1";"1";"http://images.visitflanders.org/product/original/230122/7255fc54-8dc9-47e9-8732-35dc3d803ed8.jpg,http://images.visitflanders.org/product/original/230122/ce3bcd01-aab9-45da-bfca-affc4c1b9b01.jpg,http://images.visitflanders.org/product/original/230122/f5eb7253-1867-46bb-b580-01485305e419.jpg,";""
"211044";"HOSTEL";"2025-03-06 16:15:12";"0";"KaBa Hostel";"KaBa Hostel";"BASE";"";"FILIPS VAN ARTEVELDESTRAAT";"35";"";"9000";"Gent";"Gent";"105570.89";"193539.24";"51.05031124931698";"3.735138683140595";"";"kunststadGent";"0";"";"";"";"09 233 53 33";"+32474518968";"";"info@kabahostel.be";"http://www.kabahostel.be";"";"";"";"";"Voor het hippe gezin op zoek naar een budgetvriendelijk logeer- adres waar alles veilig en proper is. De groene tuin is een plus- punt voor de kinderen";"";"0";"0";"";"";"1";"0";"";"8";"14";"9";"0";"1";"ACKNOWLEDGED";"2020-06-11 00:00:00";"38";"38";"420991";"";"";"";"";"";"";"";"";"";"";"";"";"";"";"";"28.0000";"1";"";"";"";"";"1";"1";"1";"1";"http://images.visitflanders.org/product/original/211044/de43988e-6734-45ad-a13d-99a86dc72f42.jpg,http://images.visitflanders.org/product/original/211044/cd51a65d-4f97-4b6d-a492-a3cfc17a7ad0.jpg,http://images.visitflanders.org/product/original/211044/f659e86b-8b25-4d61-99c7-18c1eb543efe.jpg,http://images.visitflanders.org/product/original/211044/b7b4474f-90f1-4a9d-a766-98a6822ec4c8.jpg,http://images.visitflanders.org/product/original/211044/86c5cd5d-038d-4c66-9d8b-4cd413ee19c6.jpg,http://images.visitflanders.org/product/original/211044/dc6b5ff7-2bc7-45d4-baa3-9dc4c4303829.jpg,http://images.visitflanders.org/product/original/211044/cd0734bf-4bdb-4c58-a146-7b9cc7b0ce24.jpg,http://images.visitflanders.org/product/original/211044/793d8147-b8a6-4772-b6da-31e5bded865a.jpg,http://images.visitflanders.org/product/original/211044/e0942a88-1a3f-400c-b044-7e30860a489a.jpg,http://images.visitflanders.org/product/original/211044/3e589ff8-9923-4960-a1dc-499cb677cda7.jpg,http://images.visitflanders.org/product/original/211044/53b437fb-03f8-40a1-8b71-f26fe2bba21d.jpg,";""
"230288";"HOSTEL";"2025-07-03 10:26:12";"0";"Lakeside Paradise Sport Hostel";"Lakeside Paradise Sport Hostel";"BASE";"";"Duinenwater";"41";"";"8300";"Knokke-Heist";"Knokke-Heist";"73646.60000000001";"225898.19";"51.33781175230904";"3.273104237495033";"";"kust";"0";"COMFORT";"";"";"+3250606035";"";"";"info@lakesideparadise.be";"http://lakesideparadise.be";"lakesideparadise";"";"";"https://www.instagram.com/lakeside_paradise/";"Lakeside Paradise Sport Hostel is een idyllisch gelegen jeugdherberg die deel uitmaakt van de watersportclub Lakeside Paradise / Surfers Paradise. Het biedt plaats aan een maximum van 80 personen en dit in 2 kamers van 12 bedden, 2 kamers van 4 bedden en 6 kamers van 8 bedden.";"";"1";"0";"";"";"1";"1";"";"7";"14";"7";"0";"0";"ACKNOWLEDGED";"2021-11-18 00:00:00";"10";"64";"521461";"";"";"";"";"";"";"";"";"";"80 bedden2 kamers 12p6 kamers 8p2 kamers 4pgemeenschappelijk sanitairkamers ook in totaliteit te huur";"";"";"";"";"";"25.0000";"1";"";"10.0000";"";"";"1";"1";"1";"1";"http://images.visitflanders.org/product/original/230288/e0ed0c61-cc3f-4fed-b682-4f6c9e8b95a9.jpg,http://images.visitflanders.org/product/original/230288/d3c40f10-5f7e-4052-9460-4d9d53bb444c.jpg,http://images.visitflanders.org/product/original/230288/791f0c9b-42d8-41f8-97b2-7a2e9b4d7713.jpg,http://images.visitflanders.org/product/original/230288/f28c21f8-1fb3-4503-8e8d-dc89cd39657b.jpg,";""
"211043";"HOSTEL";"2025-03-06 15:54:05";"0";"Leuven City Hostel";"Leuven City Hostel";"BASE";"";"Ravenstraat";"37";"";"3000";"Leuven";"Leuven";"173941.63";"174296.79";"50.87854255004424";"4.708939356127963";"";"kunststadLeuven";"0";"COMFORT";"";"";"+32 16 84 30 33";"";"";"info@leuvencityhostel.com";"https://www.leuvencityhostel.com";"";"";"";"";"De mix van een gezellige patio, knusse lounge en vrolijk ontbijt- café maken van dit hostel dé plek om reisgenoten te ontmoeten. Logeren aan een zacht prijsje? Dan is dit kleurrijke adresje ideaal. De vierpersoonskamer voorziet twee stapelbedden. Stap buiten en je komt pal in het centrum terecht.";"";"1";"0";"";"";"1";"1";"";"5";"14";"5";"0";"1";"ACKNOWLEDGED";"2023-05-02 00:00:00";"9";"33";"220521";"";"";"";"";"";"";"";"";"";"";"";"";"";"";"1";"";"1";"";"";"";"";"1";"1";"1";"1";"http://images.visitflanders.org/product/original/211043/d2c803a0-9281-427e-ac4b-41ee5a8e12fe.jpg,http://images.visitflanders.org/product/original/211043/40be47f8-bad2-474f-bf7a-c8ea9628807f.jpg,http://images.visitflanders.org/product/original/211043/742a1413-ffbd-44d2-a24c-bdeea6c5b2ea.jpg,http://images.visitflanders.org/product/original/211043/fca8f001-ebdb-4e5e-bab6-cc490511653c.jpg,http://images.visitflanders.org/product/original/211043/860d53c9-e285-4540-8c11-4401a1f01279.jpg,";"http://images.visitflanders.org/product/original/211043/fca8f001-ebdb-4e5e-bab6-cc490511653c.jpg"
"223295";"HOSTEL";"2025-06-28 20:15:16";"0";"Peace Village Hostel/groepsverblijf";"Peace Village Hostel/groepsverblijf";"BASE";"";"NIEUWKERKESTRAAT";"9";"a";"8957";"Mesen";"Mesen";"46083.02";"162768.47";"50.76614406729806";"2.895626025001891";"";"westhoek";"0";"BASIC";"";"";"+32 57 22 60 40";"+32 474 72 09 84";"";"info@peacevillage.be";"http://www.peacevillage.be";"PeaceVillageMessines";"https://twitter.com/vredesdorpmesen";"";"";"Het Vredesdorp vzw is de perfecte uitvalsbasis voor groepen om de couleur locale van de Westhoek en haar oorlogsverleden te ontdekken. Ook zijn bosklassen en familieuitstapjes van harte welkom bij ons. Als fietsvriendelijk logies in het groene heuvelland cateren wij ook voor sportclubs. 

Het Huis blinkt uit in rust, ruimte en leent zich perfect om zowel grote als middelgrote groepen te ontvangen. De hostel kan 165 personen te slapen leggen in 43 studio’s met elk hun slaap- en leefruimte met afzonderlijke douche- en toiletmogelijkheden. Na een bewogen dag, kun je uitrusten met een lekker maal in ons restaurant of op het terras met een streekbier terwijl de zon langzaamaan wegzinkt achter de Kemmelberg.";"";"1";"0";"";"";"1";"1";"";"40";"40";"40";"0";"0";"ACKNOWLEDGED";"2022-06-09 00:00:00";"43";"164";"521011";"";"";"";"";"";"";"";"";"";"tenten mogelijk in de zomerperiode (juli- augustus- september)";"";"";"";"";"";"26.0000";"1";"44.0000";"0.0000";"10.0000";"12.0000";"1";"1";"1";"1";"http://images.visitflanders.org/product/original/223295/13db3ca7-c0e0-41fa-ad4d-cf735a89d1d0.jpg,http://images.visitflanders.org/product/original/223295/60e454f6-7e67-4260-a181-5210eff7947c.jpg,http://images.visitflanders.org/product/original/223295/d716a763-10cb-404b-9c25-a42118174dcf.jpg,http://images.visitflanders.org/product/original/223295/b33e308b-ce3d-4285-8a5b-4639b2056768.jpg,";""
"405862";"HOSTEL";"2025-03-07 01:06:50";"0";"Radja";"Radja";"BASE";"";"COLIBRILEI";"28";"";"2850";"Boom";"Boom";"150138.5561285277";"197171.0920555396";"51.0846595764";"4.3707375526";"";"scheldeland";"";"";"";"";"0475592761";"";"";"christophdebusscher@gmail.com";"";"";"";"";"";"";"";"";"";"";"";"";"";"";"";"";"";"";"";"NOTIFIED";"2024-12-06 00:00:00";"5";"8";"";"";"";"";"";"";"";"";"";"";"";"";"";"";"";"";"";"";"";"";"";"";"";"";"";"";"";""
"406561";"HOSTEL";"2025-03-06 13:04:15";"0";"Reigersnest - Hostel";"Reigersnest - Hostel";"BASE";"";"PRINS BOUDEWIJNLAAN";"39";"";"8670";"Koksijde";"Koksijde";"27564.54783892873";"201356.2382025234";"51.10934";"2.620327";"";"kust";"";"";"";"";"";"";"";"reigersnest@gezinsbond.be";"";"";"";"";"";"";"";"";"";"";"";"";"";"";"";"";"";"";"";"ACKNOWLEDGED";"2025-02-25 00:00:00";"8";"8";"";"";"";"";"";"";"";"";"";"";"";"";"";"";"";"";"";"";"";"";"";"";"";"";"";"";"";""
"211515";"HOSTEL";"2025-06-28 20:22:13";"0";"Snuffel";"Snuffel";"BASE";"";"EZELSTRAAT";"42";"";"8000";"Brugge";"Brugge";"69634.33";"212089.24";"51.2131633988981";"3.21860538972909";"";"kunststadBrugge";"1";"COMFORT";"";"";"050 33 31 33";"";"";"info@snuffel.be";"http://www.snuffel.be";"Snuffelbackpackerhostel";"";"";"https://www.instagram.com/snuffelhostel/";"Centraal gelegen recente budget-accommodatie voor heel de fa- milie. De kamers zijn hedendaags en functioneel ingericht. Leuk extra: de familiekamers beschikken over eigen sanitair. De vele jeugdige bezoekers zorgen voor een gezellige drukte in de ge- meenschappelijke ruimte met aangename tuin en terras";"";"1";"1";"";"";"1";"0";"";"9";"10";"6";"0";"1";"ACKNOWLEDGED";"2018-01-09 00:00:00";"32";"120";"520012";"";"";"";"";"";"";"";"";"";"8 x 6-persoonskamers12 x 4-persoonskamers12 x 2-persoonskamers";"";"";"";"";"";"";"0";"";"";"";"";"1";"1";"1";"1";"http://images.visitflanders.org/product/original/211515/7fd6d72a-6929-43ef-8a50-13867ce94b0c.jpg,http://images.visitflanders.org/product/original/211515/f657faff-d758-4773-b0b8-5e739e2a3f2e.jpg,http://images.visitflanders.org/product/original/211515/2b8325f1-fed9-4611-8676-57ed9e2ee76e.jpg,http://images.visitflanders.org/product/original/211515/fad0d936-5b61-4841-9152-86459fc06af2.jpg,http://images.visitflanders.org/product/original/211515/58e843cf-2a65-4d33-b621-2d3d0af9ac6f.jpg,";""
"211731";"HOSTEL";"2025-03-06 18:24:16";"0";"St. Christopher's Bauhaus Hostel";"St. Christopher's Bauhaus Hostel";"BASE";"";"LANGESTRAAT";"133-137";"";"8000";"Brugge";"Brugge";"70937.71000000001";"211927.77";"51.21189209216619";"3.237290972384097";"";"kunststadBrugge";"0";"BASIC";"";"";"+32 50 34 10 93";"";"";"info@bauhaus.be";"https://www.bauhaus.be";"";"";"";"";"Dit hostel bestaat uit verschillende panden die langs de achterzijde met elkaar verbonden zijn, gelegen in het oude stadsgedeelte van Bruggge.";"";"1";"";"";"";"1";"";"";"";"";"";"0";"";"NOTIFIED";"";"176";"193";"521131";"";"";"";"";"";"";"";"";"";"";"";"";"";"";"";"";"";"";"";"";"";"";"";"";"";"";""
"287314";"HOSTEL";"2025-04-24 11:55:04";"0";"The ASH (Antwerp Student Hostel)";"The ASH (Antwerp Student Hostel)";"BASE";"";"Italiëlei";"237-239";"";"2000";"Antwerpen";"Antwerpen";"153372.64";"212289.56";"51.22054202870957";"4.417030493715592";"";"kunststadAntwerpen";"0";"";"";"";"+3235008817";"+32475287186";"";"";"https://www.antwerpstudenthostel.com";"";"";"";"";"";"";"1";"1";"";"";"1";"1";"";"9";"12";"12";"0";"1";"ACKNOWLEDGED";"2024-06-27 00:00:00";"69";"204";"121961";"";"";"";"";"";"";"";"";"";"";"";"";"";"";"";"";"1";"";"";"";"";"0";"0";"0";"1";"";""
"400609";"HOSTEL";"2025-03-06 23:49:57";"0";"Viktoria Hostel";"Viktoria Hostel";"BASE";"";"MUTSAARDSTRAAT";"14";"";"2000";"Antwerpen";"Antwerpen";"152546.5298481964";"212722.9073443543";"51.224443";"4.405216";"";"kunststadAntwerpen";"";"";"";"";"0470987654";"";"";"info@stalus.be";"https://www.booking.com/hotel/be/viktoriahostel.nl.html";"";"";"";"";"";"";"";"";"";"";"";"";"";"";"";"";"";"";"NOTIFIED";"2024-01-14 00:00:00";"5";"12";"";"";"";"";"";"";"";"";"";"";"";"";"";"";"";"";"";"";"";"";"";"";"";"";"";"";"";""
"380533";"HOSTEL";"2025-06-02 13:54:02";"0";"Yust";"Yust";"BASE";"";"COVELIERSSTRAAT";"6";"";"2600";"Berchem";"Antwerpen";"153359.85";"209885.7";"51.19893518668739";"4.416824841974693";"";"kunststadAntwerpen";"";"";"";"";"+32 498 34 76 86";"";"";"louis@yust.com";"https://www.yust.com";"";"";"";"";"Yust verrast met een jong en eigentijds concept. Het hotel is po- pulair bij gezinnen dankzij de familiekamers met stapelbedden. De speels opgevatte shared spaces nodigen uit om samen een gezelschapsspel te spelen. Niet te missen: een gezellige drink op de rooftopbar.";"";"";"";"";"";"";"";"";"";"";"";"";"";"NOTIFIED";"2024-04-15 00:00:00";"16";"104";"";"";"";"";"";"";"";"";"";"";"";"";"";"";"";"";"";"";"";"";"";"";"";"";"";"";"";""
