"business_product_id";"information_group";"discriminator";"sub_type";"changed_time";"deleted";"name";"street";"house_number";"box_number";"postal_code";"city_name";"main_city_name";"distance";"promotional_region";"x";"y";"accessibility_label";"phone1";"phone2";"phone3";"email";"website";"facebook";"twitter";"flickr";"instagram";"accessibility_description";"deaf_desc";"auditive_desc";"mental_desc";"blind_desc";"visual_desc";"autism_desc";"deaf";"auditive";"mental";"motor";"blind";"visual";"autism";"entrance";"route_and_levels";"common_toilet";"extra_facilities";"imagesurlmain";"imagesurl"
"380385";"ROUTE";"LOOP";"";"2025-03-06 20:43:14";"0";"4 toegankelijke stadswandelingen";"GROTE MARKT";"45";"";"9100";"Sint-Niklaas";"Sint-Niklaas";"";"waasland";"134183.3399933807";"205980.3863059524";"";"+32 3 778 35 00";"";"";"toerisme@sint-niklaas.be";"http://www.sint-niklaas.be ";"";"";"";"";"Studenten van het Technisch Instituut Sint-Carolus hebben samen met de stad vier ‘toegankelijke’ stadswandelingen uitgetekend. 
Er is een folder waarin de vier verschillende routes zijn uitgestippeld. De wandelingen lopen over de Grote Markt, door het stadspark, langs de Stationsstraat en het Regentieplein en door de buurt rond de Nieuwstraat en het Heymanplein. Het zijn lussen van 500 tot maximum 1.300 meter, telkens met alle nodige info bij. We geven ook praktische info mee over de meest toegankelijke horecazaken om een pauze in te lassen en om het boeiend te houden, bedachten we ook een reeks doe-opdrachten.";"";"";"";"";"";"";"0";"0";"0";"1";"0";"0";"0";"";"";"";"";"";""
"357559";"ROUTE";"LOOP";"";"2025-03-07 00:15:40";"0";"Abdijenroute: een autoroute voor iedereen";"KONINGIN ELISABETHLEI";"22-24";"";"2018";"Antwerpen";"Antwerpen";"";"kunststadAntwerpen";"153053.0110231641";"209856.9543121122";"";"+32 3 240 63 90";"";"";"liesbet.dewit@provincieantwerpen.be";"https://www.kempen.be/route/abdijenroute";"";"";"";"";"Tien eeuwen oud en nog altijd even fascinerend: de Kempense abdijen. Volg de blauw-witte borden van deze autoroute en ontdek inspirerende verhalen en opmerkelijk erfgoed. De Abdijenroute wordt in 2024 vernieuwd dus hou zeker https://www.kempen.be/route/abdijenroute in de gaten voor de meest actuele informatie.";"";"";"";"";"";"";"0";"0";"0";"1";"0";"0";"0";"";"";"";"";"";""
"276602";"ROUTE";"LOOP";"HIKING_LOOP";"2022-06-08 07:45:08";"0";"Abenopad";"Vakenstraat";"18";"";"3110";"Rotselaar";"Rotselaar";"";"hageland";"174888.32";"183597.13";"";"+32 16 61 64 15";"";"";"toerisme@rotselaar.be";"http://www.rotselaar.be";"";"";"";"";"Rotselaar heeft ook een toegankelijk wandelpad, het Abenopad. Het is een natuurwandeling van 3 km lang, geschikt voor rolstoelgebruikers, die vertrekt aan de Plas van Rotselaar. Het Abenopad is nu ook opgenomen in het nieuwe wandelnetwerk Demer en Dijle (langs de knooppunten 614-613-612-608-609-610-611-614). Op dit nieuwe wandelnetwerk zijn ook enkele toegankelijke paden rond Werchter Park (gelegen langs de Haachtsesteenweg nr 23, 3118 Werchter) opgenomen (rond knooppunten 632-633-634). Tussen 1 mei en 15 september kan het park afgesloten worden in het kader van de festivals en/of nodige onderhoudswerken.";"";"";"";"";"";"";"0";"0";"0";"1";"0";"0";"0";"";"";"";"";"";""
"357557";"ROUTE";"LOOP";"";"2025-06-28 19:49:02";"0";"Arboretum van Groenendaal ";"Duboislaan ";"2";"";"1560";"Hoeilaart";"Hoeilaart";"";"groeneGordel";"155246.6793828133";"161932.5070667611";"";"";"";"";"anb@vlaanderen.be";"https://www.natuurenbos.be/arboretum-van-groenendaal ";"";"";"";"";"In het Arboretum van Groenendaal staan ruim 400 verschillende inheemse en uitheemse bomen en struiken. Je kunt er onder meer kennismaken met de Japanse koekjesboom, de reusachtige mammoetbomen en uitzonderlijke soorten esdoorn en eik. Het arboretum vertoont een prachtig reliëf waardoor het er aangenaam wandelen is. Combineer een bezoek aan het arboretum met een wandeling door het aangrenzende begrazingsblok en kom oog in oog te staan met de Schotse Hooglanders.";"";"";"";"Er is een excursiepad voor blinden en slechtzienden. Dit pad loopt samen met het Spinnenpad, een wandeling van 2,5 km met doe-opdrachtjes voor kinderen. Blinden en slechtzienden kunnen er terecht onder begeleiding.";"";"";"0";"0";"0";"0";"1";"1";"0";"";"";"Het excursiepad voor blinden en slechtzienden/het Spinnenpad is niet rolstoeltoegankelijk.";"";"";""
"399070";"ROUTE";"LOOP";"";"2025-03-06 10:20:41";"0";"Blindenpad (Zwinduinen)";"";"";"";"8300";"Knokke-Heist";"Knokke-Heist";"";"kust";"";"";"";"";"";"";"anb@vlaanderen.be";"https://www.natuurenbos.be/zwinduinen";"";"";"";"";"De wandelroute ‘Zwinduinen en -polders’ kreeg het label Groene Halte+. Deze wandeling is namelijk niet alleen goed bereikbaar met het openbaar vervoer, maar ook toegankelijk voor mensen met beperkte mobiliteit. Het grootste deel van het traject kan zowel door blinden en slechtzienden als door rolstoelgebruikers volledig zelfstandig afgelegd worden – met behulp van de routebeschrijving en de kaart in de brochure en eventueel de audioguide, de gpx-track en/of de grootletterversie van de brochure op www.groenehalte.be.";"";"";"";"";"";"";"";"";"";"1";"1";"1";"";"";"";"";"";"";""
"404881";"ROUTE";"LOOP";"";"2025-03-06 10:58:06";"0";"Blindentuin in Domeinbos Ryckevelde";"HOLLEWEG";"";"";"8310";"Assebroek";"Brugge";"";"kunststadBrugge";"74836.0942593856";"211011.171323065";"";"";"";"";"";"https://www.natuurenbos.be/natuurgebieden/ryckevelde";"";"";"";"";"In de ecologische heemtuin van Ryckevelde in Assebroek kan je op een domein van 3 hectare over een educatief pad wandelen, waarlangs je kan kennismaken met de specifieke landschapselementen van de streek. Her en der langs het pad staan informatieborden over de fauna en flora die je op de arme zandgronden terugvindt, steeds vergezeld van een braillebord voor slechtzienden en blinden. Een handige gidslijn wijst bovendien de juiste weg. Een echte doe-ervaring, want je mag de planten ook aanraken, besnuffelen en zelfs proeven! Ook voor rolstoelgebruikers is dit pad perfect toegankelijk. 
Lengte: 1,3 kilometer.";"";"";"";"";"";"";"";"";"";"1";"1";"1";"";"";"";"";"";"";""
"276595";"ROUTE";"LOOP";"HIKING_LOOP";"2025-03-06 14:55:31";"0";"Brussel: Grootstad in ’t klein (vijf korte stadswandelingen)";"Zaterdagplein";"6";"";"1000";"Brussel";"Brussel";"";"kunststadBrussel";"148685.38";"171232.53";"";"+32 2 218 27 19";"";"";"info@fedos.be";"https://www.fedos.be";"";"";"";"";"Via deze vijf wandelingen kunnen toeristen die iets minder goed te been zijn enkele mooie en verborgen hoekjes van Brussel verkennen. De wandelingen werden ontwikkeld met het oog op de doelgroep senioren, maar zijn meteen ook interessant voor iedereen die wat minder conditie heeft of (tijdelijk) wat minder goed te been is. Of gewoon voor de liefhebber van een mooie, korte wandeling door Brussel. De wandelingen variëren tussen 1,5 en 2,2 km en op regelmatige tijdstippen loopt de wandeling langs banken waarop even uitgerust kan worden of langs horecazaken die een uiterst gezellige sfeer uitademen. Er werden vijf wandelingen ontwikkeld:
- De Vismarkt en de oude kaaien
- De wijk van de Zavel
- Rondom de Kolenmarkt en het Rouppeplein
- Van Brouckèreplein tot Koninklijke Vlaamse Schouwburg 
- De O.L.V. Ter Sneeuwwijk en de Congreskolom
Dit is een initiatief van FEDOS Brussel. De wandelingen kunnen gratis besteld worden via de vermelde contactgegevens. ";"";"";"";"";"";"";"0";"0";"0";"1";"0";"0";"0";"";"";"";"";"";""
"276736";"ROUTE";"LOOP";"HIKING_LOOP";"2025-02-22 17:37:52";"0";"Dagtrips Bocholt";"Dorpsstraat";"16";"";"3950";"Bocholt";"Bocholt";"";"limburgseKempen";"234650.98";"207773.63";"";"+32 89 20 19 30";"";"";"toerisme@bocholt.be";"http://visit.bocholt.be";"";"";"";"";"In Bocholt zijn er verschillende bezoekmogelijkheden die je de sfeer van het landelijke Bocholt laten opsnuiven. Zo is er o.a. de mogelijkheid tot huifkar- en koetsentochtjes, een bezoek aan de Alpacaboerderij en zijn er verschillende wandelingen die je via verharde paden naar de mooiste plekjes in en rond Bocholt en zijn deelgemeenten brengen. De uitgebreide informatie krijg je bij Toerisme Bocholt. Bij hen kan je ook de brochure ‘Dagtrips Bocholt’ opvragen met hierin een duidelijk overzicht van de verschillende bezoekmogelijkheden, al dan niet toegankelijk voor mensen met een beperking. Wandelkaarten zijn eveneens beschikbaar.";"";"";"";"";"";"";"0";"0";"0";"1";"0";"0";"0";"";"";"";"";"";""
"402582";"ROUTE";"LOOP";"HIKING_LOOP";"2025-03-06 16:37:29";"0";"Dementievriendelijk wandelen in Mechelen";"VLEESHOUWERSSTRAAT";"6";"";"2800";"Mechelen";"Mechelen";"";"kunststadMechelen";"157746.4970772411";"190838.7949172128";"";"+32 15 29 76 54";"";"";"visit@mechelen.be";"https://www.visitmechelen.be/dementievriendelijke-wandelingen";"";"";"";"";"Mechelen is een dementievriendelijke stad en dat kunnen mensen met dementie nu ook ervaren tijdens, onder andere, de nieuwe dementievriendelijke wandelingen. Kies voor de 'Bourgondische wandeling' of 'Natuur in de stad'. De wandelingen zijn zo opgebouwd dat ze inspelen op herinneringen en zintuigen van de deelnemers. Oude verhalen komen terug naar boven en verschillende zintuigen worden geprikkeld. Je geniet samen met je wandelpartner van het leven in de stad en de zalige plekjes natuur die je onderweg tegenkomt. Of ga voor de wandelingen in het Tivolidomein. Je kan hier kiezen voor een lange of korte wandeling door het neerhof en de kinderboerderij.";"";"";"";"";"";"";"";"";"";"1";"";"";"";"";"";"";"";"";""
"276819";"ROUTE";"LOOP";"HIKING_LOOP";"2020-06-02 15:20:43";"1";"Donkmeer wandelroute";"Donklaan";"123";"";"9290";"Berlare";"Berlare";"";"scheldeland";"122958.79";"192464.16";"";"+32 9 269 26 00";"";"";"toerisme@oost-vlaanderen.be";"http://www.tov.be/toegankelijkheid";"";"";"";"";"Het Donkmeer (86 ha) is letterlijk één van de grootste toeristische trekpleisters van Oost-Vlaanderen. De route van 5 km start aan het toeristisch infokantoor en neemt je mee langs een oude meander van de schelde. Je komt langs velden, bossen, vijvers en polders.

Een volledige wegbeschrijving vind je in de brochure ""Wandelen met een +"" uitgegeven door Toerisme Oost-Vlaanderen. De brochure vermeld zowel de pluspunten als de aandachtspunten van de wandeling. Ook toegankelijke restaurants en cafés worden besproken. De wandeling werd op toegankelijkheid gescreend door ATO (Adviesbureau Toegankelijke Omgeving). 

De brochure aanvragen kan op www.tov.be/toegankelijkheid en kost 3 Euro. Op de website vind je ook een gedetailleerde toegankelijkheidsfiche.";"";"";"";"";"";"";"0";"0";"0";"1";"0";"0";"0";"";"";"";"";"";""
"276822";"ROUTE";"LOOP";"HIKING_LOOP";"2020-06-02 15:20:45";"1";"Doornhammeke wandelroute";"Dorp";"9";"";"9840";"Zevergem";"Nazareth-De Pinte";"";"leieStreek";"102678.72";"185546.17";"";"+32 9 269 26 00";"";"";"toerisme@oost-vlaanderen.be";"http://www.tov.be/toegankelijkheid";"";"";"";"";"In Zevergem, een deelgemeente van De Pinte, wandel je langs de oude Scheldemeander 't Doornhammeke en langs het kasteel van Welden. De wandeling start aan de Onze-Lieve-Vrouwekerk in de dorpskern van Zevergem en is 5,6 km lang.

Een volledige wegbeschrijving vind je in de brochure ""Wandelen met een +"" uitgegeven door Toerisme Oost-Vlaanderen. De brochure vermeld zowel de pluspunten als de aandachtspunten van de wandeling. Ook toegankelijke restaurants en cafés worden besproken. De wandeling werd op toegankelijkheid gescreend door ATO (Adviesbureau Toegankelijke Omgeving). 

De brochure aanvragen kan op www.tov.be/toegankelijkheid en kost 3 Euro. Op de website vind je ook een gedetailleerde toegankelijkheidsfiche.";"";"";"";"";"";"";"0";"0";"0";"1";"0";"0";"0";"";"";"";"";"";""
"276715";"ROUTE";"LOOP";"HIKING_LOOP";"2025-03-06 20:05:37";"0";"Dr. Malbrain-wandelpad";"Grote Markt ";"";"";"9200";"Dendermonde";"Dendermonde";"";"scheldeland";"131148.0528768168";"191153.4161831969";"";"+32 52 21 39 56";"";"";"toerisme@dendermonde.be";"http://www.toerismedendermonde.be";"";"";"";"";"Het Dr. Malbrain-wandelpad (zo’n 5 km lang) ligt in een volledig groene omgeving en is geschikt voor rolstoelgebruikers en andere minder mobiele wandelaars. Een folder over dit pad krijg je gratis bij de dienst Toerisme of kan je downloaden via de website.";"";"";"";"";"";"";"0";"0";"0";"1";"0";"0";"0";"";"";"";"";"";""
"393234";"ROUTE";"LOOP";"HIKING_LOOP";"2025-03-06 23:21:37";"0";"Drempelvrije en toegankelijke wandelroutes";"BERTEN PILSTRAAT";"5";"a";"8980";"Zonnebeke";"Zonnebeke";"";"westhoek";"52840.54191555076";"174153.5269206651";"";"+32 51 77 04 41";"";"";"toerisme@zonnebeke.be";"https://www.toerismezonnebeke.be/zien-en-doen/drempelvrij-wandelen";"";"";"";"";"Verken Zonnebeke via drie toegankelijke wandellussen die voldoen aan de Toerisme Vlaanderen toegankelijkheidsnormen: Tyne Cot Cemetery wandelroute (5,8 km), Polygon Wood wandeling (4,6 km) en Geluveld wandeling (2,6 km). Download de route via de website en vind er de informatie die op infopanelen langs elke lus staat. Voor extra informatie op maat kun je terecht bij de dienst voor toerisme Zonnebeke.";"";"";"";"";"";"";"0";"0";"0";"1";"0";"0";"0";"";"";"";"";"";""
"276626";"ROUTE";"THEMATIC_ROUTE";"HIKING_THEMATIC_ROUTE";"2025-03-06 11:18:46";"0";"Erfgoedwandeling voor iedereen";"Rijselstraat";"77";"";"8930";"Menen";"Menen";"";"leieStreek";"62171.4";"165421.88";"";"+32 56 53 23 63";"";"";"schippershof@menen.be";"www.westkans.be/nl/projecten/versterkte-steden";"";"";"";"";"Historische erfgoedwandeling doorheen Menen. De erfgoedwandeling is aan te kopen voor 2 euro bij toerisme Menen.";"";"";"";"";"";"";"0";"0";"0";"1";"0";"0";"0";"";"";"";"";"";""
"276627";"ROUTE";"THEMATIC_ROUTE";"HIKING_THEMATIC_ROUTE";"2025-06-28 19:58:06";"0";"Erfgoedwandeling voor iedereen";"Markt";"17A";"";"8647";"Lo-Reninge";"Lo-Reninge";"";"westhoek";"36312.30269538629";"186695.8201730987";"";"+32 58 28 91 66";"";"";"info@lauka.be";"www.lo-reninge.be/visit";"";"";"";"";"Historische erfgoedwandeling doorheen Lo. Uitstekende wandelfiche te downloaden via de link www.westkans.be/assets/files/Lo_fl.pdf, met  alle toegankelijkheidsinfo over de wandeling. Let wel, de informatie dateert van 2004.";"";"";"";"";"";"";"0";"0";"0";"1";"0";"0";"0";"";"";"";"";"";""
"276628";"ROUTE";"THEMATIC_ROUTE";"HIKING_THEMATIC_ROUTE";"2025-06-28 19:58:07";"0";"Erfgoedwandeling voor iedereen";"Monacoplein";"2";"";"8400";"Oostende";"Oostende";"";"kust";"48422.68242859357";"214433.868468388";"";"+32 59 70 11 99";"";"";"info@visitoostende.be";"https://shop.westtoer.be/nl/product/van-koningin-der-badsteden-tot-stad-aan-zee-oostende-0 ";"";"";"";"";"Historische erfgoedwandeling doorheen Oostende. De wandelfiche is te downloaden via bovenstaande link. Deze folder is ook te koop bij toerisme Oostende (3 Euro). De weg werd vernieuwd, de route (5,5 km) is bewegwijzerd met klinknagels in de grond en het parcours is uitgebreid. Het volledige parcours loopt over verharde tracé.";"";"";"";"";"";"";"0";"0";"0";"1";"0";"0";"0";"";"";"";"";"";""
"276629";"ROUTE";"THEMATIC_ROUTE";"HIKING_THEMATIC_ROUTE";"2019-06-06 11:33:38";"0";"Erfgoedwandeling voor iedereen";"Grote Markt";"29";"";"8630";"Veurne";"Veurne";"";"westhoek";"30351.42";"197224.78";"";"+32 58 33 55 31";"";"";"infotoerisme@veurne.be";"www.toerisme-veurne.be";"";"";"";"";"Historische erfgoedwandeling doorheen Veurne. Uitstekende wandelfiche te downloaden via de link www.westkans.be/assets/files/Veurne_fl.pdf, met alle toegankelijkheidsinfo over de wandeling. Let wel, de informatie dateert van 2004. ";"";"";"";"";"";"";"0";"0";"0";"1";"0";"0";"0";"";"";"";"";"";""
"276834";"ROUTE";"LOOP";"CYCLING_LOOP";"2020-06-02 15:20:51";"1";"Fietsroute De Ceder";"Parijsestraat";"34";"";"9800";"Astene";"Deinze";"";"leieStreek";"93387.24000000001";"185813.4";"";"+32 9 269 26 00";"";"";"toerisme@oost-vlaanderen.be";"http://www.tov.be/toegankelijkheid";"";"";"";"";"Een korte fietstocht van 15,5 km voert je mee langs de Leie tot in Deinze. Vertrekken doe je van het Vakantiecentrum De Ceder (toegankelijkheidslabel A) waar 6 aangepaste parkeerplaatsen zijn.

Een volledige wegbeschrijving vind je in de brochure ""Fietsen met een +"" uitgegeven door Toerisme Oost-Vlaanderen. De brochure vermeldt zowel de pluspunten als de aandachtspunten voor de fietsroute. Ook toegankelijke restaurants en cafés worden besproken. De fietsroute werd op toegankelijkheid gescreend door ATO (Adviesbureau Toegankelijke Omgeving). 

De brochure aanvragen kan op www.tov.be/toegankelijkheid en kost 3 Euro. Op de website vind je ook een gedetailleerde toegankelijkheidsfiche van de fietsroute.";"";"";"";"";"";"";"0";"0";"0";"1";"0";"0";"0";"";"";"";"";"";""
"276835";"ROUTE";"LOOP";"CYCLING_LOOP";"2020-06-02 15:20:52";"1";"Fietsroute De Gavers";"Onkerzelestraat";"280";"";"9500";"Geraardsbergen";"Geraardsbergen";"";"vlaamseArdennen";"118217.17";"164651.68";"";"+32 9 269 26 00";"";"";"toerisme@oost-vlaanderen.be";"http://www.tov.be/toegankelijkheid";"";"";"";"";"Een korte lus van 16 km doorheen het domein De Gavers, langs de Dender en via een aantal rustige dorpskernen. 

Op het provinciaal domein De Gavers vind je een toegankelijke camping en vakantiebungalow, beide met een toegankelijkheidslabel A. Ook jeugdherberg 't Schipken op het domein heeft een toegankelijkheidslabel A.

Een volledige wegbeschrijving vind je in de brochure ""Fietsen met een +"" uitgegeven door Toerisme Oost-Vlaanderen. De brochure vermeldt zowel de pluspunten als de aandachtspunten voor de fietsroute. Ook toegankelijke restaurants en cafés worden besproken. De fietsroute werd op toegankelijkheid gescreend door ATO (Adviesbureau Toegankelijke Omgeving). 

De brochure aanvragen kan op www.tov.be/toegankelijkheid en kost 3 Euro. Op de website vind je ook een gedetailleerde toegankelijkheidsfiche van de fietsroute.";"";"";"";"";"";"";"0";"0";"0";"1";"0";"0";"0";"";"";"";"";"";""
"276833";"ROUTE";"LOOP";"CYCLING_LOOP";"2020-06-02 15:20:51";"1";"Fietsroute Het Leen";"Gentsesteenweg";"80";"";"9900";"Eeklo";"Eeklo";"";"meetjesland";"94576.36";"206721.4";"";"+32 9 269 26 00";"";"";"toerisme@oost-vlaanderen.be";"http://www.tov.be/toegankelijkheid";"";"";"";"";"Fietsroute van 27 km doorheen de zuidelijke regio van het Meetjesland. Vanuit het provinciaal domein Het Leen fiets je richting het Schipdonkkanaal en zo naar het Lievekanaal, het oudste kanaal van Vlaanderen. Je fietst door bossen en groengebieden.

Aan Het Leen is een een ruime parking met 4 aangepaste parkeerplaatsen.

Een volledige wegbeschrijving vind je in de brochure ""Fietsen met een +"" uitgegeven door Toerisme Oost-Vlaanderen. De brochure vermeld zowel de pluspunten als de aandachtspunten voor de fietsroute. Ook toegankelijke restaurants en cafés worden besproken. De fietsroute werd op toegankelijkheid gescreend door ATO (Adviesbureau Toegankelijke Omgeving). 

De brochure aanvragen kan op www.tov.be/toegankelijkheid en kost 3 Euro. Op de website vind je ook een gedetailleerde toegankelijkheidsfiche van de fietsroute.";"";"";"";"";"";"";"0";"0";"0";"1";"0";"0";"0";"";"";"";"";"";""
"276832";"ROUTE";"LOOP";"CYCLING_LOOP";"2020-06-02 15:20:50";"1";"Fietsroute Puyenbroeck";"Puyenbrug";"1a";"";"9185";"Wachtebeke";"Lochristi";"";"waasland";"114662.97";"204868.26";"";"+32 9 269 26 00";"";"";"toerisme@oost-vlaanderen.be";"http://www.tov.be/toegankelijkheid";"";"";"";"";"Met zijn 510 hectare is het provinciaal domein Puyenbroeck één van de grootste recreatiedomeinen in België. 

De route van 36 km start aan het bezoekerscentrum van het provinciaal domein Puyenbroeck en neemt je langs bossen, polders, kanaaltjes en kleine dorpskernen. De fietstocht loopt over veel brede fietspaden in beton- en asfaltverharding. 

Aan het bezoekerscentrum Puyenbroeck zijn 8 aangepast parkeerplaatsen. In het domein kan je een driewielfiets, handbike en handbike aankoppelfiets voor rolstoel huren. Info op www.puyenbroeck.be.

Op het domein Puyenbroeck is een toegankelijke camping (toegankelijkheidslabel A).

Een volledige wegbeschrijving vind je in de brochure ""Fietsen met een +"" uitgegeven door Toerisme Oost-Vlaanderen. Op de website vind je ook een gedetailleerde toegankelijkheidsfiche van de fietsroute.";"";"";"";"";"";"";"0";"0";"0";"1";"0";"0";"0";"";"";"";"";"";""
"399109";"ROUTE";"LOOP";"HIKING_LOOP";"2025-03-06 16:27:28";"0";"Gele Route be-Mine";"BE-MINE";"1";"";"3580";"Beringen";"Beringen";"";"limburgseKempen";"210100.01231982";"195900.236780587";"";"";"";"";"";"";"";"";"";"";"Een bijna volledig verharde route (6,3 km) met onderweg info over het oude mijnverleden. Ter hoogte van het mijnmuseum is een passage in gravel, dus niet voor iedere type rolstoel toegankelijk. Bij de startplaats is een rolstoelvriendelijk toilet in de gebouwen van de Toeristische Dienst van Beringen en bij de horecagelegenheid in het duikerscentrum TODI.";"";"";"";"";"";"";"";"";"";"1";"";"";"";"";"";"";"";"";""
"276808";"ROUTE";"LOOP";"CYCLING_LOOP";"2025-06-28 20:01:07";"0";"Grote Geteroute";"Hamelendreef ";"78";"";"3300";"Tienen";"Tienen";"";"hageland";"190027.72";"166578.78";"";"+32 16 26 76 20";"";"";"toerisme@vlaamsbrabant.be";"https://www.toerismevlaamsbrabant.be/producten/fietsen/fietsproducten/grote-geteroute/";"";"";"";"";"Een fietsroute van 14 kilometer (uitbreidbaar tot 22 km) dat vertrekt vanaan het Museumcafé op de Grote Markt in Tienen. De fietstocht laat je alle gezichten zien van deze streek: van stadskern tot uitgestrekt platteland, van historische gebouwen tot uitgestrekte industriële complexen, van drukte tot volledige rust.";"";"";"";"";"";"";"0";"0";"0";"1";"0";"0";"0";"";"";"";"";"";""
"393146";"ROUTE";"LOOP";"CYCLING_LOOP";"2025-06-28 20:02:06";"0";"Halle-Leeuwroute";"MELKSTRAAT";"";"";"1500";"Halle";"Halle";"";"groeneGordel";"140781.0703870706";"158350.9047131082";"";"+32 16 26 76 20";"";"";"toerisme@vlaamsbrabant.be";"https://www.toerismevlaamsbrabant.be/producten/fietsen/fietsproducten/vaantjesroute/index.html";"";"";"";"";"Mooie toegankelijke route in het Pajottenland, vanuit Halle naar Sint-Pieters-Leeuw. Geniet van de landschappen onderweg en bezoek zeker de unieke Coloma Rozentuin met meer dan 3.000 rozenvariëteiten uit alle werelddelen. Fiets terug naar Halle langs het water. De route is 15,3 km voor de lus op knooppunten, met terugkeer via kanaal, en 21,3 km met de uitbreiding naar het provinciedomein Huizingen (niet op knooppunten).
Heb je zelf geen aangepaste fiets? Geen nood, je kan er één reserveren bij het Fietspunt Halle via fietspunt.halle@groepintro.be Ze verhuren er dames-, heren- en kinderfietsen, en een elektrische duofiets Fun2Go.";"";"";"";"";"";"";"";"";"";"";"";"";"";"";"";"";"";"";""
"357556";"ROUTE";"LOOP";"";"2025-03-06 16:40:47";"0";"Hallerbos - De Plateauwandeling";"Dries";"3";"";"1500";"Halle";"Halle";"";"groeneGordel";"142870.1557249995";"154290.8240966648";"";"";"";"";"anb@vlaanderen.be";"https://www.hallerbos.be/bezoekersinfo/wandelingen/";"";"";"";"";"Het Hallerbos is het belangrijkste en meest uitgestrekte bosgebied tussen Zenne en Zoniën. Het bos is een publiekslieveling dankzij het prachtige paarse tapijt van wilde hyacinten, die bloeien rond midden april. Het gevarieerd reliëf zorgt voor heerlijke wandelmogelijkheden en maakt een bezoek aan dit bos meer dan de moeite waard. De Plateauwandeling ligt op het centrale plateau in het bos en daardoor midden in hyacintengebied. Start aan Parking 4 (Dries 3 te Halle) – 4 km – witzwarte paaltjes. Het parcours is aangepast voor rolstoelgebruikers. Op regelmatige afstanden staan er aangepaste zitbanken en picknicktafels.";"";"";"";"";"";"";"0";"0";"0";"1";"0";"0";"0";"";"";"";"";"";""
"357558";"ROUTE";"LOOP";"";"2025-02-22 15:51:34";"0";"Het Park van Hoegaarden";"Houtmarkt ";"1";"";"3320";"Hoegaarden";"Hoegaarden";"";"hageland";"186702.8142772491";"162591.5489972532";"";"+32 16 76 78 43";"";"";"toerisme@gemhoegaarden.be ";"www.gemeentehoegaarden.be";"";"";"";"";"De paden zijn goed te berijden met een rolstoel of een kinderwagen. De gebouwen en toiletten zouden toegankelijk zijn. We beschikken echter zelf niet over objectieve gegevens.";"";"";"";"";"";"";"0";"0";"0";"1";"0";"0";"0";"";"";"";"";"";""
"276798";"ROUTE";"LOOP";"CYCLING_LOOP";"2025-03-06 15:53:28";"0";"Iedereen fietst";"PROFESSOR VAN OVERSTRAETENPLEIN";"1";"0001";"3000";"Leuven";"Leuven";"";"kunststadLeuven";"174493.9040411224";"174392.4612179343";"";"";"";"";"";"http://www.iedereenfietst.be";"";"";"";"";"Westkans vzw onderzocht de toegankelijkheid van maar liefst 360 km fietsnetwerk aan onze kust. Op www.iedereenfietst.be kan je zoeken naar routes die aan jouw wensen voldoen: zonder grind of kasseien, met rustbanken of toegankelijk toilet, zonder hellingen, enz. En dat is niet alleen bijzonder nuttig voor wie zich verplaatst met een handbike, rolstoelfiets, tandem of fietskar, maar voor iedereen! De website werd bovendien recent uitgebreid met informatie over fietsroutes elders in West-Vlaanderen, maar ook in Vlaams-Brabant. Ook op de app West-Vlinderen vind je trouwens de toegankelijke fietslussen in West-Vlaanderen. De Skeelergids West-Vlaanderen (te vinden op www.westtoer.be) geeft je dan weer informatie over goede routes voor de handbike, en om te skeeleren natuurlijk.";"";"";"";"";"";"";"0";"0";"0";"1";"0";"0";"0";"";"";"";"";"";""
"398513";"ROUTE";"LOOP";"CYCLING_LOOP";"2025-03-06 23:49:42";"0";"Kempenroute (fietsroute)";"";"";"";"2000";"Antwerpen";"Antwerpen";"";"kunststadAntwerpen";"";"";"";"";"";"";"toerisme@provincieantwerpen.be";"https://www.provincieantwerpen.be/content/provant/nl/aanbod/dvt/toerisme-provincie-antwerpen/drempelvrij-toerisme/drempelvrije-fietsvakantie.html";"";"";"";"";"Voor wie minder mobiel is of er met een ‘buitengewone’ fiets op uit trekt, biedt de Kempenroute alle mogelijkheden voor een geslaagde fietsvakantie. Tientallen vrijwilligers screenden de Kempenroute (100 km) en dat leverde een gedetailleerd bouwpakket op voor een toegankelijke fietsvakantie via de Kempenroute in de provincie Antwerpen. Het bouwpakket kan je terugvinden via volgende link: https://www.provincieantwerpen.be/content/dam/provant/dvt/TPA/drempelvrijtoerisme/Download%20hier%20het%20draaiboek%20-%20Bouwpakket%20voor%20een%20drempelvrije%20fietsvakantie.pdf";"";"";"";"";"";"";"";"";"";"";"";"";"";"";"";"";"";"";""
"276800";"ROUTE";"LOOP";"CYCLING_LOOP";"2025-03-07 00:58:19";"0";"KVG-fietsgroep";"Stenenbrug";"96";"";"2140";"Borgerhout";"Antwerpen";"";"kunststadAntwerpen";"155616.05";"211321.87";"";"+32 476 924 212";"";"";"kvgfietsgroep.bartvandemierop@hotmail.com";"http://www.kvg.be";"";"";"";"";"Postadres: Bart Van De Mierop - Oostmalsesteenweg 311 - 2310 Rijkevorsel 

Bij de fietsgroep is het niet te doen om het puntenklassement, een gele trui of een bolletjestrui. Als eerste over de meet komen heeft geen belang. Wel belangrijk is dat iedereen kan meefietsen. ‘We gaan in groep over de streep’, is al meer dan 20 jaar de ploegtactiek van de fietsgroep van KVG. De fietsgroep organiseert tussen half mei en half september een vijftal fietstochten. Er is altijd een keuze tussen de lange tocht (45 km) of de korte tocht (25 km). Er wordt gereden op gewone fietsen, rolstoelfietsen, tandems, handbikes, driewielers, …";"";"";"";"";"";"";"1";"1";"1";"1";"1";"1";"1";"";"";"";"";"";"http://images.visitflanders.org/product/original/276800/cf15bc9e-f043-4e67-b46e-b9afccc24c64.jpg,http://images.visitflanders.org/product/original/276800/36f7b36c-c7aa-4b20-b791-dafb7efff683.jpg,"
"276710";"ROUTE";"LOOP";"HIKING_LOOP";"2025-03-06 17:32:55";"0";"Lieveheersbeestjespad Resterheide";"Begijnenvijvers ";"6";"";"3990";"Peer";"Peer";"";"limburgseKempen";"222573.2638978721";"201448.1566443024";"";"+32 11 61 16 02";"";"";"toerisme@peer.be";"https://www.peer.be/product/96/resterheide";"";"";"";"";"In het natuurgebied Resterheide in Bosland werden vijf wandellussen uitgetekend. Eén daarvan is het Lieveheersbeestjespad dat is aangepast voor rolstoelgebruikers, kinderwagens en voor blinden en slechtzienden. Het pad, gelegen in de vallei van de Zwarte beek, is 2,5 km lang en beschikt over belevingselementen.";"";"";"";"";"";"";"0";"0";"0";"1";"0";"0";"0";"";"";"";"";"";""
"276718";"ROUTE";"LOOP";"CYCLING_LOOP";"2025-03-06 11:08:55";"0";"Lustoordroute in Gooik";"Processiestraat ";"15";"";"1755";"Gooik";"Pajottegem";"";"groeneGordel";"132022.24";"165054.08";"";"";"";"";"info@gooik.be";"https://www.gooik.be";"";"";"";"";"De lustoordroute is een fietsroute met specifieke aandacht voor personen met een beperking (fietsers, handbikers, tandemrijders, driewielers, …). Ze bestaat uit 2 lussen: een zuidelijke lus van een 15-tal kilometer en een noordelijke lus van ongeveer 10 kilometer doorheen het glooiende Gooikse Pajottenland.";"";"";"";"";"";"";"0";"0";"0";"1";"0";"0";"0";"";"";"";"";"";""
"276821";"ROUTE";"LOOP";"HIKING_LOOP";"2020-06-02 15:20:44";"1";"Molsbroek-Buylaers wandelroute";"Markt";"2";"";"9160";"Lokeren";"Lokeren";"";"waasland";"123411.63";"199397.99";"";"+32 9 269 26 00";"";"";"toerisme@oost-vlaanderen.be";"http://www.tov.be/toegankelijkheid";"";"";"";"";"De wandeling leidt je langs een aantal natuurgebieden, zoals het Verloren Bos, de Buylaersmeersen en het Molsbroek. Het grootste deel van de wandeling loopt langs de verharde dijken langs de Durme en in het Molsbroek.

De volledige wandeling is 11 km, de wandeling op de dijk rond het Molsbroek is 6 km. Je start aan het Infopunt Toerisme op de Markt van Lokeren.

Een volledige wegbeschrijving vind je in de brochure ""Wandelen met een +"" uitgegeven door Toerisme Oost-Vlaanderen. De brochure vermeld zowel de pluspunten als de aandachtspunten van de wandeling. Ook toegankelijke restaurants en cafés worden besproken. De wandeling werd op toegankelijkheid gescreend door ATO (Adviesbureau Toegankelijke Omgeving). 

De brochure aanvragen kan op www.tov.be/toegankelijkheid en kost 3 Euro. Op de website vind je ook een gedetailleerde toegankelijkheidsfiche.";"";"";"";"";"";"";"0";"0";"0";"1";"0";"0";"0";"";"";"";"";"";""
"357555";"ROUTE";"LOOP";"";"2025-03-06 16:40:46";"0";"Parelpad";"Lierbaan";"16";"";"1850";"Grimbergen";"Grimbergen";"";"groeneGordel";"150302.5429890678";"180122.4068507813";"";"+32 2 260 12 35";"";"";"toerisme@grimbergen.be";"http://www.toerismegrimbergen.be/parelpad";"";"";"";"";"Het Parelpad is een wandelpad zonder hindernissen, waardoor het toegankelijk is voor iedereen. De naam van het wandelpad verwijst naar een parel, omdat die rond is van vorm, gaaf en waardevol is en zonder schrammen. Zo ook moet de wegbedekking zijn, waardoor deze voor iedereen toegankelijk moet kunnen zijn; en tijdens deze wandeling passeer je voorbij verschillende parels uit het verleden, doorheen de Parel van Brabant. Als vertrek- en eindpunt werd gekozen voor de Charleroyhoeve, waar je onmiddellijk de keuze hebt uit drie verschillende wandelingen; de eerste heeft een afstand van 1,5 kilometer; de tweede heeft een afstand van 3,5 kilometer en de derde is dan ook de langste met in totaal een afstand van 5,5 kilometer. Er is zelfs een uitbreiding mogelijk die je tot aan de Bommenmolen brengt. Natuurlijk is de wandeling bewegwijzerd. Onderweg zijn er een drietal plaatsen waar toiletten voorzien zijn, ook voor rolstoelgebruikers: in de Charleroyhoeve ( geopend tijdens de activiteiten in de hoeve), in de Sporthal (geopend tijdens de openingsuren) en in het OCMW-woonzorgcentrum Ter Biest.";"";"";"";"";"";"";"0";"0";"0";"1";"0";"0";"0";"";"";"";"";"";""
"399107";"ROUTE";"LOOP";"HIKING_LOOP";"2025-03-06 16:56:14";"0";"Prikkelpad";"GRAUWE STEENSTRAAT";"7";"2";"3582";"Koersel";"Beringen";"";"limburgseKempen";"217149.452634069";"197045.861356813";"";"+32 11 45 01 91";"";"";"zwartebeek@natuurpunt.be";"https://www.dewatersnip.be";"";"";"";"";"Een volledig verharde route (2,5 km) met zintuigenprikkelende belevingelementen op maat van iedereen. De route is raadpleegbaar via www.dewatersnip.be en via www.wandeleninlimburg.be.";"";"";"";"";"";"";"";"";"";"1";"";"";"";"";"";"";"";"";""
"380377";"ROUTE";"LOOP";"";"2025-03-06 23:39:08";"0";"Rolstoeltoegankelijke route Antwerpen";"Grote Markt ";"13";"";"2000";"Antwerpen";"Antwerpen";"";"kunststadAntwerpen";"152293.0079284399";"212331.0392719842";"";"+32 3 232 01 03";"";"";"info@visitantwerpen.be";"www.visitantwerpen.be  ";"";"";"";"";"Voortaan kan je als rolstoelgebruiker op een aangename manier en met een minimum aan begeleiding Antwerpen verkennen dankzij de rolstoeltoegankelijke route. De route zorgt ervoor dat je gemakkelijk de weg door Antwerpen vindt, langs de meest interessante plekken en leukste bars, met veilige oversteekplaatsen en met de meest toegankelijke toiletten.
Deze informatie is beschikbaar in een overzichtelijk plan met twee routes. Een eerste route (3 km) gaat van het station Antwerpen-Centraal, langs de Meir, de Stadsfeestzaal, het Rubenshuis, het binnenplein van het Paleis op de Meir en het Theaterplein naar de Grote Markt. Aansluitend is er een tweede route (3,5 km) van de Grote Markt naar het Eilandje, waar naast tal van bars en restaurants ook het terras op de negende verdieping van het MAS bereikbaar is met een rolstoel.
Het plan brengt dus het beste van Antwerpen, verbonden door twee mooie, boeiende routes met een heleboel leuke pitstops, zodat je het maximum uit de Scheldestad kan halen. Het is gratis verkrijgbaar aan de balies van Visit Antwerpen op de Grote Markt en in het station Antwerpen-Centraal. ";"";"";"";"";"";"";"0";"0";"0";"1";"0";"0";"0";"";"";"";"";"";""
"276805";"ROUTE";"LOOP";"HIKING_LOOP";"2020-06-02 15:20:36";"1";"Rolstoeltoegankelijke wandelroute 't Dorpshuys";"Schoolstraat";"13";"";"3680";"Maaseik";"Maaseik";"";"maasland";"239848.08";"196097.08";"";"+32 89 86 40 03";"";"";"info@hetdorpshuys.be";"http://www.hetdorpshuys.be";"";"";"";"";"De uitgestippelde rolstoeltoegankelijke wandeling is 3,1 km lang (ongeveer een 46 min). Je vertrekt aan 't Dorpshuys (het voormalige gemeentehuis van Opoeteren), vandaag een toeristisch verblijf met toegankelijkheidslabel A. Een plannetje is gratis. ";"";"";"";"";"";"";"0";"0";"0";"1";"0";"0";"0";"";"";"";"";"";""
"276719";"ROUTE";"LOOP";"HIKING_LOOP";"2024-06-04 13:12:03";"1";"Rolstoelwandelnetwerk ""Met zicht op de bergen";"Sint-Laurentiusplein ";"1";"";"8956";"Kemmel";"Heuvelland";"";"westhoek";"41283.27428641474";"164789.8254404571";"";"+32 57 45 04 55";"";"";"toerisme@heuvelland.be";"https://www.toerismeheuvelland.be/nl/rolstoelwandelnetwerk";"";"";"";"";"Rolstoelwandelnetwerk Westouter “Met zicht op de bergen” is een wandelgebied in en rond Westouter. De wandelwegen in het golvende landschap zijn hoofdzakelijk geasfalteerd maar er zijn ook enkele grindwegen in het net opgenomen. Er is een kaart beschikbaar met meer informatie, die je kan kopen in het infokantoor. De kaart kan ook via de website van Heuvelland worden besteld: https://shop.toerismeheuvelland.be/nl/rolstoelwandelnetwerk-4.";"";"";"";"";"";"";"0";"0";"0";"1";"0";"0";"0";"";"";"";"";"";""
"276823";"ROUTE";"LOOP";"HIKING_LOOP";"2020-06-02 15:20:45";"1";"Roomacker wandelroute";"Sint-Jozefstraat";"35";"";"9140";"Tielrode";"Temse";"";"waasland";"136437.02";"200079.27";"";"+32 9 269 26 00";"";"";"toerisme@oost-vlaanderen.be";"http://www.tov.be/toegankelijkheid";"";"";"";"";"De Roomacker wandelroute begint aan Taverne 't Veer in Tielrode en loopt rond Tielrodebroek, een gevarieerd natuurgebied waar je kan genieten van slikken en schorren met rietkragen en wilgenbossen en uitgestrekte hooilanden. Waar de Durme in de Schelde uitmondt ligt een zeldzaam zoetwatertijdengebied, met meer slikken en schorren en uitgestrekte rietvelden. De wandeling is 4,5 km lang.

Een volledige wegbeschrijving vind je in de brochure ""Wandelen met een +"" uitgegeven door Toerisme Oost-Vlaanderen. De brochure vermeld zowel de pluspunten als de aandachtspunten van de wandeling. Ook toegankelijke restaurants en cafés worden besproken. De wandeling werd op toegankelijkheid gescreend door ATO (Adviesbureau Toegankelijke Omgeving). 

De brochure aanvragen kan op www.tov.be/toegankelijkheid en kost 3 Euro. Op de website vind je ook een gedetailleerde toegankelijkheidsfiche.";"";"";"";"";"";"";"0";"0";"0";"1";"0";"0";"0";"";"";"";"";"";""
"276706";"ROUTE";"LOOP";"HIKING_LOOP";"2025-03-07 01:24:08";"0";"Rustige wandelingen, toegankelijk voor rolstoelgebruikers";"Markt";"";"";"2900";"Schoten";"Schoten";"";"antwerpseKempen";"159121.733253503";"215682.9894102644";"";"+32 3 680 32 54";"";"";"toegankelijk@schoten.be";"https://www.schoten.be/10-rustige-rolstoelwandelingen-in-schoten";"";"";"";"";"Door de gemeentelijke raad voor personen met een handicap werden 10 rolstoeltoegankelijke wandelroutes uitgestippeld, bewegwijzerd met rode pijlen en een rolstoellogo. Je bezoekt al wandelend alle elementen van de gemeente: het centrum, de villawijken, de vaart en het natuurgebied Vordenstein. De afstand varieert tussen 2,3 en 4,4 km. Je kan de wandelingen gratis downloaden via https://www.schoten.be/10-rustige-rolstoelwandelingen-in-schoten.  De map is ook te koop aan de prijs van 2 €  aan het Uitpunt in de bib, de dienstencentra en aan het onthaal van het gemeentehuis of bij bestelling per mail aan toegankelijk@schoten.be.";"";"";"";"";"";"";"0";"0";"0";"1";"0";"0";"0";"";"";"";"";"";""
"276754";"ROUTE";"LOOP";"MOTOR_LOOP";"2025-03-07 00:16:17";"0";"Scheldelandroute";"Koningin Elisabethlei";"22";"";"2018";"Antwerpen";"Antwerpen";"";"kunststadAntwerpen";"105219.56";"193343.36";"";"+32 3 240 63 90";"";"";"liesbet.dewit@provincieantwerpen.be";"www.toerismekleinbrabant.be/met-de-auto.html";"";"";"";"";"Met 277 kilometer bevaarbare waterwegen en tal van grote en kleine waterplassen is Scheldeland veruit de meest waterrijke regio van Vlaanderen. Volg de zeshoekige, blauwe borden met ‘Scheldelandroute’ en verken adellijk, militair en industrieel erfgoed, met steeds het water op de achtergrond. De autoroute verbindt absolute toppers als Kasteel d’Ursel, Brik Boom, De Schorre en de Mechelse binnenstad, en biedt ook voldoende toegankelijke stopplaatsen voor een hapje en een drankje. 
Eventuele toegankelijkheidsinformatie:
Vraag in een van de toeristische infokantoren van Scheldeland naar de aantrekkelijke brochure met routekaartje, toeristische info en de toegankelijkheidsgegevens van de deelnemende horeca. Of kijk op www.toevla.be naar de detailinfo per gebouw.
";"";"";"";"";"";"";"0";"0";"0";"1";"0";"0";"0";"";"";"";"";"";""
"276820";"ROUTE";"LOOP";"HIKING_LOOP";"2020-06-02 15:20:43";"1";"Siesmeers-en Zuidlede wandelroute";"Puidonkdreef";"1";"";"9185";"Wachtebeke";"Lochristi";"";"waasland";"117182.11";"204541.92";"";"+32 9 269 26 00";"";"";"toerisme@oost-vlaanderen.be";"http://www.tov.be/toegankelijkheid";"";"";"";"";"De Siesmeers-en Zuidlede wandelroute bestaat uit twee aparte lussen. De wandeling langs de Zuidlede lus is 4,5 km en begint aan de sportcomplexen van het provinciaal domein Puyenbroeck.

Een volledige wegbeschrijving vind je in de brochure ""Wandelen met een +"" uitgegeven door Toerisme Oost-Vlaanderen. De brochure vermeld zowel de pluspunten als de aandachtspunten van de wandeling. Ook toegankelijke restaurants en cafés worden besproken. De wandeling werd op toegankelijkheid gescreend door ATO (Adviesbureau Toegankelijke Omgeving). 

De brochure aanvragen kan op www.tov.be/toegankelijkheid en kost 3 Euro. Op de website vind je ook een gedetailleerde toegankelijkheidsfiche.";"";"";"";"";"";"";"0";"0";"0";"1";"0";"0";"0";"";"";"";"";"";""
"276711";"ROUTE";"LOOP";"CYCLING_LOOP";"2025-03-06 10:51:56";"0";"Sneukelfietsroute";"Kortrijkstraat";"74";"";"9790";"Wortegem-Petegem";"Wortegem-Petegem";"";"vlaamseArdennen";"91288.17999999999";"167330.11";"";"+32 497 45 62 94";"";"";"desneukelfiets@telenet.be";"http://www.tsneukelwiel.be";"";"";"";"";"De Sneukelfietsroute is een initiatief van de VZW ’t Sneukelwiel en kwam tot stand met steun van ‘de 24 uren van Oudenaarde’ e.a. Het hele parcours is toegankelijk en bewegwijzerd met zeshoekige borden met rode of blauwe opdruk (rode en blauwe route). Bij de 3 startpunten bevindt zich een infobord. 
Gratis routekaart te verkrijgen in domein de Ghellinck en bij Toerisme Oudenaarde en Avelgem of digitaal na mail naar desneukelfiets@telenet.be.

Startpunt 1 Domein De Ghellinck: Kortrijkstraat 74, Wortegem-Petegem.
Vanuit dit startpunt kan je zowel de blauwe route naar Oudenaarde fietsen, als één of meerdere lussen van de rode route naar Bossuit-Moen.
(lussen van 10, 20 of 35 km) (beide routes 56 km)
 
Startpunt 2 The Outsider: Taverne Den Dronk, Donkstraat 50, Oudenaarde
Vanuit dit startpunt kan je de blauwe route (21 km) fietsen, en eventueel in het Startpunt De Ghellinck overschakelen op de rode route en één of meerdere lussen daarvan fietsen.
 
Startpunt 3 Bistro De Waterkant: Oeverlaan 33, Moen
Vanuit dit startpunt kan je één of meerdere lussen van de rode route fietsen, en eventueel in De Ghellinck nog overschakelen op de blauwe route.
(lussen van 15, 25 of 35 km) (totale route 56 km) ";"";"";"";"";"";"";"0";"0";"0";"1";"0";"0";"0";"";"";"";"";"";""
"276712";"ROUTE";"LOOP";"CYCLING_LOOP";"2020-06-02 15:19:47";"1";"Sneukelfietsroute";"Doorniksesteenweg";"402";"";"8583";"Bossuit";"Avelgem";"";"leieStreek";"82402.92999999999";"160152.22";"";"+32 56 65 30 90";"";"";"spikkerelle@avelgem.be";"www.avelgem.be/spikkerelle";"";"";"";"";"Het startpunt ligt aan het Pompgebouw in Bossuit. De paden zijn vlak en goed bewegwijzerd. Je vindt er een ketting van 3 lussen die je 15, 25 of 35 km langs landelijk Vlaanderen loodsen. Waar de lussen elkaar raken, zetten zeshoekige wegwijzers je op het juiste pad. De organisatie ‘t Sneukelwiel stelt ook een ruime keuze aan gewone en aangepaste fietsen ter beschikking voor individuele bezoekers en organisaties (desneukelfiets@telenet.be).";"";"";"";"";"";"";"0";"";"0";"1";"0";"";"";"";"";"";"";"";""
"393145";"ROUTE";"LOOP";"CYCLING_LOOP";"2025-06-28 20:22:07";"0";"Sportimoniumroute";"STATIONSPLEIN 9";"";"";"1800";"Vilvoorde";"Vilvoorde";"";"groeneGordel";"154593.244166116";"179304.153367835";"";"+32 16 26 76 20";"";"";"toerisme@vlaamsbrabant.be";"https://www.toerismevlaamsbrabant.be/producten/fietsen/fietsproducten/sportimoniumroute/";"";"";"";"";"Deze toegankelijke route is 28 km lang en vertrekt nabij het station van Vilvoorde (knooppunt 21). Je rijdt in de rustige rand van Machelen en Vilvoorde en langs de Zenne volg je het brede fietspad tot in Zemst. Hou zeker halt in het Sportimonium, het sport- en olympisch museum in het domein van Sport Vlaanderen voor een stukje sportgeschiedenis (knooppunt 61). En in de Volkssportentuin kan je zelf oude sporten uitproberen. Combineer je bezoek met een wandeling op de rolstoeltoegankelijke paden en ontspan op het strand vooraleer de terugrit aan te vatten. 
Heb je zelf geen aangepaste fiets? Geen nood, je kan er één reserveren bij het Fietspunt Vilvoorde via fietspunt.vilvoorde@groepintro.be Ze verhuren er dames-, heren- en kinderfietsen, en een elektrische rolstoelfiets Veloplus";"";"";"";"";"";"";"";"";"";"";"";"";"";"";"";"";"";"";""
"276691";"ROUTE";"THEMATIC_ROUTE";"HIKING_THEMATIC_ROUTE";"2025-02-22 17:37:49";"0";"Stadswandeling Geel (dienst toerisme en stadsanimatie Geel)";"Markt";"1";"";"2440";"Geel";"Geel";"";"antwerpseKempen";"193454.34";"205923.43";"";"+32 14 56 63 80";"";"";"toerisme@geel.be";"https://www.visit-geel.be/stadswandeling";"";"";"";"";"De 4 km lange stadswandeling brengt je langs de mooiste plekjes en monumenten van de Barmhartige Stede. Laat je leiden door de koperen wegwijzernagels en maak al wandelend kennis met de grote verscheidenheid die Geel te bieden heeft: van oude historische gebouwen, langs gezellige winkelstraten en mysterieuze paadjes tot oases van rust pal in het centrum van de stad. De wandeling vertrekt aan dienst toerisme en stadsanimatie op de Markt. Je kan de wandeling op eigen houtje ontdekken met behulp van een begeleidende brochure. De stadswandeling is geschikt voor rolstoelgebruikers en kinderwagens.";"";"";"";"";"";"";"0";"0";"0";"1";"0";"0";"0";"";"";"";"";"";""
"276692";"ROUTE";"THEMATIC_ROUTE";"HIKING_THEMATIC_ROUTE";"2024-06-04 13:14:02";"1";"Stadswandelingen Ieper";"Grote Markt";"34";"";"8900";"Ieper";"Ieper";"";"westhoek";"45546.54";"172242.82";"";"+32 57 23 92 20";"";"";"toerismebalie@ieper.be";"http://www.toerisme-ieper.be";"";"";"";"";"‘Even Snoepen van Ieper’ en ‘Ieper soldaat maken’ zijn twee manieren om de stad op een originele manier te ontdekken. Beide wandelingen zijn namelijk ontwikkeld met het oog op bezoekers met een verstandelijke handicap. Indien er in het gezelschap één of twee rolstoelgebruikers zijn, vormt dat geen probleem.";"";"";"";"";"";"";"0";"0";"1";"1";"0";"0";"0";"";"";"";"";"";""
"276807";"ROUTE";"LOOP";"CYCLING_LOOP";"2020-06-02 15:20:37";"1";"Stalen Ros Fietsroute (Zoutleeuw - Geetbets - Linter)";"Ossenwegstraat";"70";"";"3440";"Zoutleeuw";"Zoutleeuw";"";"hageland";"203214.86";"170420.19";"";"+32 11 78 18 19";"";"";"provinciedomein.zoutleeuw@vlaamsbrabant.be";"https://www.toerismevlaamsbrabant.be/producten/fietsen/fietsproducten/stalen-ros-fietsroute/";"";"";"";"";"Deze fietsroute is 23,3 km lang. Vertrekkend van het Provinciaal domein Het Vinne te Zoutleeuw sluit je aan op de Ijzerenwegroute om via een lus Linter met Geetbets te verbinden.
Je kan aangepaste fietsen (lage zitfietsen met drie wielen en rugsteun, een rolstoelfiets met motor, tandems en duofiets met motor,…) huren. De fietsen kan je best vooraf reserveren.";"";"";"";"";"";"";"0";"0";"1";"1";"1";"1";"0";"";"";"";"";"";""
"393148";"ROUTE";"LOOP";"CYCLING_LOOP";"2025-06-28 20:24:01";"0";"Stalen Rosroute";"OSSENWEGSTRAAT";"";"";"3440";"Zoutleeuw";"Zoutleeuw";"";"hageland";"202790.9397251969";"169700.043668448";"";"+32 16 26 76 20";"";"";"toerisme@vlaamsbrabant.be";"https://www.toerismevlaamsbrabant.be/producten/fietsen/fietsproducten/stalen-ros-fietsroute/index.html";"";"";"";"";"De ijzeren weg, de oude spoorweg tussen Tienen en Diest, is nu de bedding voor een prachtige fietstocht. Van 1878 tot 1957 konden treinreizigers dit landschap bewonderen, nu is het de beurt aan de fietsers en wandelaars om hun ogen de kost te geven.
Vertrek aan het Provinciedomein Het Vinne in Zoutleeuw. 
Maak een lus langs Linter en Geetbets via een groen lappendeken van landerijen die zich links en rechts uitspreiden. 
Rij door de vallei van de Grote Gete die de toon zet met stilte, natuurgeluiden en in de verte de bedrijvigheid van een landbouwer of een bosbouwer. 
Laat je verleiden om in Bistro Het Vinne van seizoensgebonden streekgerechten te proeven, begeleid door een heerlijk streekbier. 
Wil je graag een aangepaste fiets huren? Dat kan in Provinciedomein Het Vinne. Ze verhuren er damesfietsen (ook elektrische), kinderfietsen, tandems alsook een driewieler junior, een driewieler groot, een elektrische rolstoelfiets en een elektrische duofiets.";"";"";"";"";"";"";"";"";"";"";"";"";"";"";"";"";"";"";""
"402419";"ROUTE";"LOOP";"HIKING_LOOP";"2025-03-06 16:06:48";"0";"Toegankelijk wandelen in Gent";"SINT-VEERLEPLEIN";"5";"";"9000";"Gent";"Gent";"";"kunststadGent";"104589.6192143701";"194237.2959813401";"";"+32 9 266 56 60";"";"";"";"https://visit.gent.be";"";"";"";"";"Gent pakt uit met een toegankelijke route en speciale boekjes voor doven en blinden. Een primeur voor Vlaanderen, klinkt het. Via een boekje met voelplaten, en via audiobeschrijving of filmpjes, kunnen dove en blinde toeristen zeven monumenten in het historische centrum van Gent beter leren kennen.";"";"";"";"";"";"";"1";"1";"";"1";"1";"1";"";"";"";"";"";"";""
"276534";"ROUTE";"LOOP";"CYCLING_LOOP";"2025-03-07 00:16:17";"0";"Toegankelijke fietslussen provincie Antwerpen";"Koningin Elisabethlei";"22";"";"2018";"Antwerpen";"Antwerpen";"";"kunststadAntwerpen";"152966.06";"209984.06";"";"+32 3 240 63 90";"";"";"liesbet.dewit@provincieantwerpen.be";"https://www.kempen.be/iedereen-fietst of https://www.scheldeland.be/fietsen-klein-brabant";"";"";"";"";"Fietsen in de Kempense bossen of langs het water in Scheldeland: het kan ook met een aangepaste fiets. Toerisme Provincie Antwerpen stippelde vier mooie lussen voor je uit, en vulde deze aan met toegankelijke bezienswaardigheden en horecazaken. De lussen worden in 2024 en 2025 vernieuwd, maar hou zeker www.kempen.be/iedereen-fietst en www.scheldeland.be in het oog voor de meest actuele informatie.";"";"";"";"";"";"";"0";"0";"0";"1";"1";"1";"0";"";"";"";"";"";""
"402640";"ROUTE";"LOOP";"CYCLING_LOOP";"2025-03-06 15:28:11";"0";"Toegankelijke fietsroutes in Vlaams-Brabant";"PROVINCIEPLEIN";"1";"";"3010";"Kessel-Lo";"Leuven";"";"kunststadLeuven";"174494.6572929922";"174119.6155531285";"";"+32 16 26 76 20";"";"";"toerisme@vlaamsbrabant.be";"https://www.toerismevlaamsbrabant.be/iedereenopdefiets";"";"";"";"";"Toerisme Vlaams-Brabant ontwikkelde met de 'Iedereen Toerist'-routes 9 toegankelijke fietsroutes doorheen de provincie. Meer info over onderstaande routes vind je op de website.
- Halle-Leeuwroute
- Sportimonium-route
- Aarschot-Tremelo
- Diest-Averbode
- Leuven-Tildonk
- Leuven-Wezemaal
- Stalen Ros-route
- Vinneronde-route
- Grote Gete-route";"";"";"";"";"";"";"";"";"";"1";"";"";"";"";"";"";"";"";""
"276825";"ROUTE";"LOOP";"CYCLING_LOOP";"2025-03-06 16:14:32";"0";"Toegankelijke Routenproducten van Toerisme Oost-Vlaanderen (fietsen)";"Woodrow Wilsonplein";"2";"";"9000";"Gent";"Gent";"";"kunststadGent";"105219.56";"193343.36";"";"+32 9 269 70 70";"";"";"info@routen.be";"https://www.routen.be/toegankelijkheid";"";"";"";"";"Alle toegankelijke fiets- en wandelavonturen vind je terug op www.routen.be/toegankelijkheid.";"";"";"";"";"";"";"0";"0";"0";"1";"0";"0";"0";"";"";"";"";"";""
"276818";"ROUTE";"LOOP";"HIKING_LOOP";"2025-03-06 16:14:31";"0";"Toegankelijke Routenproducten van Toerisme Oost-Vlaanderen (wandelen)";"Woodrow Wilsonplein";"2";"";"9000";"Gent";"Gent";"";"kunststadGent";"105219.56";"193343.36";"";"+32 9 269 70 70";"";"";"info@routen.be";"https://www.routen.be/toegankelijkheid";"";"";"";"";"Alle toegankelijke fiets- en wandelavonturen vind je terug op www.routen.be/toegankelijkheid.";"";"";"";"";"";"";"0";"0";"0";"1";"0";"0";"0";"";"";"";"";"";""
"287194";"ROUTE";"LOOP";"";"2020-06-02 15:21:26";"1";"Toegankelijke wandeling: 'Het samen op weg-pad'";"Lostraat";"3";"";"8647";"Reninge";"Lo-Reninge";"";"westhoek";"38930.44";"183211.9";"";"";"";"";"";"";"";"";"";"";"Deze rolstoelvriendelijke wandeling (2.6 kilometer) in Reninge bestaat uit verschillende lussen die je naar wens kan inkorten of verlengen. Onderweg zijn er een aantal rustpunten met een bankje waarnaast ook een rolstoelgebruiker even kan uitrusten. Ze laten de toeristen proeven van de mooie vergezichten van deze gemeente. De wandelroute start aan het Havenhuis, waar je de kaart gratis kan ophalen. Je kan er ook parkeren.";"";"";"";"";"";"";"";"";"";"";"";"";"";"";"";"";"";"";""
"399110";"ROUTE";"LOOP";"HIKING_LOOP";"2025-03-06 10:04:07";"0";"Toegankelijke Wandelingen in Houthalen-Helchteren";"PASTORIJSTRAAT";"30";"";"3530";"Houthalen-Helchteren";"Houthalen-Helchteren";"";"limburgseKempen";"220460.3752749342";"191419.7067071283";"";"+32 11 49 21 40";"";"";"visit@houthalen-helchteren.be";"https://visit.houthalen-helchteren.be/te-doen/wandelen/toegankelijke-wandelingen";"";"";"";"";"Rolstoelvriendelijke wandelingen op rustige en verharde wandelwegen. Meer informatie vind je op de website.";"";"";"";"";"";"";"";"";"";"1";"";"";"";"";"";"";"";"";""
"276809";"ROUTE";"LOOP";"HIKING_LOOP";"2025-02-22 16:10:01";"0";"Toegankelijke wandelroute Heen en Weer in Tienen";"Grote Markt";"4";"";"3300";"Tienen";"Tienen";"";"hageland";"190027.72";"166578.78";"";"+32 16 26 76 20";"";"";"toerisme@vlaamsbrabant.be";"https://www.toerismevlaamsbrabant.be/producten/wandelen/tienen-heen-en-weer/index.html";"";"";"";"";"De wandeling van 3 km leidt je door het oude gedeelte van de Stad Tienen. Je vertrekt van aan het Museumcafé op de Grote Markt.";"";"";"";"";"";"";"0";"0";"0";"1";"0";"0";"0";"";"";"";"";"";""
"276811";"ROUTE";"LOOP";"HIKING_LOOP";"2025-02-22 15:54:04";"0";"Toegankelijke wandelroute Heerlijk Hoeleden";"Kerkplein ";"";"";"3471";"Hoeleden";"Kortenaken";"";"hageland";"193556.1603487606";"173208.2950314097";"";"+32 16 26 76 20";"";"";"toerisme@vlaamsbrabant.be";"https://www.toerismevlaamsbrabant.be/producten/wandelen/heerlijk-hoeledenwandeling/index.html";"";"";"";"";"De Heerlijk Hoeleden route van 3 km leidt je van aan de Sint-Amandskerk op het Kerkplein van Hoeleden, tussen de landerijen naar de vallei van de Grote Gete. De rijke bodem legt de basis voor uitgestrekte landbouwpercelen en fruitteelt. In de vallei van de Grote Gete maken deze plaats voor uitgestrekte weiden, omrand met populieren.";"";"";"";"";"";"";"0";"0";"0";"1";"0";"0";"0";"";"";"";"";"";""
"276810";"ROUTE";"LOOP";"HIKING_LOOP";"2025-06-28 20:27:10";"0";"Toegankelijke wandelroute Landelijk Linter";"Grote Steenweg";"66";"";"3350";"Neerlinter";"Linter";"";"hageland";"195684";"171611.81";"";"+32 16 26 76 20";"";"";"toerisme@vlaamsbrabant.be";"https://www.toerismevlaamsbrabant.be/producten/wandelen/landelijk-linterwandeling/index.html";"";"";"";"";"Dit is een wandelroute van 3 km die start aan Brasserie-Restaurant La Campania in Linter. Als één van Brabants oudste Heerlijkheden (als heerlijkheid vermeld in 1146) werd Neerlinter niet gespaard van oorlogen en epidemieën. In 1914 werden er 76 woningen vernield door de Duitse bezetter. Het kasteel van Neerlinter werd verschillende keren verwoest. Dit landschap ademt nog heerlijkheid, rijkdom en rust. De landerijen liggen languit langs de Grote Gete. Zelfs de Ijzerenweg werd stil, staal en stoom maakten plaats voor felle fietsers, bloesemende haagkanten, en hier en daar hopelijk een salamander. Op je wandeling kom je ook langs het station van Neerlinter. Het werd in gebruik genomen in 1894 op de lijn Tienen - Diest. Wat verder zie je de nieuwe Salamanderhut bij de Grote Gete, een plaats waar natuur, recreatie en ontdekking hand in hand gaan.";"";"";"";"";"";"";"0";"0";"0";"1";"0";"0";"0";"";"";"";"";"";""
"276812";"ROUTE";"LOOP";"HIKING_LOOP";"2025-02-22 15:54:05";"0";"Toegankelijke wandelroute: Waranderoute Rummen";"Ketelstraat ";"54";"";"3454";"Rummen";"Geetbets";"";"hageland";"205671.5878021776";"176305.6108419644";"";"+32 16 26 76 20";"";"";"toerisme@vlaamsbrabant.be";"https://www.toerismevlaamsbrabant.be/producten/wandelen/waranderoute-rummen/";"";"";"";"";"Deze wandelroute van 3,4 km is toegankelijk voor rolstoelgebruikers en vertrekt van aan de Sporthal De Warande in Rummen.";"";"";"";"";"";"";"0";"0";"0";"1";"0";"0";"0";"";"";"";"";"";""
"402641";"ROUTE";"LOOP";"HIKING_LOOP";"2025-03-06 15:30:23";"0";"Toegankelijke wandelroutes in Vlaams-Brabant";"PROVINCIEPLEIN";"1";"";"3010";"Kessel-Lo";"Leuven";"";"kunststadLeuven";"174494.6572929922";"174119.6155531285";"";"+32 16 26 76 20";"";"";"toerisme@vlaamsbrabant.be";"https://www.toerismevlaamsbrabant.be/thema/iedereen-toerist/motorische-beperking/wandelen";"";"";"";"";"Toerisme Vlaams-Brabant ontwikkelde toegankelijke wandelroutes doorheen de provincie. Er zijn wandelingen met verschillende afstanden die variëren tussen 2,7 km en 11,3 km. Meer info over de wandelingen kan je vinden op de website.";"";"";"";"";"";"";"";"";"";"1";"";"";"";"";"";"";"";"";""
"314526";"ROUTE";"LOOP";"";"2025-03-06 15:05:39";"0";"Toegankelijkheidspad Alden Biesen ";"Kasteelstraat";"6";"";"3740";"Bilzen";"Bilzen-Hoeselt";"";"haspengouw";"231202.61";"170793.7";"";"+32 89 51 93 61";"";"";"toerisme@bilzen.be";"http://www.alden-biesen.be";"";"";"";"";"In Alden Biesen werd een toegankelijkheidspad aangelegd tussen de boomgaarden. Zo kunnen minder mobiele mensen ook met een rolstoel of buggy genieten van de mooie natuur rond het kasteel. Je vindt er ook een picknickplaats. Ook in de Engelse tuin werd een toegankelijkheidspad aangelegd. In de onmiddellijke omgeving van Alden Biesen is er een wandeling van 4 km (bewegwijzerd met een groene rechthoek) die geschikt is voor minder mobiele personen en kinderwagens.";"";"";"";"Er is ook een maquette vlakbij het onthaalpunt waarop je de hele site kan voelen. Zo krijg je een mooi totaalbeeld van dit imposante domein.";"";"";"0";"0";"0";"1";"1";"0";"0";"";"";"Een geleid bezoek aan Alden Biesen is ook mogelijk voor rolstoelgebruikers. De gids past de route aan en voor een bezoek aan het kasteel kan je gebruik maken van de lift op de erekoer. Hier en daar kan je wel wat hulp gebruiken.";"";"";""
"276759";"ROUTE";"LOOP";"HIKING_LOOP";"2017-03-14 17:49:56";"1";"Use-It (rolstoelplan)";"Ravensteingalerij";"25";"";"1000";"Brussel";"Brussel";"";"kunststadBrussel";"150476.5";"171609.33";"";"";"";"";"info@vfg.be";"http://www.rolstoelplanbrussel.be";"";"";"";"";"Brussel heeft geen rolstoelvriendelijk imago, maar daar heeft de jongerendienst Use-It in samenwerking met VFG iets op gevonden. Ze ontwierpen een gratis stadsplan van Brussel, specifiek op maat van jonge rolstoelers. Dat „op maat’’ mag je letterlijk nemen: het plannetje is gemaakt op schootformaat, zodat je je handen vrij houdt om te rijden. Volgens het beproefde recept van deze dienst mag je een pak ongezouten insider-tips verwachten van rolstoelers uit Brussel die weten wat jongeren interesseert. Alvast één gouden tip: voorzie een extra zitkussen om de kasseien te trotseren!
Om het plannetje te bestellen mail je naar info@vfg.be.";"";"";"";"";"";"";"0";"";"0";"1";"0";"";"";"";"";"";"";"";""
"393147";"ROUTE";"LOOP";"CYCLING_LOOP";"2025-06-28 20:31:02";"0";"Vinneronde";"OSSENWEGSTRAAT";"";"";"3440";"Zoutleeuw";"Zoutleeuw";"";"hageland";"202790.9397251969";"169700.043668448";"";"+32 16 26 76 20";"";"";"toerisme@vlaamsbrabant.be";"https://www.toerismevlaamsbrabant.be/producten/fietsen/fietsproducten/vinneronde-fietsroute/index.html";"";"";"";"";"Deze route leidt je langs valleien en boomgaarden die kenmerkend zijn voor de streek. De kers op de taart is het centrum van Zoutleeuw, het kunstschrijn van Vlaams-Brabant.
Vertrek aan het Provinciedomein Het Vinne in Zoutleeuw.
Laat je verleiden om in Bistro Het Vinne van seizoensgebonden streekgerechten te proeven, begeleid door een heerlijk streekbier. 
Op de website vind je alle informatie, een kaartje en de gpx van de route.
Wil je graag een aangepaste fiets huren? Dat kan in Provinciedomein Het Vinne. Ze verhuren er damesfietsen (ook elektrische), kinderfietsen, tandems alsook een driewieler junior, een driewieler groot, een elektrische rolstoelfiets en een elektrische duofiets. ";"";"";"";"";"";"";"";"";"";"";"";"";"";"";"";"";"";"";""
"276806";"ROUTE";"LOOP";"CYCLING_LOOP";"2020-06-02 15:20:36";"1";"Vinneronde fietsroute";"Ossenwegstraat";"70";"";"3440";"Zoutleeuw";"Zoutleeuw";"";"hageland";"203214.86";"170420.19";"";"+32 11 78 18 19";"";"";"provinciedomein.zoutleeuw@vlaamsbrabant.be";"https://www.toerismevlaamsbrabant.be/producten/fietsen/fietsproducten/vinneronde-fietsroute/index.html";"";"";"";"";"Deze route leidt je langs valleien en boomgaarden die kenmerkend zijn voor de streek. De kers op de taart is het centrum van Zoutleeuw, het kunstschrijn van Vlaams-Brabant. De route vertrekt vanop het Provinciedomein Het Vinne en is 16,3 km lang (uitbreidbaar tot 20,4 km).
Je kan aangepaste fietsen (lage zitfietsen met drie wielen en rugsteun, een rolstoelfiets met motor, tandems en duofiets met motor,…) huren. De fietsen kan je best vooraf reserveren.";"";"";"";"";"";"";"0";"0";"1";"1";"1";"1";"0";"";"";"";"";"";""
"380383";"ROUTE";"LOOP";"";"2025-03-07 01:11:32";"0";"Vlinderpad";"Putsesteenweg ";"129-131";"";"2920";"Kalmthout";"Kalmthout";"";"antwerpseKempen";"155621.1901471926";"229564.5327565772";"";"+32 3 620 18 30 ";"";"";"devroente.omgeving@vlaanderen.be";"omgeving.vlaanderen.be/de-vroente";"";"";"";"";"Het Vlinderpad in de Kalmthoutse Heide is een educatief wandelpad aangepast voor blinden en slechtzienden ontwikkeld door De Vroente, Duurzaam Educatiepunt. Je start aan de Vroente, Putsesteenweg 129 te Kalmthout of aan het station van Heide.  Met de gratis app ‘vlinderpad’ worden blinden en slechtzienden doorheen de route met 7 info – en belevingspunten geleid. Meer info vind je via deze link: omgeving.vlaanderen.be/nl/wandelpad-vlinder-%E2%80%93-aangepast-voor-blinden-en-slechtzienden.";"";"";"";"";"";"";"0";"0";"0";"0";"1";"1";"0";"";"";"";"";"";""
"276709";"ROUTE";"LOOP";"HIKING_LOOP";"2024-05-02 07:41:02";"0";"Vlinderwandeling Kattenbos + Stadswandeling in Lommel + museumbezoek GlazenHuis";"ZANDSTRAAT";"";"";"3920";"Lommel";"Lommel";"";"limburgseKempen";"215461.0777926482";"210490.5235089855";"";"+32 11 39 96 00";"";"";"info@toerismelommel.be";"http://www.toerismelommel.be";"";"";"";"";"Vlinderwandeling Kattenbos: Een betoverende wandeling met speel- en belevingselementen van kunstenaar Will Beckers telkens vergezeld van een educatieve toelichting en opdrachtjes op kindermaat. Start deze groene lus aan de Zandstraat. Parkeren kan op de ruime parking, met parkeerplaatsen voor personen met een handicap. Hier starten nog twee andere bewegwijzerde boswandelingen; de oranje lus van 6,5 km (+/- 1u45) en de rode los van 9,4 km (+/- 2u30). Iets verderop, op het Kattenrijt, vind je de Leyssensmolen. Een oude korenmolen die werd gebruikt om graan te maken voor boeren uit de streek. De weg er naartoe is eveneens rolstoelvriendelijke. De wandelkaart Kattenbos koop je voor € 2,50 bij Toerisme Lommel of online via de webshop van Toerisme Lommel.

Stadswandeling in Lommel: Ontdek alle hoogtepunten van Lommel centrum tijdens een historische stadswandeling. Je kan de begeleidende tekst gratis afhalen in het toeristisch kantoor en op eigen houtje wandelen of met een gids (te reserveren via groepen.toerisme@toerismelommel.be). Parkeren kan op de ruime parking (ingang via Adelberpark), met parkeerplaatsen voor personen met een handicap en oplaadpalen voor elektrische wagens (ingang via Lepelstraat). Wandel vanaf de parking naar Dorp via voetgangersweg De Vryheyt. Start aan Toerisme Lommel, Dorp 14, 3920 Lommel.

Museumbezoek GlazenHuis: Eindig je wandeling met een bezoek aan museum GlazenHuis, letterlijk en figuurlijk hét warmste plekje van Lommel. Hier brandt de glasoven continu aan meer dan 1100 graden en gloeit het van de creativiteit. Met een MuseumPass heb je gratis toegang.";"";"";"";"";"";"";"0";"0";"0";"1";"0";"0";"0";"";"";"";"";"";""
"276690";"ROUTE";"LOOP";"HIKING_LOOP";"2025-03-06 17:32:54";"0";"Wandelen in Retie (Gemeentebestuur Retie)";"Markt";"1";"";"2470";"Retie";"Retie";"";"antwerpseKempen";"200038.8371191778";"217721.7232896155";"";"+32 14 38 92 30";"";"";"toerisme@retie.be";"www.retie.be/wandelen";"";"";"";"";"De dorpswandeling is een themawandeling geschikt voor rolstoelgebruikers: www.retie.be/dorpswandeling.";"";"";"";"";"";"";"0";"0";"0";"1";"0";"0";"0";"";"";"";"";"";""
"276528";"ROUTE";"LOOP";"HIKING_LOOP";"2024-04-18 14:01:03";"0";"Wandelen met Wielen Lichtaart";"Markt";"42";"";"2460";"Kasterlee";"Kasterlee";"";"antwerpseKempen";"191848.76";"214749.78";"";"+32 14 84 85 19";"";"";"toerisme@kasterlee.be";"http://www.visitkasterlee.be";"";"";"";"";"Kasterlee wil voor iedereen een toegankelijke (wandel)gemeente zijn. Daarom werd in Lichtaart een rolstoelpad ontwikkeld. Het verharde wandelpad loopt door het bosrijke gebied en over het glooiende landschap van de Witte Bergen en de Hoge Berg van Lichtaart. Je kan kiezen voor de volledige lus van 4,7 km of voor een verkorte lus van 2,7 km. Vraag je brochure gratis aan via www.visitkasterlee.be of via +32 14 84 85 19.";"";"";"";"";"";"";"0";"0";"0";"1";"0";"0";"0";"";"";"";"";"";""
"399108";"ROUTE";"LOOP";"HIKING_LOOP";"2025-03-06 09:53:02";"0";"Wandelen met Wielen Pelt";"JEUGDLAAN";"2";"";"3900";"Pelt";"Pelt";"";"limburgseKempen";"223992.9926667233";"211802.159955319";"";"+32 11 94 94 90";"";"";"vrijetijd@gemeentepelt.be";"https://www.gemeentepelt.be/belevingspad-wandelen-met-wielen";"";"";"";"";"Een volledig verharde route (2 km) met onderweg belevingselementen op maat. Het startpunt is gelegen aan de MS-kliniek waar rolstoelvriendelijk sanitair bezocht kan worden.
De route is ook raadpleegbaar via: https://www.wandeleninlimburg.be/nl/wandelroutes/3377796/.";"";"";"";"";"";"";"";"";"";"1";"";"";"";"";"";"";"";"";""
"405072";"ROUTE";"LOOP";"HIKING_LOOP";"2025-03-06 11:52:53";"0";"Wandelen op Wielen in De Panne";"ZEELAAN";"21";"";"8660";"De Panne";"De Panne";"";"kust";"25339.23864885683";"199974.8898518356";"";"0032 58 42 18 18";"";"";"visit@depanne.be";"https://www.depanne.be/nl/praktisch/grenzeloos-de-panne/wandelen-op-wielen";"";"";"";"";"Ontdek het wandelpad ‘Wandelen op wielen’. De route gidst je zo’n 4 km door het Calmeynbos, de ondergrond is vaak onverhard, maar geschikt voor rolstoelen en kinderwagens. Je start aan het Provinciaal bezoekerscentrum Duinpanne in de Olmendreef.
Daar is een ruime parking, met meerdere parkeerplaatsen voor mensen met een beperking. Je vindt borden naar de start van het pad en ook verder doorheen het parcours. Een handig plan vind je op www.depanne.be/nl/praktisch/grenzeloos-de-panne/wandelen-op-wielen.";"";"";"";"";"";"";"";"";"";"1";"";"";"";"";"";"";"";"";""
"276713";"ROUTE";"LOOP";"HIKING_LOOP";"2025-03-06 20:52:02";"0";"Wandeling De Drie Beken";"Kerkstraat";"220";"";"9150";"Kruibeke";"Beveren-Kruibeke-Zwijndrecht";"";"waasland";"142831.21";"205648.01";"";"+32 495 200 512";"";"";"timmerman.r@skynet.be";"www.natuurpuntwaasland.be > Natuurgebieden > Drie Beken";"";"";"";"";"Het routeplan van de wandeling is te bekomen in het toeristisch infokantoor : Nederstraat 2, 9150 Rupelmonde en via toerisme@kruibeke.be. De 4,2 km lange wandeling van ""het gebied van De Drie Beken"" werd uitgestippeld als ode aan dit prachtige Wase coulissenlandschap met zijn typisch bolle akkers, bloem- en kruidenrijke wegbermen, kleine landschapselementen en hoekpoelen. Het gebied wordt doorsneden door de sterk meanderende Barbierbeek met twee bijrivieren : de Groendambeek en de Kleine Pismolenbeek. De wandeling volgt onder andere het laarzenpad op de rechteroever, langsheen de kronkelende Barbierbeek. Op de linkeroever is er een bufferstrook aangelegd die begraasd wordt door schapen. Het laarzenpad en de bufferstrook werden aangelegd door de provincie Oost-Vlaanderen om de Barbierbeek als meanderende waterloop te beschermen.Onze aandacht gaat ook naar de historische hoeve, het Geelhof. De perceelsgrenzen in het gebied bleven eeuwenlang onveranderd zoals uitgetekend op de Ferrariskaarten van 1773.";"";"";"";"";"";"";"0";"0";"0";"1";"0";"0";"0";"";"";"";"";"";""
"276686";"ROUTE";"LOOP";"HIKING_LOOP";"2025-06-28 20:33:07";"0";"wandelingen en gidsbeurten - VVV Lo-Reninge";"Markt ";"17A";"";"8647";"Lo-Reninge";"Lo-Reninge";"";"westhoek";"36312.30269538629";"186695.8201730987";"";"+32 58 28 91 66";"";"";"info@lauka.be";"www.lo-reninge.be/visit";"";"";"";"";"VVV Lo-Reninge organiseert verschillende gidsbeurten die rolstoeltoegankelijk zijn.:
• De stadswandeling in Lo
• Torens spreken in Lo
• Reninge in een notedop
• Feniks, wederopbouw in de Westhoek (Lo, Reninge, Noordschote of Pollinkhove)
• Vrouwen histories
• Gidsbeurt bij bezoek aan bezoekerscentrum Jules Destrooper
Muzikale wandeling met
• Reginald en Romuald
• Wim en Trui Chielens
• Vergeten gerstenat
Deze gidsbeurten en wandelingen worden telkens op maat en in samenspraak met de groep georganiseerd.";"";"";"";"";"";"";"0";"0";"0";"1";"0";"0";"0";"";"";"";"";"";""
"276707";"ROUTE";"LOOP";"HIKING_LOOP";"2025-03-07 01:18:45";"0";"Wandelingen in en rond Lier";"Grote Markt";"58";"";"2500";"Lier";"Lier";"";"antwerpseKempen";"164120.02";"202331.58";"";"+32 3 800 05 55";"";"";"info@visitlier.be";"http://www.visitlier.be";"";"";"";"";"Het Havenpad (3,3 km), het Nazarethpad (6,9 km) en Pallieter-Polderpad (5 km) zijn natuurwandelingen die toegankelijk zijn voor rolstoelgebruikers met hulp. Het Timmermanspad (5,2 km) toont historische bezienswaardigheden. In het Begijnhof maken de oude kasseien de doorgang moeilijk maar 3 toegangspoorten geven een inkijk als alternatief. De  bewegwijzering zijn 6-hoekige witte bordjes met een kleurpijl. Aan elk startpunt staat een overzichtelijk plan van de route.
De kasseien in het begijnhof maken het voor rolstoelgebruikers minder makkelijk. Maar als alternatief hebben ze een inkijk vanaf elk van de zes toegangspoorten. Werkzaamheden om gedeelten van het begijnhof rolstoelvriendelijker te maken staan gepland voor de nabije toekomst.";"";"";"";"";"";"";"0";"0";"0";"1";"0";"0";"0";"";"";"";"";"";""
"407627";"ROUTE";"LOOP";"HIKING_LOOP";"2025-04-16 08:22:01";"0";"Wandelnetwerk Ieperboog Zuid";"";"";"";"8900";"Ieper";"Ieper";"";"westhoek";"";"";"";"+32 50 30 55 00";"";"";"info@westtoer.be";"https://www.visitwestvlaanderen.be/nl/wandelen/wandelnetwerk-ieperboog-zuid";"";"";"";"";"Wie eenmaal geproefd heeft van de landschappelijke en cultuurhistorische rijkdom van het bosrijke gebied ten zuiden van Ieper, krijgt er nooit genoeg van. Provinciedomein Palingbeek, de Verdronken Weiden en Zillebekevijver vormen de basis van het netwerk. Ga op ontdekking en stap door de glooiende landschappen, de weiden, hagen, knotboomrijen, poelen, kleine bosjes, mooie hoeves en de typische dorpen van onze charmante Westhoek.";"";"";"";"";"";"";"";"";"";"1";"";"";"";"";"";"Bij de uitbreiding en herwerking van het wandelnetwerk besteedde Westtoer extra aandacht aan de toegankelijkheid van de paden. Verschillende lussen op het wandelnetwerk werden gescreend op mogelijke hindernissen voor minder mobiele personen. Er wordt werk gemaakt om de groene gordel rond Ieper en het vestinglandschap integraal toegankelijk te maken. Zo kan binnenkort echt iedereen op pad op wandelnetwerk Ieperboog Zuid!";"";"";""
"380384";"ROUTE";"LOOP";"";"2025-03-06 16:58:43";"0";"Wielenweg";"Torenstraat ";"";"";"3900";"Overpelt";"Pelt";"";"limburgseKempen";"227261.6704558845";"210168.5503872354";"";"+32 11 78 52 59";"";"";"info@rllk.be";"https://www.wandeleninlimburg.be/nl/routes/104378028/?lon=5.47405318929475&lat=51.197072693302005&z=16";"";"";"";"";"Deze route van 1,9 km in het Kolisbos is een rolstoeltoegankelijke route met meerdere belevingselementen. Belangrijk om weten is dat er geen rolstoelvriendelijke toiletten in de omgeving zijn.";"";"";"";"";"";"";"0";"0";"0";"1";"0";"0";"0";"";"";"";"";"";""
"276708";"ROUTE";"LOOP";"HIKING_LOOP";"2022-06-08 07:46:05";"0";"Winterwandelingen (Toerisme Kasterlee)";"Markt";"42";"";"2460";"Kasterlee";"Kasterlee";"";"antwerpseKempen";"191985.843228028";"214672.7149690166";"";"+32 486 20 54 19";"";"";"info@vvvkasterlee.be";"http://www.wandelgemeente.be";"";"";"";"";"De Joëlette is een draagbare rolstoel die toelaat om - met behulp van 2 sterke dragers - ook moeilijk berijdbaar terrein te betreden. Dat betekent dat de Joëlette ook bruikbaar is voor natuurwandelingen en bergtochten.

Heel het jaar door kan je bij de organisatie IE uit Kasterlee een Joëlette huren. IE beschikt over 4 exemplaren en op aanvraag zijn er vrijwilligers om de wandeling te begeleiden.

In Kasterlee vinden ook van november tot en met april elke zondag winterwandelingen plaats, telkens vertrekkend vanuit een andere horecazaak. Voor elk van deze tochten kan een Joëlette gehuurd worden.

Meer informatie over prijzen en verhuur van Joëlettes: www.ievzw.be/joelette.";"";"";"";"";"";"";"0";"0";"0";"1";"0";"0";"0";"";"";"";"";"";""
"276717";"ROUTE";"LOOP";"HIKING_LOOP";"2025-02-22 15:54:03";"0";"Zevenbronnenwandeling in Landen";"Wezerenstraat ";"";"";"3401";"Waasmont";"Landen";"";"hageland";"200426.663222437";"159081.1836509751";"";"+32 16 26 76 20";"";"";"toerisme@vlaamsbrabant.be";"https://www.toerismevlaamsbrabant.be/producten/wandelen/toegankelijke-zevenbronnenwandeling/index.html";"";"";"";"";"In Landen werd de Zevenbronnenwandeling voor een deel toegankelijk gemaakt voor personen met een beperking. De wandeling leidt je doorheen de vallei van de Grote Gete en het overgangsgebied tussen het Hageland en Haspengouw. Geniet van het prachtig zicht op de uitgestrekte weilanden en akkers. Verpoos aan de Heilige Kruiskapel waar de boeren kwamen bidden om de ziekte van het vee ""af te binden"". Vertrek aan Coppejanshoeve, kruispunt Wezerenstraat-Walholstraat, 3401 Walshoutem. ";"";"";"";"";"";"";"0";"0";"1";"1";"0";"0";"0";"";"";"";"";"";""
