"business_product_id";"information_group";"discriminator";"changed_time";"deleted";"name";"street";"house_number";"box_number";"postal_code";"city_name";"main_city_name";"distance";"promotional_region";"x";"y";"lat";"long";"green_key_labeled";"accessibility_label";"closing_period";"next_year_closing_period";"phone1";"phone2";"phone3";"email";"website";"facebook";"twitter";"flickr";"instagram";"product_description";"link_to_accessibility_website";"accessibility_description";"entrance";"route_and_levels";"common_toilet";"allergies";"extra_facilities";"food_allergy";"deaf";"auditive";"mental";"motor";"blind";"visual";"autism";"food_allergy_desc";"allergies_desc";"deaf_desc";"auditive_desc";"mental_desc";"motor_desc";"blind_desc";"visual_desc";"autism_desc";"garden";"space_table_desc"
"276548";"ACTIVITY";"FOOD_DRINKS";"2025-03-06 19:43:54";"0";"’t Vijfde Seizoen";"Stationsstraat";"9";"";"9880";"Aalter";"Aalter";"";"meetjesland";"85506.75999999999";"197559.62";"51.08455179071058";"3.448365498017965";"";"";"";"";"+32 9 351 74 60";"";"";"restaurant@tvijfdeseizoen.com";"http://www.tvijfdeseizoen.com";"";"";"";"";"Speelse bistronomie in een sfeervol interieur waarin ruwe materialen zoals leder, hout en zwart staal primeren. Chef Broes Tavernier verkiest een schouder van konijn boven een filet pur. Zijn voorliefde voor ondergewaardeerde producten vertaalt hij naar fantasierijke, streekgebonden gerechten. Hier bepaalt de boer wat op het menu komt en niet andersom. 

Sluitingsdagen: woensdag en zondag.";"";"Speelse bistronomie in een sfeervol interieur waarin ruwe materialen zoals leder, hout en zwart staal primeren. Chef Broes Tavernier verkiest een schouder van konijn boven een filet pur. Zijn voorliefde voor ondergewaardeerde producten vertaalt hij naar fantasierijke, streekgebonden gerechten. Hier bepaalt de boer wat op het menu komt en niet andersom. ";"";"Je hebt hulp nodig voor het openen van een dubbele deur en zwaardere deuren, de beperkte circulatieruimte in de gang en op de helling. De eetzaal zelf is goed toegankelijk. ";"";"0";"Er is een aangepast toilet met beugels, maar de ruimte is te klein.";"0";"0";"0";"0";"1";"0";"0";"0";"";"";"";"";"";"";"";"";"";"";""
"276578";"ACTIVITY";"FOOD_DRINKS";"2020-06-02 18:00:36";"1";"Aen de Kerck van Melveren";"SINT-GODFRIEDSTRAAT";"15";"";"3800";"Sint-Truiden";"Sint-Truiden";"";"haspengouw";"208543.3677138297";"169219.8089118777";"50.830998";"5.19847";"";"";"";"";"+32 11 68 39 65";"";"";"info@aendekerck.be";"http://www.aendekerck.be/";"";"";"";"";"Een heerlijk restaurantje op een leuke groene locatie aan de rand van Sint-Truiden.";"";"";"";"De ingang is drempelloos en de deuren en doorgangen zijn voldoende breed. ";"";"0";"Er is geen aangepast toilet.";"0";"0";"0";"0";"1";"0";"0";"0";"";"";"";"";"";"";"";"";"";"";""
"276547";"ACTIVITY";"FOOD_DRINKS";"2025-03-06 17:38:02";"0";"Amu";"Patersstraat";"79";"";"2300";"Turnhout";"Turnhout";"";"antwerpseKempen";"190465.58";"224225.19";"51.32638133120483";"4.949268453025537";"";"";"";"";"+32 14 41 24 89";"";"";"info@amu-turnhout.be";"http://www.amu-turnhout.be";"";"";"";"";"Verfijnde amuses in een intiem, jazzy interieur met een 100% vrouwelijke equipe. Mediterraans geïnspireerde gerechten, met sterke producten en verrassende smaken. Chef Marjanne Moonen's keuken werd in 2015 bekroond met een 'Bib Gourmand' voor een uitmuntende prijs-kwaliteitsverhouding. 

Sluitingsdagen: dinsdag, woensdag & zaterdagmiddag.";"";"Verfijnde amuses in een intiem, jazzy interieur met een 100% vrouwelijke equipe. Mediterraans geïnspireerde gerechten, met sterke producten en verrassende smaken. Chef Marjanne Moonen's keuken werd in 2015 bekroond met een 'Bib Gourmand' voor een uitmuntende prijs-kwaliteitsverhouding.";"";"Er is een drempel van 6 cm aan de ingang. De deuren zijn breed genoeg. ";"";"0";"Er is geen aangepast toilet.";"0";"0";"0";"0";"1";"0";"0";"0";"";"";"";"";"";"";"";"";"";"";""
"276880";"ACTIVITY";"FOOD_DRINKS";"2025-03-06 16:26:02";"0";"Belfort Foodbar";"Emile Braunplein";"40";"";"9000";"Gent";"Gent";"";"kunststadGent";"104803.45";"193957.76";"51.05400260113227";"3.724183782476315";"";"";"";"";"+32 9 225 60 05";"";"";"info@belfort-restaurant.be";"http://www.belfortfoodbar.com";"";"";"";"";"Dit café en restaurant is prachtig gelegen onder de Gentse stadshal.";"";"";"";"Dit prachtig gelegen café en restaurant onder de Gentse stadshal is goed toegankelijk. Je bereikt het via hellingen of een lift naast de stadshal. ";"";"0";"Er is een toegankelijk toilet met voldoende opstelruimte en beugels.";"0";"0";"0";"0";"1";"0";"0";"0";"";"";"";"";"";"";"";"";"";"";""
"276560";"ACTIVITY";"FOOD_DRINKS";"2025-03-06 20:52:02";"0";"Bistro ’t Verschil";"Bruggesteenweg";"164";"";"8830";"Hooglede";"Hooglede";"";"westhoek";"62305.52762988606";"186068.1959220348";"50.978766";"3.118766";"";"";"";"";"+32 51 43 67 20";"";"";"bistro-tverschil@telenet.be";"http://www.bistrotverschil.be";"";"";"";"";"Tom Cloet heeft een passie voor nostalgische gerechten zoals stoofpotten en terrines. Hij tilt ze, met behulp van hedendaagse technieken, naar een hoger niveau, maar de ‘gezelligheidsfactor’ blijft onveranderd. 't Verschil maakt wel degelijk een verschil in het culinaire landschap";"http://toevla.vlaanderen.be/publiek/nl/register/detail/4937";"Om de kiezel van de parking te vermijden kan je voorrijden tot de oprit. Je kan nog hulp nodig hebben op de kasseien daar, en om enkele kleine drempels van 5 cm en de deurdrempel van 8 cm te overbruggen. De opstel- en circulatieruimte is nipt, maar bruikbaar. Er is voldoende circulatieruimte in  het restaurant, maar op sommige plekken versmalt de doorgang. Sommige tafels hebben een beperkte vrije breedte van 61 cm tussen de poten. Andere tafels zijn bistrotafels met een centrale poot die de voetruimte hinderen. Er is geen aangepast toilet. Het terras kan je met hulp bereiken.";"";"";"";"0";"";"0";"0";"0";"0";"1";"0";"0";"0";"";"";"";"";"";"";"";"";"";"";""
"276728";"ACTIVITY";"FOOD_DRINKS";"2017-01-18 14:55:46";"1";"bistro 1800";"Abdijmolenweg";"1";"";"8510";"Marke";"Kortrijk";"";"leieStreek";"70696.61";"166721.55";"50.80554336518473";"3.243694558100296";"";"";"";"";"+32 56 21 21 00";"";"";"info@d-hotel.be";"http://www.d-hotel.be/nl/bistro/d-bistro";"";"";"";"";"Deze bistro maakt deel uit van het d-hotel. In de bistro is er veel plaats en is er een onderrijdbare tafel aanwezig. Er is een toegankelijk toilet met voldoende opstelruimte naast, voor (100 cm) en schuin voor het toilet. 2 beugels zijn voorzien.";"";"Deze bistro maakt deel uit van het d-hotel. In de bistro is er veel plaats en is er een onderrijdbare tafel aanwezig. Er is een toegankelijk toilet met voldoende opstelruimte naast, voor (100 cm) en schuin voor het toilet. 2 beugels zijn voorzien.";"";"";"";"0";"";"";"0";"";"0";"1";"0";"";"";"";"";"";"";"";"";"";"";"";"";""
"276763";"ACTIVITY";"FOOD_DRINKS";"2025-02-22 18:22:35";"0";"Bistro De Markt";"de Smet de Naeyerlaan";"10";"";"8370";"Blankenberge";"Blankenberge";"";"kust";"63331.21";"223278.48";"51.31279402962121";"3.125804465255898";"";"";"";"";"32 473 28 02 31";"";"";"bistro.de.markt.blankenberge@gmail.com";"";"";"";"";"";"Gedetailleerde meetgegevens voor deze zaak zijn te vinden op www.toevla.be. De volledige brochure “Toegankelijke restaurants en cafés in Blankenberge” is beschikbaar onder  “publicaties” op de website www.toegankelijkreizen.be.";"";"Gedetailleerde meetgegevens voor deze zaak zijn te vinden op www.toevla.be. De volledige brochure “Toegankelijke restaurants en cafés in Blankenberge” is beschikbaar onder  “publicaties” op de website www.toegankelijkreizen.be.";"";"";"";"0";"";"";"0";"";"0";"1";"0";"";"";"";"";"";"";"";"";"";"";"";"";""
"276764";"ACTIVITY";"FOOD_DRINKS";"2025-02-22 18:22:36";"0";"Bistro De Tijd";"Grote Markt";"9";"";"8370";"Blankenberge";"Blankenberge";"";"kust";"63271.577";"223334.624";"51.3133131789792";"3.12487341463565";"";"";"";"";"";"";"";"0032 473 75 43 56";"";"";"";"";"";"Gedetailleerde meetgegevens voor deze zaak zijn te vinden op www.toevla.be. De volledige brochure “Toegankelijke restaurants en cafés in Blankenberge” is beschikbaar onder  “publicaties” op de website www.toegankelijkreizen.be.";"";"Gedetailleerde meetgegevens voor deze zaak zijn te vinden op www.toevla.be. De volledige brochure “Toegankelijke restaurants en cafés in Blankenberge” is beschikbaar onder  “publicaties” op de website www.toegankelijkreizen.be.";"";"";"";"0";"";"";"0";"";"0";"1";"0";"";"";"";"";"";"";"";"";"";"";"";"";""
"276575";"ACTIVITY";"FOOD_DRINKS";"2018-02-13 08:35:01";"1";"Bistro Margaux";"Dorpsplein";"3";"";"1700";"Sint-Martens-Bodegem";"Dilbeek";"";"groeneGordel";"139004.06";"172306.51";"50.86103459585591";"4.212587972799723";"";"";"";"";"";"+32 (0)2 460 05 45";"";"info@bistromargaux.be";"http://www.bistromargaux.be";"";"";"";"";"Topproducten bereid op sterrenniveau in een gezellige, oude hoeve met een open wijnkamer als blikvanger.
Chef Thomas Locus legde een indrukwekkend parcours af. In zijn eigen zaak grijpt hij terug naar klassieke technieken zoals stoven en lange garing op lage temperaturen.

Sluitingsdagen: maandag & dinsdag.";"";"Je kan hulp goed gebruiken voor de vrij steile helling naar de ingang en de drempel van 8 cm. Verder is het restaurant goed toegankelijk. De tafels zijn onderrijdbaar. Ook voor het terras moet je over een drempel van 8 cm. Het aangepast toilet heeft voldoende opstelruimte, maar de wastafel is wat moeilijker bruikbaar.";"";"";"";"0";"";"";"0";"";"0";"1";"0";"";"";"";"";"";"";"";"";"";"";"";"";""
"276789";"ACTIVITY";"FOOD_DRINKS";"2025-03-06 22:56:21";"0";"Bistro Moby Dick";"Visserskaai";"6";"";"8400";"Oostende";"Oostende";"";"kust";"49028.84";"214380.7";"51.23050936910431";"2.923214988492925";"";"";"";"";"+32 59 80 01 37";"";"";"";"";"";"";"";"";"Gedetailleerde meetgegevens voor deze zaak zijn te vinden op www.toevla.be. De volledige brochure “Toegankelijke restaurants en cafés in Oostende” is beschikbaar onder  “publicaties” op de website www.toegankelijkreizen.be.";"";"Gedetailleerde meetgegevens voor deze zaak zijn te vinden op www.toevla.be. De volledige brochure “Toegankelijke restaurants en cafés in Oostende” is beschikbaar onder  “publicaties” op de website www.toegankelijkreizen.be.";"";"";"";"0";"";"";"0";"";"0";"1";"0";"";"";"";"";"";"";"";"";"";"";"";"";""
"276815";"ACTIVITY";"FOOD_DRINKS";"2025-06-28 19:51:07";"0";"Bistro Tearoom De Kippe";"STATIONSSTRAAT";"";"";"8650";"Houthulst";"Houthulst";"";"westhoek";"44486.94228620402";"183965.9667331465";"50.956906";"2.865708";"";"";"";"";"+32 51 54 40 48";"";"";"dekippe@telenet.be";"http://www.dekippe.be";"";"";"";"";"De Kippe is een gezellige en kindvriendelijke plek in het rustige Merkem. Het is tegelijk een café, tearoom, bistro en kunstgalerij.

De Kippe is toegankelijk met hulp. Er is geen eigen parkeerterrein, maar binnen een straal van 200 m zijn er wel aangepaste parkeerplaatsen. Het toegangspad via het terras verloopt vlak en drempelloos. De toegang is voldoende breed, verloopt drempelloos en er is voldoende circulatieruimte. Ook in de zaal is er voldoende circulatieruimte. De tafels zijn onderrijdbaar. Op de route naar het sanitair is de circulatieruimte na de sasdeur beperkt. De opstelruimte aan de deur is nipt, maar bruikbaar. In het aangepast toilet ontbreekt enkel een steunbeugel aan de gesloten zijde van het toilet.";"";"De Kippe is een gezellige en kindvriendelijke plek in het rustige Merkem. Het is tegelijk een café, tearoom, bistro en kunstgalerij.

De Kippe is toegankelijk met hulp. Er is geen eigen parkeerterrein, maar binnen een straal van 200 m zijn er wel aangepaste parkeerplaatsen. Het toegangspad via het terras verloopt vlak en drempelloos. De toegang is voldoende breed, verloopt drempelloos en er is voldoende circulatieruimte. Ook in de zaal is er voldoende circulatieruimte. De tafels zijn onderrijdbaar. Op de route naar het sanitair is de circulatieruimte na de sasdeur beperkt. De opstelruimte aan de deur is nipt, maar bruikbaar. In het aangepast toilet ontbreekt enkel een steunbeugel aan de gesloten zijde van het toilet.";"";"";"";"0";"";"0";"0";"0";"0";"1";"0";"0";"0";"";"";"";"";"";"";"";"";"";"";""
"276787";"ACTIVITY";"FOOD_DRINKS";"2025-03-06 22:56:19";"0";"Bistro Vaudeville";"Vindictivelaan";"1A";"";"8400";"Oostende";"Oostende";"";"kust";"48552.19";"213992";"51.2269328384992";"2.916501464166336";"";"";"";"";"+32 59 80 81 42";"";"";"bistro.vaudeville@gmail.com";"";"";"";"";"";"Gedetailleerde meetgegevens voor deze zaak zijn te vinden op www.toevla.be. De volledige brochure “Toegankelijke restaurants en cafés in Oostende” is beschikbaar onder  “publicaties” op de website www.toegankelijkreizen.be.";"";"Gedetailleerde meetgegevens voor deze zaak zijn te vinden op www.toevla.be. De volledige brochure “Toegankelijke restaurants en cafés in Oostende” is beschikbaar onder  “publicaties” op de website www.toegankelijkreizen.be.";"";"";"";"0";"";"";"0";"";"0";"1";"0";"";"";"";"";"";"";"";"";"";"";"";"";""
"276559";"ACTIVITY";"FOOD_DRINKS";"2025-03-06 11:28:52";"0";"Boury";"Rumbeeksesteenweg";"300";"";"8800";"Roeselare";"Roeselare";"";"leieStreek";"63655.98";"181499.9";"50.93737029432194";"3.140362688918961";"";"";"";"";"+32 51 62 64 62";"";"";"info@restaurantboury.be";"http://www.timboury.be";"";"";"";"";"Lichte sterrenkeuken in een setting die rust en luxe uitstraalt door warme natuurelementen.

Chef Tim Boury streeft naar evenwicht tussen de klassieke en vooruitstrevende keuken. Op het menu staan steevast rauwe bereidingen met vis en vlees.

Sluitingsdagen: maandag & zondag.";"http://toevla.vlaanderen.be/publiek/nl/register/detail/4940";"Op het menu staan gevarieerde gerechten, zowel frisse als volle seizoensbereidingen. ";"";"Er is een lange helling naar de voordeur. ";"";"0";"Via een lift bereik je het aangepast toilet (daarover hebben we geen objectieve gegevens).";"1";"0";"0";"0";"1";"0";"0";"0";"";"";"";"";"";"";"";"";"";"";""
"276569";"ACTIVITY";"FOOD_DRINKS";"2025-03-06 11:38:17";"0";"Brasserie Boulevard";"Kortrijksesteenweg";"175";"";"9831";"Deurle";"Sint-Martens-Latem";"";"leieStreek";"98379.17";"188974.37";"51.00867443888734";"3.633270080171401";"";"";"";"";"+32 9 279 12 00";"";"";"thomas@blvd.be";"http://www.blvd.be";"";"";"";"";"Brasseriekeuken met nadruk op kwaliteitsingrediënten in een huiselijk pand met open keuken.
Chef Sam D'Huyvetter probeert niet te imponeren met hoogstaande kunstwerkjes. Hij puurt klassieke gerechten uit en steekt ze in een hedendaags jasje.

Sluitingsdagen: zaterdagmiddag & zondag.";"http://toevla.vlaanderen.be/publiek/nl/register/detail/2687";"";"";"Je laat je best voor de ingang afzetten, de parking is moeilijk berijdbaar met de rolstoel. Er is een drempel van 5 cm aan de ingang. Je kan ook hulp nodig hebben voor de beperkte ruimte in het inkomsas. ";"";"0";"Er is geen aangepast toilet.";"0";"0";"0";"0";"1";"0";"0";"0";"";"";"";"";"";"";"";"";"";"";""
"276781";"ACTIVITY";"FOOD_DRINKS";"2020-06-02 15:20:21";"0";"Brasserie Carrousel (Hotel Cosmopolite)";"Albert I laan";"141";"";"8620";"Nieuwpoort";"Nieuwpoort";"";"kust";"34713.11";"205706.73";"51.14988473087764";"2.721079136103271";"";"";"";"";"+32 58 23 33 66";"";"";"info@cosmopolite.be";"http://www.cosmopolite.be/nl/brasserie-carrousel-0";"";"";"";"";"Gedetailleerde meetgegevens voor deze zaak zijn te vinden op www.toevla.be. De volledige brochure “Toegankelijke restaurants en cafés in Nieuwpoort” is beschikbaar onder  “publicaties” op de website www.toegankelijkreizen.be.
De trendy brasserie Carrousel maakt deel uit van hotel Cosmopolite. Je komt er binnen langs de drempelloze ingang met automatische deur. Er is een aangepast toilet, met enigszins beperkte manoeuvreerruimte (120x150 cm, wat betekent dat een gewone rolstoel er niet helemaal kan draaien). Er zijn twee beugels aanwezig. Goede opstelruimte naast en schuin voor het toilet, maar wat nipt recht ervoor (90 cm).";"";"Gedetailleerde meetgegevens voor deze zaak zijn te vinden op www.toevla.be. De volledige brochure “Toegankelijke restaurants en cafés in Nieuwpoort” is beschikbaar onder  “publicaties” op de website www.toegankelijkreizen.be.
De trendy brasserie Carrousel maakt deel uit van hotel Cosmopolite. Je komt er binnen langs de drempelloze ingang met automatische deur. Er is een aangepast toilet, met enigszins beperkte manoeuvreerruimte (120x150 cm, wat betekent dat een gewone rolstoel er niet helemaal kan draaien). Er zijn twee beugels aanwezig. Goede opstelruimte naast en schuin voor het toilet, maar wat nipt recht ervoor (90 cm).";"";"";"";"0";"";"";"0";"";"0";"1";"0";"";"";"";"";"";"";"";"";"";"";"";"";""
"276775";"ACTIVITY";"FOOD_DRINKS";"2025-03-06 20:27:46";"0";"Brasserie Cinq Annoo";"GRAAF D'URSELLAAN";"45";"";"8301";"Heist-aan-Zee";"Knokke-Heist";"";"kust";"71799.19466401453";"226139.6768760001";"51.340258";"3.245306";"";"";"";"";"+32 50 51 03 10";"";"";"christoph.vandewalle@telenet.be";"http://www.cinqannoo.be";"";"";"";"";"Gedetailleerde meetgegevens voor deze zaak zijn te vinden op www.toevla.be. De volledige brochure “Toegankelijke restaurants en cafés in Knokke-Heist” is beschikbaar onder  “publicaties” op de website www.toegankelijkreizen.be.
De ingang heeft een drempel van 3 cm. Verder kun je vlot Cinq Annoo binnen. Op het terras vonden onze onderzoekers (in 2010) geen vlot onderrijdbare tafel, maar binnen wel. Er is een niet-verlengd aangepast toilet met overal voldoende ruimte en één opklapbare steunbeugel.";"";"Gedetailleerde meetgegevens voor deze zaak zijn te vinden op www.toevla.be. De volledige brochure “Toegankelijke restaurants en cafés in Knokke-Heist” is beschikbaar onder  “publicaties” op de website www.toegankelijkreizen.be.
De ingang heeft een drempel van 3 cm. Verder kun je vlot Cinq Annoo binnen. Op het terras vonden onze onderzoekers (in 2010) geen vlot onderrijdbare tafel, maar binnen wel. Er is een niet-verlengd aangepast toilet met overal voldoende ruimte en één opklapbare steunbeugel.";"";"";"";"0";"";"";"0";"";"0";"1";"0";"";"";"";"";"";"";"";"";"";"";"";"";""
"276733";"ACTIVITY";"FOOD_DRINKS";"2022-06-08 07:42:08";"0";"Brasserie De Groene Hendrickx";"Zuivelmarkt";"25";"";"3500";"Hasselt";"Hasselt";"";"haspengouw";"218304.97";"180550.24";"50.93121289023328";"5.340387519747992";"";"";"";"";"+32 11 28 82 15";"";"";"groene@lodge-hotels.be";"www.lodge-hotels.be > Brasseries > De Groene Hendrickx";"";"";"";"";"Brasserie De Groene Hendrickx nodigt uit tot een leuke babbel en voor zonnige dagen is er een sfeervol buitenterras.";"";"";"";"";"";"0";"Nipte circulatie- en opstelruimte aan de deur en in het toilet, maar voldoende voor gebruik. Er is voldoende opstelruimte naast en schuin voor het toilet, ervoor beperkt (98 cm). 2 beugels zijn voorzien.";"0";"0";"0";"0";"1";"0";"0";"0";"";"";"";"";"";"";"";"";"";"";""
"276788";"ACTIVITY";"FOOD_DRINKS";"2025-03-06 22:56:20";"0";"Brasserie Entourage";"Wapenplein";"16";"";"8400";"Oostende";"Oostende";"";"kust";"48707.29";"214567.68";"51.23213334065637";"2.918560435247337";"";"";"";"";"+32 59 43 90 99";"";"";"entourage-oostende@telenet.be";"";"";"";"";"";"Gedetailleerde meetgegevens voor deze zaak zijn te vinden op www.toevla.be. De volledige brochure “Toegankelijke restaurants en cafés in Oostende” is beschikbaar onder  “publicaties” op de website www.toegankelijkreizen.be.";"";"Gedetailleerde meetgegevens voor deze zaak zijn te vinden op www.toevla.be. De volledige brochure “Toegankelijke restaurants en cafés in Oostende” is beschikbaar onder  “publicaties” op de website www.toegankelijkreizen.be.";"";"";"";"0";"";"";"0";"";"0";"1";"0";"";"";"";"";"";"";"";"";"";"";"";"";""
"276744";"ACTIVITY";"FOOD_DRINKS";"2025-03-07 00:10:44";"0";"Brasserie Flo Antwerp (Hilton Antwerp Old Town)";"Groenplaats";"32";"";"2000";"Antwerpen";"Antwerpen";"";"kunststadAntwerpen";"152343.98";"212149.36";"51.21926739642347";"4.402321867752597";"";"";"";"";"+32 3 204 12 29";"";"";"BrasserieFlo.Antwerp@hilton.com";"www.brasseriefloantwerp.com";"";"";"";"";"Restaurant van het Hilton Antwerp Old Town. ";"";"Restaurant van het Hilton Antwerp Old Town. ";"";"";"";"0";"Voldoende opstelruimte naast, schuin voor en voor het (verhoogd en verlengd) toilet in de Lobby Lounge. 2 beugels aanwezig.";"0";"0";"0";"0";"1";"0";"0";"0";"";"";"";"";"";"";"";"";"";"";""
"276765";"ACTIVITY";"FOOD_DRINKS";"2025-02-22 18:22:38";"0";"Brasserie Marcel";"Zeedijk";"121";"";"8370";"Blankenberge";"Blankenberge";"";"kust";"63341.36";"223584.11";"51.31554210823924";"3.12587671779524";"";"";"";"";"+32 50 41 28 46";"";"";"helena@brasseriemarcel.be";"http://www.brasseriemarcel.be";"";"";"";"";"Gedetailleerde meetgegevens voor deze zaak zijn te vinden op www.toevla.be. De volledige brochure “Toegankelijke restaurants en cafés in Blankenberge” is beschikbaar onder  “publicaties” op de website www.toegankelijkreizen.be.";"";"Gedetailleerde meetgegevens voor deze zaak zijn te vinden op www.toevla.be. De volledige brochure “Toegankelijke restaurants en cafés in Blankenberge” is beschikbaar onder  “publicaties” op de website www.toegankelijkreizen.be.";"";"";"";"0";"";"";"0";"";"0";"1";"0";"";"";"";"";"";"";"";"";"";"";"";"";""
"276794";"ACTIVITY";"FOOD_DRINKS";"2025-02-22 11:07:06";"0";"Brasserie Nelson";"Vismijnstraat";"24";"";"8380";"Zeebrugge";"Brugge";"";"kust";"68825.38";"225390.106";"51.332594199757";"3.20405289530754";"";"";"";"";"0032 50 54 59 54";"";"";"";"";"";"";"";"";"Gedetailleerde meetgegevens voor deze zaak zijn te vinden op www.toevla.be. De volledige brochure “Toegankelijke restaurants en cafés in Zeebrugge” is beschikbaar onder  “publicaties” op de website www.toegankelijkreizen.be.";"";"Gedetailleerde meetgegevens voor deze zaak zijn te vinden op www.toevla.be. De volledige brochure “Toegankelijke restaurants en cafés in Zeebrugge” is beschikbaar onder  “publicaties” op de website www.toegankelijkreizen.be.";"";"";"";"0";"";"";"0";"";"0";"1";"0";"";"";"";"";"";"";"";"";"";"";"";"";""
"276877";"ACTIVITY";"FOOD_DRINKS";"2025-06-28 19:52:17";"0";"Brasserie Stadspark";"Parklaan";"56";"";"2300";"Turnhout";"Turnhout";"";"antwerpseKempen";"190201.03";"222636.54";"51.31212191607021";"4.945296215654885";"";"";"";"";"+32 14 43 87 87";"";"";"info@stadspark.be";"http://www.stadspark.be";"";"";"";"";"Brasserie Stadspark is een gevestigde waarde in Turnhout. Hier kom je voor heerlijke gerechten gemaakt vandagverse producten. Brasserie Stadspark is goed bereikbaar maar ligt tegelijk vlak aan het groene Stadspark. Bij mooi weer kan je ook op het terras zitten. Er is ook een speeltuin en speelweide. ";"";"";"";"Het café-restaurant is opgedeeld in drie zones: voorste deel, achterste deel en een terras. Voor de deur naar het terras is nipte manoeuvreerruimte aanwezig. ";"";"0";"Er is één sanitair blok in het café-restaurant met een aangepast toilet. Voor de deur naar het aangepast sanitair is de manoeuvreerruimte beperkt.";"0";"0";"0";"0";"1";"0";"0";"0";"";"";"";"";"";"";"";"";"";"";""
"287291";"ACTIVITY";"FOOD_DRINKS";"2025-03-06 13:59:57";"0";"Carcasse";"Henri Christiaenlaan";"5";"";"8670";"Koksijde";"Koksijde";"";"kust";"26950.78";"201458.59";"51.11011225179465";"2.611614602528573";"";"INFORMATION_AVAILABLE";"";"";"+32 (0)58 51 72 49";"";"";"info@carcasse.be";"http://www.carcasse.be";"";"";"";"";"Je moet het maar doen: op een boogscheut van het Koksijdse strand een vleesrestaurant openen. Met zijn neus tot staart-filosofie grijpt slager Hendrick Dierendonck je instant bij de lurven. In de potten van Carcasse roert chef Anthony Snoeck. Hij versnijdt en bereidt trots diverse vleesrassen, waaronder het West-Vlaams Rood van de eigen boerderij. Al proef je zijn productkennis even goed in zijn bijgerechten met biologische streekproducten en (vergeten) groenten.";"https://toevla.vlaanderen.be/publiek/nl/register/detail/6121";"";"";"Je komt binnen via een vrij lange helling aan de zijkant. Misschien heb je wat hulp nodig. De inkomdeur is breed.";"";"";"Er is een ruim aangepast toilet, maar de opstelruimte naast het toilet is beperkt en beugels ontbreken.";"1";"";"";"";"1";"";"";"";"";"";"";"";"";"";"";"";"";"";""
"276594";"ACTIVITY";"FOOD_DRINKS";"2025-06-28 19:54:13";"0";"Cuchara";"Lepelstraat ";"3";"";"3920";"Lommel";"Lommel";"";"limburgseKempen";"215822.6076587289";"213867.4766970025";"51.231514";"5.309826";"";"";"";"";"+32 11 75 74 35";"";"";"info@cuchara.be";"http://www.cuchara.be";"";"";"";"";"Een ontmoeting tussen Oost en West in een kunstzinnig wabi-sabi-interieur.
Gezonde en creatieve gerechten met focus op de vijfde smaak: umami. Belgische asperges combineert Chef Jan Tournier zonder enige twijfel met ponzu en gerookte paling werkt hij af met dashi.

Sluitingsdagen: maandag, zaterdagnamiddag & zondag.";"";"De tafels zijn beperkt onderrijdbaar door de centrale poot en vrije hoogte van 66 cm. ";"";"Er is voldoende ruimte binnen. Er is een trede om naar de zaal te gaan, maar daarvoor wordt een wegneembare helling voorzien. ";"";"1";"Er is een ruimer, maar voor veel rolstoelgebruikers onvoldoende toegankelijk toilet.";"0";"0";"0";"0";"1";"0";"0";"0";"";"";"";"";"";"";"";"";"";"";""
"276570";"ACTIVITY";"FOOD_DRINKS";"2025-03-06 19:43:56";"0";"Cuisine Kwizien";"Bruggestraat";"45";"";"8750";"Zwevezele";"Wingene";"";"brugseOmmeland";"68928.61";"192634.1";"51.03820145874491";"3.212900247326566";"";"";"";"";"+32 51 43 81 78";"";"";"info@cuisinekwizien.be ";"http://www.cuisinekwizien.be";"";"";"";"";"Moderne burgerkeuken met kleurrijke Maghreb-invloeden in een sympathieke, landelijk gelegen bistro.
Chef Steven Devriendt kookt eerlijke gerechten aan schappelijke prijzen. Hij werkt zowel met Belgische topproducten, zoals West-Vlaams rood, als met Noord-Afrikaanse ingrediënten. Denk maar an fregola en ras el hanout.

Sluitingsdagen: woensdag, donderdag & zaterdagmiddag.";"http://toevla.vlaanderen.be/publiek/nl/register/detail/303";"";"";"Je hebt hulp nodig op enkele hellingen op het openbaar domein. Het opengaand deel van de dubbele inkomdeur is slechts 76 cm breed en zwaar om zelf te openen. De circulatieruimte in het sas en de inkomhal is nipt. ";"";"0";"Er is een ruimer, maar voor de meeste rolstoelgebruikers onvoldoende toegankelijk toilet.";"0";"0";"0";"0";"1";"0";"0";"0";"";"";"";"";"";"";"";"";"";"";""
"276539";"ACTIVITY";"FOOD_DRINKS";"2025-03-06 16:00:44";"0";"De Heeren van Liedekercke";"Kasteelstraat";"33";"";"9470";"Denderleeuw";"Denderleeuw";"";"scheldeland";"129643.16";"173622.62";"50.87261441375698";"4.079562617845311";"";"";"";"";"+32 53 68 08 88";"";"";"info@heerenvanliedekercke.be";"https://www.heerenvanliedekercke.be/restaurant/?lang=nl";"";"";"";"";"De Heeren van Liedekercke werd in 2013 verkozen tot beste bierrestaurant ter wereld. Het restaurant serveert originele biergerechten met de karakteristieke smaak en verfijning die alleen bier kan bieden. De bierkelder is indrukwekkend: meer dan 400 verschillende Belgische bieren wachten geduldig tot een bierliefhebber hen kiest. Het personeel staat klaar om klanten te helpen bij hun keuze, met deskundig advies over geur, kleur en smaak.

Openingstijden: dagelijks vanaf 11.30 uur, zondag vanaf 12.30 uur. Gesloten op dinsdag en woensdag. ";"";"De Heeren van Liedekercke werd in 2013 verkozen tot beste bierrestaurant ter wereld. Het restaurant serveert originele biergerechten met de karakteristieke smaak en verfijning die alleen bier kan bieden. De bierkelder is indrukwekkend: meer dan 400 verschillende Belgische bieren wachten geduldig tot een bierliefhebber hen kiest. Het personeel staat klaar om klanten te helpen bij hun keuze, met deskundig advies over geur, kleur en smaak.";"";"De steile helling naar de ingang, zonder opstelruimte voor de deur, is enkel bruikbaar met hulp. Het terras is drempelloos en vlot bereikbaar. ";"";"0";"Er is een ruimer, maar onvoldoende aangepast toilet.";"0";"0";"0";"0";"1";"0";"0";"0";"";"";"";"";"";"";"";"";"";"";""
"276561";"ACTIVITY";"FOOD_DRINKS";"2025-06-28 19:55:14";"0";"De Hooipiete";"FINTELE";"7";"";"8647";"Lo-Reninge";"Lo-Reninge";"";"westhoek";"35410.15572729145";"184199.64825809";"50.957285";"2.736484";"";"";"";"";"+32 58 28 89 09";"";"";"info@hooipiete.be";"http://www.hooipiete.be";"";"";"";"";"Je kan voorrijden tot de verharding aan de inkomdeur. De opstelruimte aan de klink is beperkt. De circulatieruimte in het restaurant tussen de tafels is hier en daar nipt, maar bruikbaar. De tafels zijn onderrijdbaar. De route naar het toilet is smal, de deur is 77 cm breed. Er is een ruimer, maar voor de meeste rolstoelgebruikers onvoldoende toegankelijk toilet.";"";"Om de kiezel van de parking te vermijden kan je voorrijden tot de verharding aan de inkomdeur. De opstelruimte aan de klink is beperkt. De circulatieruimte in het restaurant tussen de tafels is hier en daar nipt, maar bruikbaar. De tafels zijn onderrijdbaar. De route naar het toilet is smal, de deur is 77 cm breed. Er is een ruimer, maar voor de meeste rolstoelgebruikers onvoldoende toegankelijk toilet.";"";"";"";"0";"";"0";"0";"0";"0";"1";"0";"0";"0";"";"";"";"";"";"";"";"";"";"";""
"276550";"ACTIVITY";"FOOD_DRINKS";"2025-03-06 11:38:16";"0";"De Karper";"Karperstraat";"16";"";"9870";"Machelen";"Zulte";"";"leieStreek";"87887.33";"183538.79";"50.95879061452895";"3.484714967135388";"";"";"";"";"+32 9 380 42 62";"";"";"info@restaurantdekarper.be  ";"http://www.restaurantdekarper.be";"";"";"";"";"Gesofistikeerde gerechten met nadruk op textuur in de thuishaven van de gerenommeerde schilder Roger Ravel.
Chef Nick Coppens kookt met veel gevoel en passie en legt de nadruk op extreme smaken en wisselende structuren. Zijn presentatie oogt fris en vernieuwend.

Sluitingsdagen: maandag, dinsdag & zaterdagmiddag.";"";"";"";"Er is een aparte ingang via een schuifdeur,  met een drempeltje van 3 cm. De deuren zijn breed genoeg. ";"";"0";"Er is geen aangepast toilet.";"0";"0";"0";"0";"1";"0";"0";"0";"";"";"";"";"";"";"";"";"";"";""
"276555";"ACTIVITY";"FOOD_DRINKS";"2025-06-28 19:56:14";"0";"De Kwizien";"Jeneverplein";"";"";"3500";"Hasselt";"Hasselt";"";"haspengouw";"218454.1854405889";"180676.5167819364";"50.932894";"5.341265";"";"";"";"";"+32 11 24 23 44";"";"";"info@dekwizien.be";"http://www.dekwizien.be";"";"";"";"";"Culinair rustpunt in het hart van Hasselt met een hedendaagse keuken op het menu.
Met de klassieke keuken als basis creëert het jonge team van De Kwizien gerechten met een modern karakter. Een Aziatische knipoog is nooit ver weg.

Sluitingsdagen: dinsdag, woensdag & zaterdagmiddag.";"";"Culinair rustpunt in het hart van Hasselt met een hedendaagse keuken op het menu.
Met de klassieke keuken als basis creëert Chef Anne-Sophie Breysem vrouwelijke gerechten met een modern karakter. Een Aziatische knipoog is nooit ver weg.";"";"Je hebt hulp nodig op enkele hellingen op het openbaar domein. Het opengaand deel van de dubbele inkomdeur is slechts 76 cm breed en zwaar om zelf te openen. Indien nodig wordt de tweede deur geopend. De circulatieruimte in het sas en de inkomhal is nipt. ";"";"0";"Er is een ruimer, maar voor de meeste rolstoelgebruikers onvoldoende toegankelijk toilet.";"1";"0";"0";"0";"1";"0";"0";"0";"";"";"";"";"";"";"";"";"";"";""
"381803";"ACTIVITY";"FOOD_DRINKS";"2025-06-28 19:56:02";"0";"De Vleeshalle";"Huidevettersstraat";"7";"";"2800";"Mechelen";"Mechelen";"";"kunststadMechelen";"158173.2946293487";"190655.7934348173";"51.026574";"4.483983";"";"";"";"";"";"";"";"info@devleeshalle.be";"https://www.devleeshalle.be/nl/home";"";"";"";"";"Wat vroeger een monumentale hal was waar slagers hun verse vleeswaren aanboden, is vandaag een culinaire trekpleister. Je vindt er verschillende standhouders onder één dak die elk met passie verse gerechten bereiden. Van wereldkeuken tot lokale specialitei- ten, zoals artisanale kroketten. Het is vooral ook een plek waar kinderen enthousiast smullen en rondhuppelen richting speelhoek.";"";"De Vleeshalle is een monumentale hal waar slagers ooit hun koopwaar aanboden. De hal is nu een verzamelplaats voor verschillende standhouders. Deze smaakmakers
maken verse gerechten om ter plekke op te eten en verkopen topingrediënten om thuis mee aan de slag te gaan.
Bestellen in De Vleeshalle? Daar hoef je zelfs niet meer voor recht te staan. Je kunt dat gewoon doen via onze bestelwebsite. 
Scan de QR-code, kies je favoriete smaakmaker, geef even aan of je het meeneemt of opeet in de hal en bestellen maar. Je krijgt een melding als het eten
klaar is.";"";"De hoofdtoegang links is via een drempel van 16 cm. Aan de ingang
Rechts is er eveneens een drempel van 5 cm en een hoogteoverbrugging van 20cm in het inkomsas met een steil hellend vlak. De doorgangen in de vleeshal zijn
drempelloos en voldoende breed. 
";"";"";"Er is een aangepast toilet op het gelijkvloers. Er is voldoende opstelruimte voor en naast de toiletpot, maar de draairuimte is wat beperkt. Er zijn 2 beugels voorzien. De wastafel is onderrijdbaar.";"";"";"";"";"1";"";"";"";"";"";"";"";"";"";"";"";"";"";""
"276551";"ACTIVITY";"FOOD_DRINKS";"2024-07-03 08:24:03";"0";"Fleur De Lin";"Lokerenbaan";"100";"";"9240";"Zele";"Zele";"";"scheldeland";"127040.69";"196264.8";"51.07604444044101";"4.041177111282884";"";"";"";"";"+32 52 44 45 00";"";"";"info@fleurdelin.be";"http://www.fleurdelin.be";"";"";"";"";"Lode De Roover brengt smaken van over de hele wereld samen in zijn keuken. Hij gebruikt zowel lokale Oosterscheldepaling als ongewone ingrediënten, zoals kaviaar van zee-egel en sukadecitroen. Je vindt Aziatische en mediterrane invloeden terug in de keuken van Fleur de Lin. Maar pin Lode hier niet op vast, hij kook namelijk naargelang zijn humeur. ";"";"Pure bereidingen met experimentele garnituren in een voormalige vlasfabriek.
Chef Lode De Roover brengt smaken van over de hele wereld samen in zijn keuken. ";"";"Neem best de alternatieve ingang aan de zijkant. De circulatieruimte is hier en daar nipt aan die ingang. ";"Het restaurant zelf is goed toegankelijk. Het terras is bereikbaar via een helling (je hebt mogelijk hulp nodig). ";"0";"Er is een goed aangepast toilet, maar met slechts 1 beugel.";"0";"0";"0";"0";"1";"0";"0";"0";"";"";"";"";"";"";"";"";"";"";""
"276593";"ACTIVITY";"FOOD_DRINKS";"2025-03-06 11:04:15";"0";"Floris";"GISTELSE STEENWEG";"520";"";"8200";"Sint-Andries";"Brugge";"";"kunststadBrugge";"67111.78453256054";"210306.7703209473";"51.197315";"3.181681";"";"";"";"";"+32 (0)50 73 60 20";"";"";"info@florisrestaurant.be";"http://www.florisrestaurant.be";"";"";"";"";"Bij Floris doen ze het nét een beetje anders. Floris Panckoucke creëert met één hoofdingrediënt verschillende bijgerechten om zo het product volledig tot zijn recht te laten komen. Extra componenten worden tot een minimum beperkt. ";"";"De ingang is voldoende breed en drempelloos. Er is voldoende circulatieruimte. De tafels zijn beperkt onderrijdbaar door de centrale poot. Er is een toegankelijk toilet met voldoende opstelruimte, maar zonder beugels.";"";"";"";"1";"";"0";"0";"0";"0";"1";"0";"0";"0";"";"";"";"";"";"";"";"";"";"";""
"276574";"ACTIVITY";"FOOD_DRINKS";"2025-06-28 20:00:12";"0";"Gastro Atelier";"Lenniksestraat";"65";"";"1755";"Oetingen";"Pajottegem";"";"groeneGordel";"129688.8207757547";"163069.4473511074";"50.778301";"4.079511";"";"";"";"";"+32 54 56 81 07";"";"";"info@gastroatelier.be";"http://www.gastroatelier.be";"";"";"";"";"Bram leerde de stiel onder meer bij het sterrenrestaurant De Pastorale. Vandaag kookt dit talent naast zijn vader in de familiezaak ’t Kreukeltje waar lokale producten als een rode draad doorheen de menukaart lopen.";"";"Gastro Atelier is een concept, waar mensen kunnen komen eten in groepjes vanaf 8 personen.";"";"De ingang is drempelloos en de deuren en doorgangen zijn voldoende breed. ";"";"0";"Er is geen aangepast toilet.";"1";"0";"0";"0";"1";"0";"0";"0";"";"";"";"";"";"";"";"";"";"";""
"298411";"ACTIVITY";"FOOD_DRINKS";"2025-03-07 00:10:49";"0";"Graanmarkt 13";"Graanmarkt";"13";"";"2000";"Antwerpen";"Antwerpen";"";"kunststadAntwerpen";"152794.17";"211808.18";"51.21619874963246";"4.408762364630015";"";"INFORMATION_AVAILABLE";"";"";"+32 (0)3 337 79 91";"";"";"welcome@graanmarkt13.be";"http://www.graanmarkt13.be";"";"";"";"";"Vooruitstrevend groenterestaurant aan het meest romantische pleintje van 't stad.

Als groentechef in hart en nieren en grondlegger van urbain farming in Vlaanderen heeft Chef Seppe Nobels veel respect voor de natuur. Zijn ecologische voetafdruk houdt hij beperkt door maximaal voor streekproducten te kiezen.
Sluitingsdagen: maandag & zondag.";"http://toevla.vlaanderen.be/publiek/nl/register/detail/293";"";"";"";"";"";"";"";"";"";"";"";"";"";"";"";"";"";"";"";"";"";"";"";"";""
"276734";"ACTIVITY";"FOOD_DRINKS";"2022-06-08 07:42:09";"0";"Greenhouse Bistro (Radisson Blu Hotel)";"Torenplein";"8";"";"3500";"Hasselt";"Hasselt";"";"haspengouw";"218260.87";"180266.54";"50.92866811090224";"5.339707443115514";"";"";"";"";"+32 11 77 00 00";"";"";"info.hasselt@radissonblu.com";"http://www.radissonblu.be/hotel-hasselt/restaurants-en-bars";"";"";"";"";"Restaurant van Radisson Blu Hotel, Hasselt. ";"";"Restaurant van Radisson Blu Hotel, Hasselt. ";"";"";"";"0";"Voldoende opstelruimte naast (88 cm), voor en schuin voor het toilet. 2 beugels zijn voorzien.";"0";"0";"0";"0";"1";"0";"0";"0";"";"";"";"";"";"";"";"";"";"";""
"276564";"ACTIVITY";"FOOD_DRINKS";"2018-02-13 08:34:01";"1";"Het Duvels Genot";"Sint-Aldegondiskaai";"56-58";"";"2000";"Antwerpen";"Antwerpen";"";"kunststadAntwerpen";"152515.7";"213095.2";"51.2277679679353";"4.404786359867016";"";"";"";"";"+32 3 485 59 55";"";"";"info@hetduvelsgenot.be";"http://www.hetduvelsgenot.be/";"";"";"";"";"In een gezellige sfeer en met een schitterend uitzicht op het MAS biedt Het Duvels Genot je een uitstekende plaats om volop te genieten.  DE chefs brengen een hommage aan de Belgische bierkeuken en ontwikkelen zo klassieke gerechten met een eigentijdse toets. Je kan hier namelijk voor, na en tijdens de maaltijd genieten van de vele verschillende bieren uit het gamma van Brouwerij Duvel-Moortgat. En dat niet alleen bij de maaltijd, maar ook in de gerechten zelf!

Openingstijden: dagelijks vanaf 11 uur. 
";"";"De deur van de hoofdingang is 79cm breed en heeft een drempeltje van 4cm. De ruimte in het sas is klein, maar bruikbaar met hulp. De ingang via de Adriaan Brouwerstraat is vlotter bruikbaar (enkel een drempeltje van 4 cm), maar enkel open in de zomer. Binnen is er voldoende circulatieruimte. De tafels zijn beperkt onderrijdbaar. Er is geen aangepast toilet.";"";"";"";"0";"";"";"0";"";"0";"1";"0";"";"";"";"";"";"";"";"";"";"";"";"";""
"276573";"ACTIVITY";"FOOD_DRINKS";"2025-03-06 15:41:02";"0";"Het land aan de overkant";"Léon Schreursvest";"85";"";"3001";"Heverlee";"Leuven";"";"kunststadLeuven";"174187.79";"173452.9";"50.87093514024127";"4.71238002176969";"";"";"";"";"+32 (0)16 22 61 81";"";"";"info@hetlandaandeoverkant.be";"http://www.hetlandaandeoverkant.be";"";"";"";"";"Zonder de essentie van hedendaagse gastronomie uit het oog te verliezen, straalt Het Land aan de Overkant enthousiasme uit. Kwaliteit, comfort en service wijzen je als gast de weg. Met een sterke focus op groenten, bieren en natuurlijke wijnen wil Het Land aan de Overkant een avontuurlijk publiek doen thuiskomen. Je proeft de visie van chef Pascal Van Couteren in zijn fris-zure gerechten. Reken maar dat het nog nooit zo stil zal geweest zijn aan de overkant.

Sluitingsdagen: maandag, zaterdagmiddag & zondag.";"";"";"";"De ingang en het restaurant zelf zijn goed toegankelijk. ";"";"0";"Er is geen aangepast toilet.";"0";"0";"0";"0";"1";"0";"0";"0";"";"";"";"";"";"";"";"";"";"Ook het terras is goed bereikbaar. ";""
"276558";"ACTIVITY";"FOOD_DRINKS";"2025-03-06 12:45:04";"0";"Hostellerie De Kemmelberg";"KEMMELBERGWEG";"34";"";"8956";"Kemmel";"Heuvelland";"";"westhoek";"40341.48879538759";"164239.3385928432";"50.77885";"2.812601";"";"";"";"";"+32 57 45 21 60";"";"";"info@kemmelberg.be";"http://www.kemmelberg.be";"";"";"";"";"Om de 3 treden aan de ingang te vermijden neem je best de alternatieve ingang aan het terras. Hulp is welkom voor de drempel van 7 cm daar en het openen van de dubbele deuren. Binnen is er voldoende circulatieruimte. De ronde tafels zijn onderrijdbaar. Er is geen aangepast toilet.";"";"Om de 3 treden aan de ingang te vermijden neem je best de alternatieve ingang aan het terras. Hulp is welkom voor de drempel van 7 cm daar en het openen van de dubbele deuren. Binnen is er voldoende circulatieruimte. De ronde tafels zijn onderrijdbaar. Er is geen aangepast toilet.";"";"";"";"0";"";"0";"0";"0";"0";"1";"0";"0";"0";"";"";"";"";"";"";"";"";"";"";""
"276725";"ACTIVITY";"FOOD_DRINKS";"2025-03-07 01:10:46";"0";"Hotel Dennenhof - restaurant";"Bredabaan";"940";"";"2930";"Brasschaat";"Brasschaat";"";"antwerpseKempen";"161030.03";"225358.29";"51.33788592400759";"4.527044425472354";"";"";"";"";"+32 3 663 05 09";"";"";" info@dennenhof.valk.com";"https://www.hoteldennenhof.be/";"";"";"";"";"Restaurant van het Van der Valk Hotel Dennenhof in Brasschaat. Hier kan je heerlijk lunchen of dineren. Voor mooie dagen is er ook een terras waarop je aangenaam kan buitenzitten voor een verfrissend drankje of een lekker hapje.";"";"";"";"";"";"0";"Er is voldoende opstelruimte naast, voor en schuin voor het toilet en 2 beugels zijn voorzien.";"0";"0";"0";"0";"1";"0";"0";"0";"";"";"";"";"";"";"";"";"";"";""
"287307";"ACTIVITY";"FOOD_DRINKS";"2025-06-28 20:04:14";"0";"Humphrey";"St-Laurensstraat";"36-38";"";"1000";"Brussel";"Brussel";"";"kunststadBrussel";"149491.6566898204";"171079.9573317021";"50.850664";"4.360268";"";"";"";"";"";"+32 472 04 95 80";"";"info@humphreyrestaurant.com";"http://humphreyrestaurant.com";"";"";"";"";"Filipijns geïnspireerde sharing plates in een beschermd modernistisch pand in het hart van Brussel.
Glen Ramaekers staat bekend om zijn keuken met invloeden uit Zuidoost-Azië. Echtgenote Julie draagt bij aan de 100% bio gerechten met zelfgekweekte groenten en verse kruiden. Bij elk gerecht word je bovendien verrast met een originele drank.";"";"Filipijns geïnspireerde sharing plates in een beschermd modernistisch pand in het hart van Brussel.
Met Humphrey slaat Chef Yannick Van Aeken een volledig nieuwe weg in. De Scandinavische natuurkeuken maakt plaats voor exotische gerechtjes om te delen.";"";"Je neemt de alternatieve ingang met helling van het PIAS gebouw. ";"";"0";"Er is een aangepast toilet aanwezig in het aangrenzende PIAS pand. Je kan hulp gebruiken op de helling naar dat toilet en bij het openen van een dubbele deur. In het toilet heb je voldoende draairuimte en opstelruimte naast het toilet. Voor het toilet verhindert de wastafel de opstelruimte. Beugels ontbreken.";"1";"0";"0";"0";"1";"0";"0";"0";"";"";"";"";"";"";"";"";"";"";""
"276631";"ACTIVITY";"FOOD_DRINKS";"2025-03-06 16:00:49";"0";"Improvisio";"Brusselsestraat";"63b";"";"3000";"Leuven";"Leuven";"";"kunststadLeuven";"173065.1";"174445.01";"50.87989910432395";"4.69649358972508";"";"";"";"";"+32 16 20 76 46";"";"";"info@improvisio.net";"http://www.improvisio.net";"";"";"";"";"Improvisio zorgt voor een culinaire verrassing van formaat in het 18-eeuwse Oude Gasthuys van Leuven. Tijdens de zomermaanden kunnen de klanten van hun maaltijd genieten op een van de idyllische binnenplaatse, met uitzicht op de kapel van de Romaanse Poort. Dit restaurant is ook geschikt voor bierliefhebbers en heeft een uitstekende, gevarieerde bierkaart.

Openingstijden: dagelijks vanaf 11 uur. Gesloten op maandag en zondag. 
";"";"";"";"Aan de ingang heb je hulp nodig voor de helling die tot tegen de deur loopt en het openen van de dubbele deur. De sasdeur is 83 cm breed. ";"";"0";"Op de route naar het toilet moet je over een erg korte maar steile helling. Het aangepast toilet is klein en daardoor niet voor alle rolstoelgebruikers bruikbaar. De deur is 78 cm breed.";"0";"0";"0";"0";"1";"0";"0";"0";"";"";"";"";"";"";"";"";"";"";""
"276577";"ACTIVITY";"FOOD_DRINKS";"2022-08-02 08:47:28";"0";"Innesto";"Grote Baan";"9";"";"3530";"Houthalen";"Houthalen-Helchteren";"";"limburgseKempen";"220486.26";"190656.88";"51.02179122454982";"5.37335952068313";"";"";"";"";"+32 11 52 55 25";"";"";"info@innesto.be";"http://www.innesto.be";"";"";"";"";"Sterrenchef Koen Verjans brengt een herkenbare en perfect in balans gebrachte productkeuken met een Franse toets. De gerechten worden professioneel begeleid door vrouw en sidekick Sofie. In Innesto voel je de koning te rijk. ";"";"Sterrenchef Koen Verjans brengt een herkenbare en perfect in balans gebrachte productkeuken met een Franse toets. De gerechten worden professioneel begeleid door vrouw en sidekick Sofie. In Innesto voel je de koning te rijk. ";"";"De ondergrond van de parking is moeilijk berijdbaar met de rolstoel. Je stapt best al eerder uit. De ingang heeft een drempeltje van 3 cm. 1 deurdeel van de dubbele deur is 79 cm breed. ";"";"0";"Er is een aangepast toilet, maar de ruimte is krap en een meubel hindert de opstelruimte naast het toilet.";"0";"0";"0";"0";"1";"0";"0";"0";"";"";"";"";"";"";"";"";"";"";""
"276549";"ACTIVITY";"FOOD_DRINKS";"2024-01-31 07:23:02";"1";"Kelderman";"Parklaan";"4";"";"9300";"Aalst";"Aalst";"";"scheldeland";"127021.32";"180030.57";"50.93011836123999";"4.041916381898502";"";"";"";"";"+32 53 77 61 25";"";"";"info@visrestaurant-kelderman.be";"http://www.visrestaurant-kelderman.be";"";"";"";"";"";"";"";"";"Er is een helling voorzien om de treden te overbruggen. De deuren zijn breed genoeg. ";"";"0";"Er is geen aangepast toilet.";"0";"0";"0";"0";"1";"0";"0";"0";"";"";"";"";"";"";"";"";"";"";""
"298439";"ACTIVITY";"FOOD_DRINKS";"2025-03-06 16:01:01";"0";"Kelderman";"Parklaan";"4";"";"9300";"Aalst";"Aalst";"";"scheldeland";"127021.32";"180030.57";"50.93011836123999";"4.041916381898502";"";"";"";"";"+32 (0)53 77 61 25";"";"";"info@visrestaurant-kelderman.be";"http://www.visrestaurant-kelderman.be";"";"";"";"";"Sluitingsdagen: woensdag & donderdag.
";"";"Er is een helling voorzien om de treden te overbruggen. De deuren zijn breed genoeg. De tafels zijn beperkt onderrijdbaar. Er is geen aangepast toilet.";"";"";"";"0";"";"0";"0";"0";"0";"1";"0";"0";"0";"";"";"";"";"";"";"";"";"";"";""
"276572";"ACTIVITY";"FOOD_DRINKS";"2025-02-22 17:48:08";"0";"La Belle";"Bel";"162";"";"2440";"Geel";"Geel";"";"antwerpseKempen";"198632";"206144.89";"51.16324904910847";"5.063979095205057";"";"INFORMATION_AVAILABLE";"";"";"+32 14 70 84 51";"";"";"info@la-belle.be";"http://www.la-belle.be";"";"";"";"";"Sterrenkeuken met focus op aangepaste wijnen in het pittoreske dorpje Bel. Eersteklasproducten worden door Chef Peter Vangenechten met gratie verwerkt tot culinaire pareltjes met wisselende structuren en oog voor detail. 

Sluitingsdagen: dinsdag & woensdag.";"http://toevla.vlaanderen.be/publiek/nl/register/detail/5102";"Sterrenkeuken met focus op aangepaste wijnen in het pittoreske dorpje Bel. Eersteklasproducten worden door Chef Peter Vangenechten met gratie verwerkt tot culinaire pareltjes met wisselende structuren en oog voor detail. ";"";"Er is een drempeltje van 4 cm aan de ingang. Het sas is krap, je hebt hier dan ook hulp nodig. De binnendeur is 82 cm breed. Eens binnen is er voldoende ruimte. ";"";"0";"Er is geen aangepast toilet.";"0";"0";"0";"0";"1";"0";"0";"0";"";"";"";"";"";"";"";"";"";"";""
"276579";"ACTIVITY";"FOOD_DRINKS";"2025-03-06 20:08:38";"0";"La Bouffée";"Kerkstraat";"26";"";"8340";"Damme";"Damme";"";"brugseOmmeland";"74127.91";"216223.54";"51.25091319510911";"3.282102079973855";"";"";"";"";"+32 50 68 05 88";"";"";"info@labouffee.be";"http://www.labouffee.be";"";"";"";"";"La Bouffée is een restaurant in hartje Damme waar je in een huiselijke sfeer heerlijke gerechten kan proeven.";"";"";"";"De inkomdeur is breed genoeg, maar door het kleine sas kan je hulp gebruiken om de deuren open te houden. ";"";"0";"Bij de dames is er een toegankelijk toilet met voldoende ruimte, maar zonder beugels. Het sas is echter klein, waardoor je ook hier hulp nodig hebt. De wastafel is moeilijk bruikbaar.";"0";"0";"0";"0";"1";"0";"0";"0";"";"";"";"";"";"";"";"";"";"";""
"276554";"ACTIVITY";"FOOD_DRINKS";"2020-06-02 18:00:22";"1";"Le Cinquième";"Kerkplein";"4";"";"3690";"Zutendaal";"Zutendaal";"";"limburgseKempen";"234502.09";"180918.39";"50.93238827575703";"5.57083587165945";"";"";"";"";"+32 (0)89 86 46 44";"";"";"info@lecinquieme.be";"http://www.lecinquieme.be";"";"";"";"";"Zuivere productkeuken met een panoramisch zicht over het groenste stukje van Vlaanderen. Chef Kevin Bonanno groeide op in een culinair nest en kreeg zijn liefde voor koken met de paplepel mee. Eind 2014 nam hij het Italiaanse restaurant van zijn ouders over en transformeerde de plek tot een gastronomische trekpleister.

Sluitingsdagen: maandag & dinsdag.";"";"";"";"Er is een alternatieve ingang via de terrasdeur. De deuren zijn breed genoeg. ";"";"0";"Er is geen aangepast toilet.";"0";"0";"0";"0";"1";"0";"0";"0";"";"";"";"";"";"";"";"";"";"";""
"287288";"ACTIVITY";"FOOD_DRINKS";"2025-03-06 16:00:54";"0";"L'Histoire 32";"Molenstraat";"52";"";"9300";"Aalst";"Aalst";"";"scheldeland";"127035.14";"181068.34";"50.93944735707252";"4.042048258949273";"";"";"";"";"";"";"";"info@lhistoire32.be";"http://www.lhistoire32.be/";"";"";"";"";"Culinaire hoogstandjes in een groot herenhuis dat gezellig ingekleed is met veel natuurlijke materialen. Chef Jason Spinoy serveert niet graag veel verschillende smaken op het bord, maar is liever creatief met slechts een handvol topproducten.";"http://toevla.vlaanderen.be/publiek/nl/register/detail/5580";"";"";"Er is een drempeltje van 5 cm aan de ingang. Door de beperkte ruimte aan de inkomdeur heb je iemand nodig die de deur voor je open zet. ";"De draairuimte is hier en daar nipt, maar de tafels zijn makkelijk verplaatsbaar indien nodig.";"0";"De ruimte voor de deur van het aangepast toilet is beperkt door het kleine sas. Het aangepast toilet zelf is te klein voor gebruik door de meeste rolstoelgebruikers. Er is onvoldoende opstel- en draairuimte. Er is enkel een beugel aan de open zijde van het toilet.";"1";"0";"0";"0";"1";"0";"0";"0";"";"";"";"";"";"";"";"";"";"";""
"276729";"ACTIVITY";"FOOD_DRINKS";"2025-03-06 13:10:56";"0";"Novotel Ieper Centrum";"SINT-JACOBSSTRAAT";"15";"";"8900";"Ieper";"Ieper";"";"westhoek";"45887.93149329118";"172087.7895838534";"50.850406";"2.889009";"";"";"";"";"+32 57 42 96 00";"";"";"H3172@accor.com";"";"";"";"";"";"Restaurant van het hotel Novotel Ieper Centrum.";"";"";"";"";"";"0";"De brasserie beschikt over een aangepast  toilet met voldoende circulatieruimte en opstelruimte voor en schuin voor het toilet. 2 beugels voorzien.";"0";"0";"0";"0";"1";"0";"0";"0";"";"";"";"";"";"";"";"";"";"";""
"276732";"ACTIVITY";"FOOD_DRINKS";"2025-03-06 16:00:53";"0";"Novotel Leuven Centrum";"Vuurkruisenlaan";"4";"";"3000";"Leuven";"Leuven";"";"kunststadLeuven";"174051.04";"175106.83";"50.8858081428176";"4.710545915151608";"";"";"";"";"+32 16 21 32 00";"";"";"H3153@accor.com";"http://www.novotel.com/gb/hotel-3153-novotel-leuven-centrum/index.shtml";"";"";"";"";"De brasserie van Novotel Leuven Centrum, gelegen vlakbij het Leuvense stadscentrum.";"";"";"";"";"";"0";"Er is voldoende opstelruimte naast en schuin voor het toilet. De ruimte ervoor bedraagt 90 cm. 2 beugels voorzien.";"0";"0";"0";"0";"1";"0";"0";"0";"";"";"";"";"";"";"";"";"";"";""
"276792";"ACTIVITY";"FOOD_DRINKS";"2025-03-06 22:56:23";"0";"Ravelingen - De Wandelaar";"Zeedijk";"290";"";"8400";"Oostende";"Oostende";"";"kust";"45496.24";"212512.07";"51.21308892451184";"2.873192044651201";"";"";"";"";"+32 59 55 27 54";"";"";"info@ravelingen.be";"http://www.ravelingen.be/home.php?page=page&pid=1";"";"";"";"";"Gedetailleerde meetgegevens voor deze zaak zijn te vinden op www.toevla.be. De volledige brochure “Toegankelijke restaurants en cafés in Oostende” is beschikbaar onder  “publicaties” op de website www.toegankelijkreizen.be.";"";"Gedetailleerde meetgegevens voor deze zaak zijn te vinden op www.toevla.be. De volledige brochure “Toegankelijke restaurants en cafés in Oostende” is beschikbaar onder  “publicaties” op de website www.toegankelijkreizen.be.";"";"";"";"0";"";"";"0";"";"0";"1";"0";"";"";"";"";"";"";"";"";"";"";"";"";""
"276791";"ACTIVITY";"FOOD_DRINKS";"2025-03-06 22:56:22";"0";"Ravelingen - Den Ensor";"Zeedijk";"290";"";"8400";"Oostende";"Oostende";"";"kust";"45496.24";"212512.07";"51.21308892451184";"2.873192044651201";"";"";"";"";"+32 59 55 27 54";"";"";"info@ravelingen.be";"http://www.ravelingen.be/home.php?page=page&pid=3";"";"";"";"";"Gedetailleerde meetgegevens voor deze zaak zijn te vinden op www.toevla.be. De volledige brochure “Toegankelijke restaurants en cafés in Oostende” is beschikbaar onder  “publicaties” op de website www.toegankelijkreizen.be.";"";"Gedetailleerde meetgegevens voor deze zaak zijn te vinden op www.toevla.be. De volledige brochure “Toegankelijke restaurants en cafés in Oostende” is beschikbaar onder  “publicaties” op de website www.toegankelijkreizen.be.";"";"";"";"0";"";"";"0";"";"0";"1";"0";"";"";"";"";"";"";"";"";"";"";"";"";""
"276784";"ACTIVITY";"FOOD_DRINKS";"2020-06-04 08:42:04";"0";"Restaurant - Tearoom De Markt";"Marktplein";"10";"";"8620";"Nieuwpoort";"Nieuwpoort";"";"kust";"36752.08";"203398.87";"51.12954841219433";"2.750929029047475";"";"";"";"";"+32 486 263 399";"";"";"demarkt@telenet.be";"http://demarktnieuwpoort.be";"";"";"";"";"Gedetailleerde meetgegevens voor deze zaak zijn te vinden op www.toevla.be. De volledige brochure “Toegankelijke restaurants en cafés in Nieuwpoort” is beschikbaar onder  “publicaties” op de website www.toegankelijkreizen.be.";"";"Gedetailleerde meetgegevens voor deze zaak zijn te vinden op www.toevla.be. De volledige brochure “Toegankelijke restaurants en cafés in Nieuwpoort” is beschikbaar onder  “publicaties” op de website www.toegankelijkreizen.be.";"";"";"";"0";"";"";"0";"";"0";"1";"0";"";"";"";"";"";"";"";"";"";"";"";"";""
"276757";"ACTIVITY";"FOOD_DRINKS";"2025-03-06 18:23:31";"0";"Restaurant 	Verdi";"Vlamingstraat";"5";"";"8000";"Brugge";"Brugge";"";"kunststadBrugge";"70030.16";"211681.14";"51.20953760123584";"3.224422813968554";"";"";"";"";"+32 50 34 42 43";"";"";"info@verdibrugge.com";"http://www.verdibrugge.com";"";"";"";"";"Restaurant en toilet zijn toegankelijk met hulp (de lengte van de toiletruimte is 148 cm).";"";"Restaurant en toilet zijn toegankelijk met hulp (de lengte van de toiletruimte is 148 cm).";"";"";"";"0";"";"0";"0";"0";"0";"1";"0";"0";"0";"";"";"";"";"";"";"";"";"";"";""
"276766";"ACTIVITY";"FOOD_DRINKS";"2025-02-22 18:22:39";"0";"Restaurant ‘t Zeil";"Havenplein";"3";"";"8370";"Blankenberge";"Blankenberge";"";"kust";"62985.07";"223223.8";"51.3122505202614";"3.120854346120102";"";"";"";"";"+32 50 41 97 15";"";"";"";"";"";"";"";"";"Gedetailleerde meetgegevens voor deze zaak zijn te vinden op www.toevla.be. De volledige brochure “Toegankelijke restaurants en cafés in Blankenberge” is beschikbaar onder  “publicaties” op de website www.toegankelijkreizen.be.";"";"Gedetailleerde meetgegevens voor deze zaak zijn te vinden op www.toevla.be. De volledige brochure “Toegankelijke restaurants en cafés in Blankenberge” is beschikbaar onder  “publicaties” op de website www.toegankelijkreizen.be.";"";"";"";"0";"";"";"0";"";"0";"1";"0";"";"";"";"";"";"";"";"";"";"";"";"";""
"276722";"ACTIVITY";"FOOD_DRINKS";"2025-02-22 18:22:33";"0";"Restaurant Aazaert";"Hoogstraat";"25";"";"8370";"Blankenberge";"Blankenberge";"";"kust";"63639.77";"223552.84";"51.31530586807858";"3.130163338340251";"";"";"";"";"+32 50 41 15 99";"";"";"info@azaert.be";"http://www.aazaert.be/page.asp?DocID=73116";"";"";"";"";"Dit restaurant behoort tot het gelijknamige hotel. De drempelloze Vlaamse Zaal beschikt  over een goede circulatieruimte en een onderrijdbare tafel. Aangepast toilet op verdieping -1, bereikbaar met de lift. Voldoende opstelruimte naast, voor en schuin voor het toilet. 2 beugels voorzien.";"";"Dit restaurant behoort tot het gelijknamige hotel. De drempelloze Vlaamse Zaal beschikt  over een goede circulatieruimte en een onderrijdbare tafel. Aangepast toilet op verdieping -1, bereikbaar met de lift. Voldoende opstelruimte naast, voor en schuin voor het toilet. 2 beugels voorzien.";"";"";"";"0";"";"";"0";"";"0";"1";"0";"";"";"";"";"";"";"";"";"";"";"";"";""
"276786";"ACTIVITY";"FOOD_DRINKS";"2025-03-06 22:56:18";"0";"Restaurant Belvedere";"Koningin Astridlaan";"11";"";"8400";"Oostende";"Oostende";"";"kust";"47202.58";"213755.18";"51.2245660828418";"2.897253297263731";"";"";"";"";"";"";"";"";"";"";"";"";"";"Gedetailleerde meetgegevens voor deze zaak zijn te vinden op www.toevla.be. De volledige brochure “Toegankelijke restaurants en cafés in Oostende” is beschikbaar onder  “publicaties” op de website www.toegankelijkreizen.be.";"";"Gedetailleerde meetgegevens voor deze zaak zijn te vinden op www.toevla.be. De volledige brochure “Toegankelijke restaurants en cafés in Oostende” is beschikbaar onder  “publicaties” op de website www.toegankelijkreizen.be.";"";"";"";"0";"";"";"0";"";"0";"1";"0";"";"";"";"";"";"";"";"";"";"";"";"";""
"276814";"ACTIVITY";"FOOD_DRINKS";"2025-06-28 20:17:10";"0";"Restaurant Belvedere Rodeberg";"RODEBERGSTRAAT";"49";"";"8954";"Westouter";"Heuvelland";"";"westhoek";"36751.01600331516";"165058.1484557325";"50.785522";"2.761455";"";"";"";"";"+32 57 44 41 13";"";"";"info@hotelbelvedere.be";"www.hotelbelvedere.be";"";"";"";"";"In het prachtige landschap van Heuvelland, op de top van de Rodeberg, bevindt zich het restaurant Belvedere. 
Het restaurant is toegankelijk met hulp. Er is een eigen parkeerterrein in asfalt met aangepaste parkeerplaats. Het toegangspad verloopt drempelloos en is voldoende breed. Zowel het hellend vlak vooraan het gebouw als de plateaulift die de toegang aan de achterzijde van het gebouw bedient, zijn goed toegankelijk. Er is voldoende circulatieruimte in de zaal. De tafels zijn onderrijdbaar. De route naar het sanitair is voldoende breed en verloopt drempelloos. Aan de deur van het aangepast toilet is de circulatieruimte beperkt. Het aangepast toilet is voldoende ruim.";"";"In het prachtige landschap van Heuvelland, op de top van de Rodeberg, bevindt zich het restaurant Belvedere. 
Het restaurant is toegankelijk met hulp. Er is een eigen parkeerterrein in asfalt met aangepaste parkeerplaats. Het toegangspad verloopt drempelloos en is voldoende breed. Zowel het hellend vlak vooraan het gebouw als de plateaulift die de toegang aan de achterzijde van het gebouw bedient, zijn goed toegankelijk. Er is voldoende circulatieruimte in de zaal. De tafels zijn onderrijdbaar. De route naar het sanitair is voldoende breed en verloopt drempelloos. Aan de deur van het aangepast toilet is de circulatieruimte beperkt. Het aangepast toilet is voldoende ruim. Enkel de steunbeugel aan de open zijde van het toilet ontbreekt.";"";"";"";"0";"";"0";"0";"0";"0";"1";"0";"0";"0";"";"";"";"";"";"";"";"";"";"";""
"276770";"ACTIVITY";"FOOD_DRINKS";"2025-03-06 18:07:48";"0";"Restaurant Bistreau";"Kapelstraat";"76B";"";"8450";"Bredene";"Bredene";"";"kust";"52655.72";"216779.97";"51.25269298725779";"2.974482696211518";"";"";"";"";"+32 478 367 002";"";"";"info@bistreau.be";"http://www.bistreau.be";"";"";"";"";"Gedetailleerde meetgegevens voor deze zaak zijn te vinden op www.toevla.be. De volledige brochure “Toegankelijke restaurants en cafés in Bredene” is beschikbaar onder  “publicaties” op de website www.toegankelijkreizen.be.
Bistreau heeft aan de ingang een drempeltje van 2 cm. Brede deur, voldoende ruimte overal. De terrastafeltjes zijn misschien wat nipt onderrijdbaar (onderrijdbare diepte 42 cm), maar binnen heb je tafels met 58 cm beenruimte. Er is een aangepast toilet (niet verlengd) met één opklapbare beugel.";"";"Gedetailleerde meetgegevens voor deze zaak zijn te vinden op www.toevla.be. De volledige brochure “Toegankelijke restaurants en cafés in Bredene” is beschikbaar onder  “publicaties” op de website www.toegankelijkreizen.be.
Bistreau heeft aan de ingang een drempeltje van 2 cm. Brede deur, voldoende ruimte overal. De terrastafeltjes zijn misschien wat nipt onderrijdbaar (onderrijdbare diepte 42 cm), maar binnen heb je tafels met 58 cm beenruimte. Er is een aangepast toilet (niet verlengd) met één opklapbare beugel.";"";"";"";"0";"";"";"0";"";"0";"1";"0";"";"";"";"";"";"";"";"";"";"";"";"";""
"276793";"ACTIVITY";"FOOD_DRINKS";"2025-02-22 11:07:05";"0";"Restaurant Blue Lobster";"Tijdokstraat";"9";"";"8380";"Zeebrugge";"Brugge";"";"kust";"68712.85000000001";"225115.04";"51.33008224224716";"3.20255972574736";"";"";"";"";"+32 50 68 45 71";"";"";"";"";"";"";"";"";"Gedetailleerde meetgegevens voor deze zaak zijn te vinden op www.toevla.be. De volledige brochure “Toegankelijke restaurants en cafés in Zeebrugge” is beschikbaar onder  “publicaties” op de website www.toegankelijkreizen.be.";"";"Gedetailleerde meetgegevens voor deze zaak zijn te vinden op www.toevla.be. De volledige brochure “Toegankelijke restaurants en cafés in Zeebrugge” is beschikbaar onder  “publicaties” op de website www.toegankelijkreizen.be.";"";"";"";"0";"";"";"0";"";"0";"1";"0";"";"";"";"";"";"";"";"";"";"";"";"";""
"276773";"ACTIVITY";"FOOD_DRINKS";"2025-03-06 10:32:23";"0";"Restaurant Brasserie Tearoom Beach";"ZEEDIJK-ALBERTSTRAND";"552";"";"8300";"Knokke-Heist";"Knokke-Heist";"";"kust";"74446.07724973634";"227257.3902788544";"51.350656";"3.283049";"";"";"";"";"+32 50 60 97 60";"";"";"info@beach-knokke.be";"http://www.beach-knokke.be";"";"";"";"";"Gedetailleerde meetgegevens voor deze zaak zijn te vinden op www.toevla.be. De volledige brochure “Toegankelijke restaurants en cafés in Knokke-Heist” is beschikbaar onder  “publicaties” op de website www.toegankelijkreizen.be.";"";"Gedetailleerde meetgegevens voor deze zaak zijn te vinden op www.toevla.be. De volledige brochure “Toegankelijke restaurants en cafés in Knokke-Heist” is beschikbaar onder  “publicaties” op de website www.toegankelijkreizen.be.";"";"";"";"0";"";"";"0";"";"0";"1";"0";"";"";"";"";"";"";"";"";"";"";"";"";""
"276730";"ACTIVITY";"FOOD_DRINKS";"2025-03-06 14:58:39";"0";"Restaurant Callecanes";"CALLICANNESWEG";"12";"";"8978";"Watou";"Poperinge";"";"westhoek";"28223.29572042175";"168433.865394962";"50.814139";"2.639448";"";"";"";"";"+32 57 38 88 08";"";"";"info-reservatie@hotel-callecanes.be";"http://www.hotel-callecanes.be";"";"";"";"";"Het restaurant van het gelijknamige hotel beschikt over voldoende circulatieruimte. Ook zijn er onderrijdbare tafels aanwezig. Voldoende opstelruimte voorzien naast, voor en schuin voor het toilet. 2 beugels aanwezig.";"";"Het restaurant van het gelijknamige hotel beschikt over voldoende circulatieruimte. Ook zijn er onderrijdbare tafels aanwezig. Voldoende opstelruimte voorzien naast, voor en schuin voor het toilet. 2 beugels aanwezig.";"";"";"";"0";"";"0";"0";"0";"0";"1";"0";"0";"0";"";"";"";"";"";"";"";"";"";"";""
"276774";"ACTIVITY";"FOOD_DRINKS";"2025-03-06 20:27:45";"0";"Restaurant Caroline";"KARDINAAL MERCIERSTRAAT";"10";"";"8301";"Heist-aan-Zee";"Knokke-Heist";"";"kust";"71294.84850552052";"226188.9416260179";"51.340632";"3.238059";"";"";"";"";"+32 50 51 56 79";"";"";"";"";"";"";"";"";"Gedetailleerde meetgegevens voor deze zaak zijn te vinden op www.toevla.be. De volledige brochure “Toegankelijke restaurants en cafés in Knokke-Heist” is beschikbaar onder  “publicaties” op de website www.toegankelijkreizen.be.";"";"Gedetailleerde meetgegevens voor deze zaak zijn te vinden op www.toevla.be. De volledige brochure “Toegankelijke restaurants en cafés in Knokke-Heist” is beschikbaar onder  “publicaties” op de website www.toegankelijkreizen.be.";"";"";"";"0";"";"";"0";"";"0";"1";"0";"";"";"";"";"";"";"";"";"";"";"";"";""
"276782";"ACTIVITY";"FOOD_DRINKS";"2020-06-04 08:42:03";"0";"Restaurant Comilfo";"Albert I laan";"141";"";"8620";"Nieuwpoort";"Nieuwpoort";"";"kust";"34713.11";"205706.73";"51.14988473087764";"2.721079136103271";"";"";"";"";"+32 58 23 33 66";"";"";"info@restocomilfo.be";"http://www.restocomilfo.be";"";"";"";"";"Gedetailleerde meetgegevens voor deze zaak zijn te vinden op www.toevla.be. De volledige brochure “Toegankelijke restaurants en cafés in Nieuwpoort” is beschikbaar onder  “publicaties” op de website www.toegankelijkreizen.be.
Het restaurant van hotel Cosmopolite serveert wereldkeuken met aangepaste wijn. Je komt binnen via een brede deur, zonder drempels. Binnen is de manoeuvreerruimte iets beperkt, in die zin dat je  met een gewone rolstoel niet helemaal kan ronddraaien (120x300 cm). Dit geldt ook voor het aangepast toilet (150x120 cm) en vooral ter hoogte van de wastafel (150x90 cm). Er is voldoende opstelruimte naast en schuin voor het toilet, recht ervoor blijkt het wat nipt (90 cm). Er zijn twee steunbeugels voorzien, waarvan één opklapbaar.";"";"Gedetailleerde meetgegevens voor deze zaak zijn te vinden op www.toevla.be. De volledige brochure “Toegankelijke restaurants en cafés in Nieuwpoort” is beschikbaar onder  “publicaties” op de website www.toegankelijkreizen.be.
Het restaurant van hotel Cosmopolite serveert wereldkeuken met aangepaste wijn. Je komt binnen via een brede deur, zonder drempels. Binnen is de manoeuvreerruimte iets beperkt, in die zin dat je  met een gewone rolstoel niet helemaal kan ronddraaien (120x300 cm). Dit geldt ook voor het aangepast toilet (150x120 cm) en vooral ter hoogte van de wastafel (150x90 cm). Er is voldoende opstelruimte naast en schuin voor het toilet, recht ervoor blijkt het wat nipt (90 cm). Er zijn twee steunbeugels voorzien, waarvan één opklapbaar.";"";"";"";"0";"";"";"0";"";"0";"1";"0";"";"";"";"";"";"";"";"";"";"";"";"";""
"276795";"ACTIVITY";"FOOD_DRINKS";"2025-02-22 11:07:07";"0";"Restaurant De Kombuis";"Tijdokstraat";"4";"";"8380";"Zeebrugge";"Brugge";"";"kust";"68766.28999999999";"225072.56";"51.32970802318255";"3.203335852352863";"";"";"";"";"+32 50 67 83 25";"";"";"info@dekombuis.be";"http://www.dekombuis.be";"";"";"";"";"Gedetailleerde meetgegevens voor deze zaak zijn te vinden op www.toevla.be. De volledige brochure “Toegankelijke restaurants en cafés in Zeebrugge” is beschikbaar onder  “publicaties” op de website www.toegankelijkreizen.be.";"";"Gedetailleerde meetgegevens voor deze zaak zijn te vinden op www.toevla.be. De volledige brochure “Toegankelijke restaurants en cafés in Zeebrugge” is beschikbaar onder  “publicaties” op de website www.toegankelijkreizen.be.";"";"";"";"0";"";"0";"0";"0";"0";"1";"0";"0";"0";"";"";"";"";"";"";"";"";"";"";""
"276727";"ACTIVITY";"FOOD_DRINKS";"2025-03-06 15:41:04";"0";"Restaurant De Kommel";"Kommel";"1";"";"3798";"'s Gravenvoeren";"Voeren";"";"voerstreek";"248234.6";"161988.86";"50.76009316395188";"5.761089015925759";"";"";"";"";"+32 4 381 01 85";"";"";"info@dekommel.be";"http://www.dekommel.be";"";"";"";"";"Restaurant van het gelijknamige hotel.";"";"";"";"";"";"0";"Er is een ruim toegankelijk toilet met beugels.";"0";"0";"0";"0";"1";"0";"0";"0";"";"";"";"";"";"";"";"";"";"";""
"276772";"ACTIVITY";"FOOD_DRINKS";"2025-03-06 12:05:46";"0";"Restaurant De Mirage";"Zeedijk";"9";"";"8660";"De Panne";"De Panne";"";"kust";"25376.12";"200681.11";"51.10278905136976";"2.589402638518976";"";"";"";"";"+32 58 42 02 88";"";"";"";"";"";"";"";"";"Gedetailleerde meetgegevens voor deze zaak zijn te vinden op www.toevla.be. De volledige brochure “Toegankelijke restaurants en cafés in De Panne” is beschikbaar onder  “publicaties” op de website www.toegankelijkreizen.be.";"";"Gedetailleerde meetgegevens voor deze zaak zijn te vinden op www.toevla.be. De volledige brochure “Toegankelijke restaurants en cafés in De Panne” is beschikbaar onder  “publicaties” op de website www.toegankelijkreizen.be.";"";"";"";"0";"";"";"0";"";"0";"1";"0";"";"";"";"";"";"";"";"";"";"";"";"";""
"276726";"ACTIVITY";"FOOD_DRINKS";"2022-06-08 07:42:03";"0";"Restaurant De Wintertuin (Kasteel Wurfeld)";"Kapelweg";"60";"";"3680";"Maaseik";"Maaseik";"";"maasland";"247207.32";"199337.12";"51.09593191350993";"5.756433190134972";"";"";"";"";"+32 89 56 81 36";"";"";"info@kasteelwurfeld.be";"http://www.kasteelwurfeld.be";"";"";"";"";"Het restaurant van Kasteel Wurfeld bevindt zich in de wintertuin. ";"";"Het restaurant van Kasteel Wurfeld bevindt zich in de wintertuin. ";"";"";"";"0";"Naast, voor en schuin voor het toilet is er voldoende opstelruimte. 2 beugels zijn voorzien.";"0";"0";"0";"0";"1";"0";"0";"0";"";"";"";"";"";"";"";"";"";"";""
"276724";"ACTIVITY";"FOOD_DRINKS";"2017-03-22 14:32:06";"1";"Restaurant La Vignette";"Leuvensesteenweg";"12";"";"1970";"Wezembeek-Oppem";"Wezembeek-Oppem";"";"groeneGordel";"160384.75";"168941";"50.83078914416422";"4.516164574329092";"";"";"";"";"+32 2 767 83 56";"";"";"info@lavignette.be";"http://www.lavignette.be";"";"";"";"";"In het restaurant van hotel La Vignette zijn verschillende onderrijdbare tafels aanwezig. Er is voldoende opstelruimte naast, voor en schuin voor het toilet en er zijn 2 beugels voorzien.";"";"In het restaurant van hotel La Vignette zijn verschillende onderrijdbare tafels aanwezig. Er is voldoende opstelruimte naast, voor en schuin voor het toilet en er zijn 2 beugels voorzien.";"";"";"";"0";"";"";"0";"";"0";"1";"0";"";"";"";"";"";"";"";"";"";"";"";"";""
"276731";"ACTIVITY";"FOOD_DRINKS";"2025-06-28 20:17:08";"0";"Restaurant L'Objectif (NH Brussels EU Berlaymont hotel)";"Karel De Grotelaan ";"11-19";"";"1000";"Brussel";"Brussel";"";"kunststadBrussel";"151055.9445080821";"170440.1640780512";"50.844912";"4.382479";"";"";"";"";"+32 2 231 09 09";"";"";"nhbrusselseuberlaymont@nh-hotels.com";"";"";"";"";"";"Het restaurant van het NH Brussels EU Berlaymont hotel.";"";"In het restaurant van het Silken Berlaymont hotel is er een nipte circulatieruimte, maar net voldoende voor gebruik. Onderrijdbare tafel aanwezig. ";"";"";"";"0";"Voldoende opstelruimte naast, voor en schuin voor het toilet. Een beugel is voorzien. ";"0";"0";"0";"0";"1";"0";"0";"0";"";"";"";"";"";"";"";"";"";"";""
"276758";"ACTIVITY";"FOOD_DRINKS";"2025-03-06 18:23:33";"0";"Restaurant Maria van Bourgondië";"Guido Gezelleplein";"1";"";"8000";"Brugge";"Brugge";"";"kunststadBrugge";"69983.39";"211189.29";"51.20511081831815";"3.223862045811249";"";"";"";"";"+32 50 33 20 66";"";"";"info@mariavanbourgondie.be";"http://www.mariavanbourgondie.be";"";"";"";"";"Restaurant en toilet zijn toegankelijk met hulp (de breedte van de toiletruimte is 148cm).";"";"Restaurant en toilet zijn toegankelijk met hulp (de breedte van de toiletruimte is 148cm).";"";"";"";"0";"";"0";"0";"0";"0";"1";"0";"0";"0";"";"";"";"";"";"";"";"";"";"";""
"276817";"ACTIVITY";"FOOD_DRINKS";"2025-03-06 12:34:27";"0";"Restaurant Pacific Eiland";"Eiland";"2";"";"8900";"Ieper";"Ieper";"";"westhoek";"45271.73";"171712.11";"50.84638215567536";"2.881662505078022";"";"";"";"";"+32 57 20 05 28";"";"";"info@pacificeiland.be";"http://www.pacificeiland.be";"";"";"";"";"Restaurant en tearoom Pacific Eiland ligt op een idyllisch eiland langs de historische vestingsroute van Ieper. Het restaurant is toegankelijk met hulp. Er is geen eigen parkeerterrein, maar binnen een straal van 200 m zijn er aangepaste parkeerplaatsen. Het toegangspad verloopt via een voetgangersbrug. De helling van de brug is nogal steil. Wat hulp kan hier nodig zijn. De toegang is voldoende breed en verloopt drempelloos. De trekkracht van de deur is zwaar. Er is voldoende circulatieruimte in de zaal, maar de tafels zijn beperkt onderrijdbaar (30 cm diepte). Op de route naar het sanitair is de sasdeur zwaar om te openen en de opstel- en circulatieruimte zijn beperkt. Ook de deur van het aangepast toilet is nogal zwaar om te openen. Alle deuren kunnen echter open geklikt worden, hier is wel hulp bij nodig. Het aangepast toilet is klein, maar kan bruikbaar zijn voor een rolstoelgebruiker (draaicirkel in toilet is 140 cm, opstelruimte naast het toilet is 90 cm, opstelruimte voor het toilet is 100 cm).";"";"Restaurant en tearoom Pacific Eiland ligt op een idyllisch eiland langs de historische vestingsroute van Ieper. Het restaurant is toegankelijk met hulp. Er is geen eigen parkeerterrein, maar binnen een straal van 200 m zijn er aangepaste parkeerplaatsen. Het toegangspad verloopt via een voetgangersbrug. De helling van de brug is nogal steil. Wat hulp kan hier nodig zijn. De toegang is voldoende breed en verloopt drempelloos. De trekkracht van de deur is zwaar. Er is voldoende circulatieruimte in de zaal, maar de tafels zijn beperkt onderrijdbaar (30 cm diepte). Op de route naar het sanitair is de sasdeur zwaar om te openen en de opstel- en circulatieruimte zijn beperkt. Ook de deur van het aangepast toilet is nogal zwaar om te openen. Alle deuren kunnen echter open geklikt worden, hier is wel hulp bij nodig. Het aangepast toilet is klein, maar kan bruikbaar zijn voor een rolstoelgebruiker (draaicirkel in toilet is 140 cm, opstelruimte naast het toilet is 90 cm, opstelruimte voor het toilet is 100 cm).";"";"";"";"0";"";"0";"0";"0";"0";"1";"0";"0";"0";"";"";"";"";"";"";"";"";"";"";""
"276735";"ACTIVITY";"FOOD_DRINKS";"2025-03-06 16:26:01";"0";"Restaurant Van Artevelde (NH Gent Belfort)";"Hoogpoort";"63";"";"9000";"Gent";"Gent";"";"kunststadGent";"104923.9";"194083.24";"51.05513982576871";"3.725886072526647";"";"";"";"";"+32 9 233 33 31";"";"";"nhgentbelfort@nh-hotels.com";"www.nh-hotels.nl/hotel/nh-gent-belfort";"";"";"";"";"Bar Van Artevelde maakt deel uit van het Nh Belfort Hotel (met toeganklijkheidslabel niveau A). ";"";"Bar Van Artevelde maakt deel uit van het Nh Belfort Hotel (met toeganklijkheidslabel niveau A). ";"";"";"";"0";"Indien je gebruik wilt maken van de toiletten is er een vlotte verbinding van de bar naar het toilet en is er een toilet voor rolstoelgebruikers. De toiletdeur is 83 cm breed. Nipte circulatieruimte in het toilet, maar voldoende opstelruimte naast, voor en schuin voor het toilet. Er is een beugel voorzien.";"0";"0";"0";"0";"1";"0";"0";"0";"";"";"";"";"";"";"";"";"";"";""
"276767";"ACTIVITY";"FOOD_DRINKS";"2025-02-22 18:22:39";"0";"Restaurant Venitien";"Zeedijk";"115";"";"8370";"Blankenberge";"Blankenberge";"";"kust";"63289.62";"223564.32";"51.31535648695294";"3.125139524608311";"";"";"";"";"+32 50 41 10 74";"";"";"info@venitien.be";"http://www.venitien.be";"";"";"";"";"Gedetailleerde meetgegevens voor deze zaak zijn te vinden op www.toevla.be. De volledige brochure “Toegankelijke restaurants en cafés in Blankenberge” is beschikbaar onder  “publicaties” op de website www.toegankelijkreizen.be.";"";"Gedetailleerde meetgegevens voor deze zaak zijn te vinden op www.toevla.be. De volledige brochure “Toegankelijke restaurants en cafés in Blankenberge” is beschikbaar onder  “publicaties” op de website www.toegankelijkreizen.be.";"";"";"";"0";"";"";"0";"";"0";"1";"0";"";"";"";"";"";"";"";"";"";"";"";"";""
"276748";"ACTIVITY";"FOOD_DRINKS";"2025-03-06 15:41:05";"0";"Restaurant Voltaire";"JULES VANDENBEMPTLAAN";"6A";"";"3001";"Heverlee";"Leuven";"";"kunststadLeuven";"172812.0420202243";"172538.2804601453";"50.863326";"4.691505";"";"";"";"";"+32 16 20 44 44";"";"";"info@voltaire.be";"http://www.voltaire.be";"";"";"";"";"Voltaire kan u vinden op 5 minuten rijden van de stad met gratis parking.
U kan er lunchen vanaf €12.
Een menu all-in voor €51 alles inbegrepen  (aperitief, keuze uit 6 voorgerechten, 6 hoofdgerechten, 6 desserten, wijnen, waters en koffie).
";"";"Toegankelijke horecazaak in Heverlee met toegankelijk toilet.";"";"";"";"0";"";"0";"0";"0";"0";"1";"0";"0";"0";"";"";"";"";"";"";"";"";"";"";""
"287285";"ACTIVITY";"FOOD_DRINKS";"2022-08-02 08:47:40";"0";"Restaurant Vos";"Groenstraat ";"29";"";"9160";"Lokeren";"Lokeren";"";"waasland";"125802.4484966387";"199948.6858697422";"51.109656";"4.021977";"";"";"";"";"+32 9 348 14 36";"";"";"info@restaurantvos.be";"http://www.restaurantvos.be";"";"";"";"";"Laat de sportieve locatie - VOS ligt langs een tennisclub in Lokeren - je niet afschrikken. Deze lichte gerechten met frisse zuren en seizoensgebonden ingrediënten zijn vingerlikkend goed. Het mooie keramiek en de elegante presentatie zorgen ervoor dat ook het visuele plaatje klopt. Stijn Audenaert, een naam om te onthouden. ";"http://toevla.vlaanderen.be/publiek/nl/register/detail/5614";"Laat de sportieve locatie - VOS ligt langs een tennisclub in Lokeren - je niet afschrikken. Deze lichte gerechten met frisse zuren en seizoensgebonden ingrediënten zijn vingerlikkend goed. Het mooie keramiek en de elegante presentatie zorgen ervoor dat ook het visuele plaatje klopt. Stijn Audenaert, een naam om te onthouden.";"";"De ondergrond van de parking bestaat uit kiezel, maar je kan de auto voorrijden tot het verhard pad. De ingang is toegankelijk via een helling en een drempeltje van 5 cm. De deur is vrij zwaar om zelf te openen en is 80 cm breed. De ruimte achter de deur is beperkt. Je hebt dus hulp nodig aan de ingang.";"Je bereikt het aangepast toilet in het andere gedeelte via een drempel van 20 cm of buitenom via een alternatieve toegang met een drempeltje van 5 cm en nipte opstelruimte aan de deuren.";"0";"Het aangepast toilet is smal, waardoor je moet manoeuvreren of hulp nodig hebt. Je hebt wel opstelruimte naast het toilet (80 cm), maar niet voor het toilet. Beugels zijn voorzien.";"1";"0";"0";"0";"1";"0";"0";"0";"";"";"";"";"";"";"";"";"";"";""
"276769";"ACTIVITY";"FOOD_DRINKS";"2025-02-22 18:22:41";"0";"Restaurant Zeepaardje";"Zeedijk";"49";"";"8370";"Blankenberge";"Blankenberge";"";"kust";"62865.88";"223402.34";"51.3138369766159";"3.119102261613257";"";"";"";"";"+32 50 42 42 05";"";"";"info@zeepaardje.com";"http://www.tzeepaardje.com";"";"";"";"";"Gedetailleerde meetgegevens voor deze zaak zijn te vinden op www.toevla.be. De volledige brochure “Toegankelijke restaurants en cafés in Blankenberge” is beschikbaar onder  “publicaties” op de website www.toegankelijkreizen.be.";"";"Gedetailleerde meetgegevens voor deze zaak zijn te vinden op www.toevla.be. De volledige brochure “Toegankelijke restaurants en cafés in Blankenberge” is beschikbaar onder  “publicaties” op de website www.toegankelijkreizen.be.";"";"";"";"0";"";"";"0";"";"0";"1";"0";"";"";"";"";"";"";"";"";"";"";"";"";""
"276796";"ACTIVITY";"FOOD_DRINKS";"2025-02-22 11:07:08";"0";"Restaurant-Taverne Tijdok";"Tijdokstraat";"16";"";"8380";"Zeebrugge";"Brugge";"";"kust";"68747.32000000001";"225175.82";"51.330633308292";"3.203040507927648";"";"";"";"";"32 476 596 520";"";"";"info@tijdok.be";"http://www.tijdok.be";"";"";"";"";"Gedetailleerde meetgegevens voor deze zaak zijn te vinden op www.toevla.be. De volledige brochure “Toegankelijke restaurants en cafés in Zeebrugge” is beschikbaar onder  “publicaties” op de website www.toegankelijkreizen.be.";"";"Gedetailleerde meetgegevens voor deze zaak zijn te vinden op www.toevla.be. De volledige brochure “Toegankelijke restaurants en cafés in Zeebrugge” is beschikbaar onder  “publicaties” op de website www.toegankelijkreizen.be.";"";"";"";"0";"";"";"0";"";"0";"1";"0";"";"";"";"";"";"";"";"";"";"";"";"";""
"276777";"ACTIVITY";"FOOD_DRINKS";"2025-03-06 13:29:48";"0";"Resto North Sea (North Sea Bowl)";"Leopold II Laan";"81A";"";"8670";"Koksijde";"Koksijde";"";"kust";"31745.78";"202376.99";"51.11936439575324";"2.679765646594002";"";"";"";"";"+32 58 52 07 02";"";"";"info@nothsea.bowl.be";"http://www.northsea.bowl.be";"";"";"";"";"Gedetailleerde meetgegevens voor deze zaak zijn te vinden op www.toevla.be. De volledige brochure “Toegankelijke restaurants en cafés in Koksijde” is beschikbaar onder  “publicaties” op de website www.toegankelijkreizen.be.
De ingang van deze bowlingzaal heeft een dubbele deur en een hellend vlak (5,3%) om een hoogteverschil van 17 cm te overbruggen. Binnen heb je 90x120 cm circuleerruimte, zodat je met een gewone rolstoel niet kunt ronddraaien. De tafeltjes zijn hoog genoeg (70 cm), maar slechts 79 cm breed en 48 cm diep. Het aangepast toilet heeft beperkte opstelruimte naast (85 cm) en voor het toilet (102 cm). Er is één opklapbare steunbeugel.";"";"Gedetailleerde meetgegevens voor deze zaak zijn te vinden op www.toevla.be. De volledige brochure “Toegankelijke restaurants en cafés in Koksijde” is beschikbaar onder  “publicaties” op de website www.toegankelijkreizen.be.
De ingang van deze bowlingzaal heeft een dubbele deur en een hellend vlak (5,3%) om een hoogteverschil van 17 cm te overbruggen. Binnen heb je 90x120 cm circuleerruimte, zodat je met een gewone rolstoel niet kunt ronddraaien. De tafeltjes zijn hoog genoeg (70 cm), maar slechts 79 cm breed en 48 cm diep. Het aangepast toilet heeft beperkte opstelruimte naast (85 cm) en voor het toilet (102 cm). Er is één opklapbare steunbeugel.";"";"";"";"0";"";"";"0";"";"0";"1";"0";"";"";"";"";"";"";"";"";"";"";"";"";""
"297996";"ACTIVITY";"FOOD_DRINKS";"2025-03-06 15:09:04";"0";"Restobières";"Vossenstraat";"9";"";"1000";"Brussel";"Brussel";"";"kunststadBrussel";"148509.3";"169626.16";"50.83704083032288";"4.347602111422721";"";"INFORMATION_AVAILABLE";"";"";"+32 2 511 55 83";"+32 495 50 63 00";"";"fayt@restobieres.be";"http://www.restobieres.eu";"";"";"";"";"Het restaurant van Alain Fayt ligt midden in de Brusselse Marollenwijk. Hij serveert typisch Brusselse gerechten en gebruikt graag traditioneel gebrouwen bier als ingrediënt: mosselen met Hommelbier, kalfsstoofpot met Blanche de Watou, sabayon met kriek...Openingstijden: lunch van dinsdag tot zondag vanaf 12 uur, diner van maandag tot zondag van 18.45 uur.
";"http://toevla.vlaanderen.be/publiek/nl/register/detail/4983";"";"";"";"";"";"";"";"";"";"";"";"";"";"";"";"";"";"";"";"";"";"";"";"";""
"287304";"ACTIVITY";"FOOD_DRINKS";"2025-03-06 19:43:58";"0";"Schatteman";"Kruisstraat";"13";"";"8020";"Hertsberge";"Oostkamp";"";"brugseOmmeland";"73889.95";"200296.3";"51.10773889143277";"3.28202891279437";"";"INFORMATION_AVAILABLE";"";"";"+32 479 82 31 09";"";"";"info@restaurantschatteman.be";"http://www.restaurantschatteman.be";"";"";"";"";"Vergeten ingrediënten, zoals hopscheuten en pastinaak, combineert Gregory Schatteman in Restaurant Schatteman met frisse, uitheemse smaken tot een verrassend en uniek samenspel. Faux le faire.";"https://toevla.vlaanderen.be/publiek/nl/register/detail/5997";"Vergeten streekproducten in combinatie met exotische ingrediënten en smaken in een rustig kader omgeven door de Hertsbergse bossen.";"";"Het toegangspad bestaat uit kasseien. Je kan hulp nodig hebben voor de helling die tot tegen de deur loopt. ";"";"0";"Er is geen aangepast toilet.";"1";"0";"0";"0";"1";"0";"0";"0";"";"";"";"";"";"";"";"";"";"";""
"276552";"ACTIVITY";"FOOD_DRINKS";"2025-03-06 20:27:44";"0";"Sel Gris";"Zeedijk-Duinbergen";"314";"";"8301";"Heist-aan-Zee";"Knokke-Heist";"";"kust";"72571.95958374339";"226561.1405093549";"51.34415";"3.256303";"";"";"";"";"+32 (0)50 51 49 37";"";"";"info@restaurantselgris.be";"http://www.restaurantselgris.be";"";"";"";"";"Eigentijdse invulling van grootmoeders keuken geleven op de dijk met zicht op zee. De hedendaagse strakke inrichting is sober en toch luxueus, uitgevoerd in verschillende tinten grijs. Chef Frederik Deceuninck heeft een zwak voor klassiekers. Hij puurt de gerechten verder uit, schrapt waar nodig en serveert ze vol smaak, evenwicht en wisselende structuren. 

Sluitingsdagen: woensdag & donderdag.";"";"Er is een drempeltje van 5 cm. De deuren zijn breed genoeg. De tafels zijn onderrijdbaar. Er is een ruimer, maar niet volledig aangepast toilet.";"";"";"";"0";"";"0";"0";"0";"0";"1";"0";"0";"0";"";"";"";"";"";"";"";"";"";"";""
"276553";"ACTIVITY";"FOOD_DRINKS";"2025-03-06 16:00:46";"0";"Spaans Dak";"Maurits Noëstraat";"2";"";"3050";"Oud-Heverlee";"Oud-Heverlee";"";"groeneGordel";"170153.24";"168009.8";"50.82216054727159";"4.654766082681141";"";"INFORMATION_AVAILABLE";"";"";"+32 16 47 33 33";"";"";"info@spaansdak.be";"http://www.spaansdak.be";"";"";"";"";"Papa Michel doet het papierwerk, zonen Kristof en Jonathan staan respectievelijk in de zaal en de keuken. Testosteron genoeg in Spaans Dak, waar je geniet van gerechten met pure en rijke smaken én een prachtig uitzicht op het Zoet Water. ";"https://toevla.vlaanderen.be/publiek/nl/register/detail/6167";"";"";"Het toegangspad bestaat uit kasseien en dolomiet. Je kan ook voorrijden. Je kan hulp nodig hebben op de steile helling naar de deur en bij het openen van de wat zware deur. ";"";"0";"De ruimte aan de deur van het toilet is wat nipt. In het toilet heb je voldoende ruimte. Er is een beugel voorzien. De kleine wastafel is beperkt onderrijdbaar.";"1";"0";"0";"0";"1";"0";"0";"0";"";"";"";"";"";"";"";"";"";"";""
"276813";"ACTIVITY";"FOOD_DRINKS";"2025-06-28 20:25:09";"0";"T Gemeentehuis";"Lostraat";"1";"";"8600";"Nieuwkapelle";"Diksmuide";"";"westhoek";"39861.29";"188858.54";"50.99947982130363";"2.799718529952657";"";"";"";"";"+32 58 62 48 35";"";"";"tgemeentehuis@hotmail.com";"http://www.restaurant-tgemeentehuis.com/";"";"";"";"";"Restaurant en tearoom Doom Gunther ligt in het landelijke polderdorp Nieuwkapelle, een deelgemeente van Diksmuide.

Het restaurant is toegankelijk met hulp. Er is geen eigen parkeerterrein, maar binnen een straal van 200 m zijn er aangepaste parkeerplaatsen op het openbare domein. Aan de toegang is een drempel, maar deze is voorzien van een (tijdelijke) helling. Binnen is de circulatieruimte beperkt door schermen die een sas creëren. Er is voldoende circulatieruimte in de zaal. De deur naar het aangepaste toilet is slechts 82 cm breed. Er is voldoende circulatieruimte in het toilet en er zijn steunbeugels.";"";"Restaurant en tearoom Doom Gunther ligt in het landelijke polderdorp Nieuwkapelle, een deelgemeente van Diksmuide.

Het restaurant is toegankelijk met hulp. Er is geen eigen parkeerterrein, maar binnen een straal van 200 m zijn er aangepaste parkeerplaatsen op het openbare domein. Aan de toegang is een drempel, maar deze is voorzien van een (tijdelijke) helling. Binnen is de circulatieruimte beperkt door schermen die een sas creëren. Er is voldoende circulatieruimte in de zaal. De deur naar het aangepaste toilet is slechts 82 cm breed. Er is voldoende circulatieruimte in het toilet en er zijn steunbeugels.";"";"";"";"0";"";"0";"0";"0";"0";"1";"0";"0";"0";"";"";"";"";"";"";"";"";"";"";""
"276592";"ACTIVITY";"FOOD_DRINKS";"2025-03-06 19:43:57";"0";"Tafel 10";"A. Rodenbachtstraat";"10";"";"8755";"Ruiselede";"Wingene";"";"brugseOmmeland";"82023.82000000001";"192850.85";"51.04183190536008";"3.399540732913415";"";"";"";"";"+32 499 74 78 91";"+32 (0)476 33 62 25";"";"info@tafel10.be";"http://www.tafel10.be";"";"";"";"";"Verfijning met vergeten ingrediënten in een stijlvol gerenoveerde 19e-eeuwse burgerwoning. Chef Bert Denoulet heeft een nauwe band met de natuur en dat voel je op het bord. Zelf geplukte kruiden of een stukje vers geschoten wild zijn typische producten waar hij graag mee werkt. 

Sluitingsdagen: dinsdag, woensdag en zaterdagmiddag.";"";"Verfijning met vergeten ingrediënten in een stijlvol gerenoveerde 19e-eeuwse burgerwoning. Chef Bert Denoulet heeft een nauwe band met de natuur en dat voel je op het bord. Zelf geplukte kruiden of een stukje vers geschoten wild zijn typische producten waar hij graag mee werkt. ";"";"Je raakt binnen via een alternatieve ingang met helling. Daarvoor kan je wat hulp gebruiken. ";"";"1";"Er is geen toegankelijk toilet.";"0";"0";"0";"0";"1";"0";"0";"0";"";"";"";"";"";"";"";"";"";"";""
"276591";"ACTIVITY";"FOOD_DRINKS";"2025-06-28 20:26:06";"0";"The Jane";"Paradeplein";"1";"";"2018";"Antwerpen";"Antwerpen";"";"kunststadAntwerpen";"153821.96";"210278.93";"51.20244754626195";"4.423454838878605";"";"";"";"";"+32 3 808 44 65";"";"";"contact@thejaneantwerp.com";"http://www.thejaneantwerp.com";"";"";"";"";"The Jane in Antwerpen is een van de jongste én meest geroemde toprestaurants van ons land. Het liefdeskind van twee topchefs heeft twee Michelinsterren op de schouw en staat in de lijst van 100 beste restaurants ter wereld.
Nochtans is The Jane een relatieve nieuwkomer. De toen al beroemde Sergio Herman opende het restaurant in het voorjaar van 2014, samen met zijn compagnon Nick Bril. Dat gebeurde in een unieke locatie: de kapel van het voormalige militair ziekenhuis van Berchem. 

Daar worden niet alleen de smaakpapillen verwend. Het oog wil ook wat. In dit geval: een prachtige setting van een gerenoveerde oude kapel met hedendaagse toets. Hét pronkstuk is een unieke kroonluchter met 150 lichtpunten. Het is dan ook geen toeval dat The Jane in 2015 werd uitgeroepen tot mooiste restaurant ter wereld tijdens de Restaurant and Bar Design Awards in Londen. 
Deze parel aan de Antwerpse kroon bleek op alle vlakken een schot in de roos. Nog geen twee jaar na opening kreeg The Jane haar eerste Michelinster. Een jaar later kwam de tweede erbij. En The Jane is nog maar goed begonnen… ";"";"The Jane in Antwerpen is een van de jongste én meest geroemde toprestaurants van ons land. Het liefdeskind van twee topchefs heeft twee Michelinsterren op de schouw en staat in de lijst van 100 beste restaurants ter wereld.
Nochtans is The Jane een relatieve nieuwkomer. De toen al beroemde Sergio Herman opende het restaurant in het voorjaar van 2014, samen met zijn compagnon Nick Bril. Dat gebeurde in een unieke locatie: de kapel van het voormalige militair ziekenhuis van Berchem. 

Daar worden niet alleen de smaakpapillen verwend. Het oog wil ook wat. In dit geval: een prachtige setting van een gerenoveerde oude kapel met hedendaagse toets. Hét pronkstuk is een unieke kroonluchter met 150 lichtpunten. Het is dan ook geen toeval dat The Jane in 2015 werd uitgeroepen tot mooiste restaurant ter wereld tijdens de Restaurant and Bar Design Awards in Londen. 
Deze parel aan de Antwerpse kroon bleek op alle vlakken een schot in de roos. Nog geen twee jaar na opening kreeg The Jane haar eerste Michelinster. Een jaar later kwam de tweede erbij. En The Jane is nog maar goed begonnen… ";"";"Via een alternatieve ingang kan je de treden aan de hoofdingang vermijden. Een goederenlift brengt je naar het restaurant. De deuren zijn breed genoeg en er is voldoende circulatieruimte. ";"";"1";"De deur van het aangepast toilet is 82 cm breed. Het toilet heeft voldoende opstelruimte en beugels. De wastafel is beperkt onderrijdbaar.";"1";"0";"0";"0";"1";"0";"0";"0";"";"";"";"";"";"";"";"";"";"";""
"276790";"ACTIVITY";"FOOD_DRINKS";"2025-03-06 23:19:33";"0";"Vayamundo De Kinkhoorn & Ravelingen";"Zeedijk";"330";"";"8400";"Oostende";"Oostende";"";"kust";"45423.44";"212456.5";"51.21257638188877";"2.872166478834504";"";"";"";"";"+32 59 55 27 54";"";"";"contactcenter@vayamundo.be";"http://www.vayamundo.be";"";"";"";"";"Gedetailleerde meetgegevens voor deze zaak zijn te vinden op www.toevla.be. De volledige brochure “Toegankelijke restaurants en cafés in Oostende” is beschikbaar onder  “publicaties” op de website www.toegankelijkreizen.be.";"";"Gedetailleerde meetgegevens voor deze zaak zijn te vinden op www.toevla.be. De volledige brochure “Toegankelijke restaurants en cafés in Oostende” is beschikbaar onder  “publicaties” op de website www.toegankelijkreizen.be.";"";"";"";"0";"";"";"0";"";"0";"1";"0";"";"";"";"";"";"";"";"";"";"";"";"";""
"287284";"ACTIVITY";"FOOD_DRINKS";"2025-03-06 11:21:25";"0";"Vinto";"Hoogstraat";"7";"";"9770";"Kruishoutem";"Kruisem";"";"vlaamseArdennen";"90954.87";"177417.68";"50.90409097041825";"3.529354948961672";"";"";"";"";"+32 9 222 95 35";"";"";"info@vin-to.be";"http://vin-to.be";"";"";"";"";"Complexloze gastronomie in een jong interieur zonder tierlantijntjes. Chef Karel Van Oyen en sommelier Pieter Fraeyman leerden elkaar bij Hertog Jan kennen en groeiden er mee tot de derde ster. Sinds dit jaar (2016) vormen ze een perfect op elkaar afgestemd duo in hun eigen restaurant. 

Sluitingsdag: maandag.";"http://toevla.vlaanderen.be/publiek/nl/register/detail/5587";"Complexloze gastronomie in een jong interieur zonder tierlantijntjes. Chef Karel Van Oyen en sommelier Pieter Fraeyman leerden elkaar bij Hertog Jan kennen en groeiden er mee tot de derde ster. Sinds 2016 vormen ze een perfect op elkaar afgestemd duo in hun eigen restaurant. ";"";"De ondergrond van de parking bestaat uit fijnkorrelig dolomiet dat vrij goed berijdbaar is. Het pad van de parking naar de ingang is wat moeilijker berijdbaar. Hier heb je hulp nodig. De ingang vanaf de parking heeft een drempel van een kleine 10 cm. Via de Hoogstraat bereik je de andere ingang via een beter pad, maar die deur is maar 75 cm breed en de ruimte in het sas is beperkt.";"Binnen is er voldoende circulatieruimte.";"0";"Op de route naar het toilet moet je langs een deur van amper 70 cm breed. De ruimte voor de deur is beperkt en ook in het toilet is de draairuimte nipt. Er is onvoldoende opstelruimte naast het toilet en beugels ontbreken.
";"1";"0";"0";"0";"1";"0";"0";"0";"";"";"";"";"";"";"";"";"";"";""
"276721";"ACTIVITY";"FOOD_DRINKS";"2025-03-06 13:29:47";"0";"Visbrasserie Mozart";"Maurice Blieckstraat";"6";"";"8670";"Koksijde";"Koksijde";"";"kust";"28503.14";"202405.78";"51.11895158724197";"2.633458551041394";"";"";"";"";"+32 58 51 41 51";"";"";"info@casinohotel.be";"";"";"";"";"";"In visbrasserie Mozart is er voldoende circulatieruimte en een onderrijdbare tafel aanwezig. Goede opstelruimte naast en schuin voor het verlengd toilet. Hier zijn ook 2 beugels voorzien.";"";"In visbrasserie Mozart is er voldoende circulatieruimte en een onderrijdbare tafel aanwezig. Goede opstelruimte naast en schuin voor het verlengd toilet. Hier zijn ook 2 beugels voorzien.";"";"";"";"0";"";"";"0";"";"0";"1";"0";"";"";"";"";"";"";"";"";"";"";"";"";""
"276565";"ACTIVITY";"FOOD_DRINKS";"2025-03-06 16:26:00";"0";"Volta.";"Nieuwewandeling";"2b";"";"9000";"Gent";"Gent";"";"kunststadGent";"103734.3717828816";"194103.4759587971";"51.055774";"3.707628";"";"";"";"";"+32 9 324 05 00";"";"";"info@voltagent.be";"http://www.volta-gent.be";"";"";"";"";"In 2010 was de opening van Volta. wereldnieuws in Gent, maar ook in de nieuwste versie zit dit monument op stoomkracht. Niemand minder dan Anthony Snoeck (ex-Carcasse) laat Volta. weer schitteren met zijn energieke bewerking van klassieke producten. Beneden kan je je gastronomisch laten verwennen, terwijl je boven in de bar ook kleine hapjes kunt bestellen of van een aperitief/digestief kunt genieten.";"http://toevla.vlaanderen.be/publiek/nl/register/detail/83";"";"";"De ingang en het restaurant zelf zijn goed toegankelijk. Misschien heb je wat hulp nodig op de helling en bij het openen van de dubbele deur. ";"";"0";"Er is een vrij goed aangepast toilet, maar beugels ontbreken en de opstelruimte voor het toilet wordt gehinderd door de wastafel.";"0";"0";"0";"0";"1";"0";"0";"0";"";"";"";"";"";"";"";"";"";"";""
"276878";"ACTIVITY";"FOOD_DRINKS";"2025-03-06 16:53:20";"0";"Vrijbroekhof";"Stuivenbergbaan";"87";"";"2800";"Mechelen";"Mechelen";"";"kunststadMechelen";"156178.45";"190393.53";"51.02368720211932";"4.456826910917986";"";"";"";"";"+32 15 67 73 05";"";"";"vrijbroekhof@outlook.be";"http://www.taverne-vrijbroekhof.be";"";"";"";"";"In brasserie Vrijbroekhof, in het midden van het Vrijbroekpark in Mechelen, kan je altijd terecht voor een koffie, een fris pintje of heerlijke gerechten. Zowel 's zomers, op het schaduwrijke terras of in het zonnetje, als 's winters knus binnen met panoramisch zicht op het park. Het is bereikbaar met de auto en met de bus. ";"";"In brasserie Vrijbroekhof, in het midden van het Vrijbroekpark in Mechelen, kan je altijd terecht voor een koffie, een fris pintje of heerlijke gerechten. Zowel 's zomers, op het schaduwrijke terras of in het zonnetje, als 's winters knus binnen met panoramisch zicht op het park. Het is bereikbaar met de auto en met de bus. ";"";"De toegang tot het Vrijbroekhof is drempelloos en de toegangsdeur is een automatische schuifdeur. Achter de glazen deur van het inkomsas naar het café-restaurant is de opstelruimte beperkt. ";"In het café-restaurant zelf is er voldoende circulatieruimte. ";"0";"In het Vrijbroekhof is er een aangepast toilet aanwezig.";"0";"0";"0";"0";"1";"0";"0";"0";"";"";"";"";"";"";"";"";"";"";""
"276556";"ACTIVITY";"FOOD_DRINKS";"2020-06-02 18:00:24";"1";"WY";"Bodenbroekstraat";" 22-24";"";"1000";"Brussel";"Brussel";"";"kunststadBrussel";"149163.79";"170043.03";"50.8407978742805";"4.35687973680379";"";"";"";"";"+32 2 400 42 63";"";"";"info@wybrussels.be";"https://www.wybrussels.be";"";"";"";"";"Er zijn treden aan de ingang, maar rolstoelgebruikers raken drempelloos binnen via de parkeergarage en lift. De liftdeur is 80 cm breed, de sasdeur naar de lift 77,5 cm. Het restaurant zelf is goed toegankelijk, de tafels zijn beperkt onderrijdbaar. Er is een ruimer, maar voor veel rolstoelgebruikers onvoldoende aangepast toilet. De gang naar het toilet is smal. Het terras is drempelloos bereikbaar via een deur van 78 cm breed, maar de tafels op het terras zijn niet onderrijdbaar.";"";"Er zijn treden aan de ingang, maar rolstoelgebruikers raken drempelloos binnen via de parkeergarage en lift. De liftdeur is 80 cm breed, de sasdeur naar de lift 77,5 cm. Het restaurant zelf is goed toegankelijk, de tafels zijn beperkt onderrijdbaar. Er is een ruimer, maar voor veel rolstoelgebruikers onvoldoende aangepast toilet. De gang naar het toilet is smal. Het terras is drempelloos bereikbaar via een deur van 78 cm breed, maar de tafels op het terras zijn niet onderrijdbaar.";"";"Er zijn treden aan de ingang, maar rolstoelgebruikers raken drempelloos binnen via de parkeergarage en lift. ";"De liftdeur is 80 cm breed, de sasdeur naar de lift 77,5 cm. ";"0";"Er is een ruimer, maar voor veel rolstoelgebruikers onvoldoende aangepast toilet. De gang naar het toilet is smal. ";"";"0";"";"0";"1";"0";"";"";"";"";"";"";"";"";"";"";"";"";""
"287306";"ACTIVITY";"FOOD_DRINKS";"2025-03-06 15:41:06";"0";"Zoethout";"Vloeiherkstraat";"14";"";"3830";"Wellen";"Wellen";"";"haspengouw";"217811.77";"170729.42";"50.84299737913732";"5.331558943065764";"";"";"";"";"+32 12 21 64 53";"";"";"info@zoethout.be";"http://www.zoethout.be";"";"";"";"";"Na een succesvolle passage bij onder meer Vous lé Vous, roert Laurens Snykers vandaag in de potten en schoffelt hij in de moestuin van zijn eigen restaurant Zoethout. Zelf omschrijft hij zijn keuken als 'bruut maar eerlijk'. Dat belooft. 
";"http://toevla.vlaanderen.be/publiek/nl/register/detail/5739";"";"";"Het restaurant is drempelloos toegankelijk. ";"";"0";"Een toegankelijk toilet is er niet.";"1";"0";"0";"0";"1";"0";"0";"0";"";"";"";"";"";"";"";"";"";"";""
