"business_product_id";"information_group";"discriminator";"changed_time";"deleted";"name";"street";"house_number";"box_number";"postal_code";"city_name";"main_city_name";"distance";"promotional_region";"x";"y";"lat";"long";"green_key_labeled";"accessibility_label";"closing_period";"next_year_closing_period";"phone1";"phone2";"phone3";"email";"website";"facebook";"twitter";"flickr";"instagram";"product_description";"link_to_accessibility_website";"accessibility_description";"entrance";"route_and_levels";"common_toilet";"exhibition_space";"allergies";"experience";"extra_facilities";"food_allergy";"deaf";"auditive";"mental";"motor";"blind";"visual";"autism";"food_allergy_desc";"allergies_desc";"deaf_desc";"auditive_desc";"mental_desc";"motor_desc";"blind_desc";"visual_desc";"autism_desc";"accessibility_prive_parking_desc"
"251093";"SERVICE";"TOURIST_INFORMATION_CENTRE";"2019-06-06 11:59:07";"1";"Belevingscentrum '14-'18";"Kruineikestraat";"5";"a";"3150";"Tildonk";"Haacht";"";"groeneGordel";"169431.97";"181543.22";"50.9438513816647";"4.64524653695535";"0";"BASIC";"";"";"+32 471 97 36 42";"";"";"grooteoorlog@vlaamsbrabant.be ";"www.toerismevlaamsbrabant.be/oorlog";"";"";"";"";"";"http://toevla.vlaanderen.be/publiek/nl/register/detail/4931";"Hoe verliep de Eerste Wereldoorlog in Vlaams-Brabant? Hoe gingen de mensen om met het geweld, de voedselschaarste, de onzekerheid? Waar werd er gevochten, wat was de schade en hoeveel doden vielen er? 

Een bezoek aan het Belevingscentrum ’14-’18 dompelt je onder in het leven tijdens de oorlog en dit op een boeiende en interactieve manier. Getuigenissen leren je uit eerste hand hoe het dagelijkse leven er aan toe ging. Foto’s, anekdotes en pakkende levensverhalen geven je het gevoel alsof je er zelf bij was. Maar je krijgt ook het grotere plaatje te zien: de gevechten en de internationale context achter de oorlogsellende.";"";"De stoep voor de ingang is 150 cm breed. Er is een voorbehouden parkeerplaats. Misschien heb je hulp nodig om de wat zware deur te openen. Binnen vlot toegankelijk met een onderrijdbare balie. ";"De doorgangen zijn overal ruim en er is een goed toegankelijke lift.";"";"0";"";"Het toilet is goed toegankelijk, met voldoende opstelruimte en beugels. Enkel de wastafel is beperkt onderrijdbaar.";"0";"";"0";"0";"1";"1";"1";"0";"";"";"";"";"";"";"Blinden en slechtzienden kunnen deze teksten op voorhand digitaal opvragen. ";"";"";""
"383174";"SERVICE";"TOURIST_INFORMATION_CENTRE";"2025-03-18 07:51:01";"0";"Bezoekerscentrum Lieteberg";"Stalkerweg";"";"";"3690";"Zutendaal";"Zutendaal";"";"limburgseKempen";"235075.0832968332";"180012.9709582059";"50.924733";"5.57751";"0";"BASIC";"";"";"+32 89 25 50 60";"";"";"info@lieteberg.be";"https://www.lieteberg.be";"";"";"";"";"";"https://toevla.vlaanderen.be/publiek/nl/register/detail/1406";"Bij Bezoekerscentrum Lieteberg vind je informatie over wandel- en fietsroutes in het nationaalpark en over heel Limburg alsook allerlei leuke tips over bezienswaardigheden en evenementen in de buurt. Je vindt er ook een blotevoetenpad, dit is echter niet rolstoeltoegankelijk.";"";"Het toegangspad bestaat uit grofkorrelig dolomiet. Met de rolstoel laat je je best afzetten aan de verharde zone vlak voor de ingang. Meld je aan aan de slagboom van de Zuurbroekstraat 16 te Zutendaal en vervolgens mag je doorrijden naar de ingang van het bezoekerscentrum.";"";"";"0";"";"Er zijn twee aangepaste toiletten aanwezig.";"0";"";"0";"0";"1";"0";"0";"0";"";"";"";"";"";"";"";"";"";""
"227924";"SERVICE";"TOURIST_INFORMATION_CENTRE";"2025-03-06 12:34:17";"0";"Bezoekerscentrum voor Ieper en de Westhoek";"Grote Markt";"34";"";"8900";"Ieper";"Ieper";"";"westhoek";"45546.54";"172242.82";"50.85120125572259";"2.885413268175236";"0";"COMFORT";"25/12, 01/01";"";"+3257239220";"";"";"toerismebalie@ieper.be";"https://www.toerisme-ieper.be/";"";"";"";"";"Informatiekantoor voor de Westhoek met ruim aanbod van infobrochures en themakiosken voor de Westhoekgemeenten en de Eerste Wereldoorlog. U kunt er terecht voor de reservatie van overnachtingen, gidsbegeleiding, evenementen. In de shop van het In Flanders Fields museum vindt u een geselecteerd aanbod van publicaties en gadgets. Ook voor meer informatie over geleide standswandelingen kan je hier terecht, deze kunnen worden aangepast aan de noden van de groep.";"http://toevla.vlaanderen.be/publiek/nl/register/detail/486";"";"";"Het gebouw is vlot toegankelijk. Er is een verlaagde en onderrijdbare balie.";"";"";"0";"De folders en brochures zijn goed bereikbaar en de infotafels zijn goed zichtbaar vanuit de rolstoel.";"Ook het eetcafé en het nabijgelegen toilet zijn goed toegankelijk.";"0";"";"0";"0";"1";"0";"0";"0";"";"";"";"";"";"";"";"";"";""
"214278";"SERVICE";"TOURIST_INFORMATION_CENTRE";"2025-06-28 19:51:04";"0";"Bezoekerscentrum Warandepoort Tervuren";"Markt";"7B";"";"3080";"Tervuren";"Tervuren";"";"groeneGordel";"160296.9";"168236.92";"50.82446154241722";"4.514897796579883";"0";"COMFORT";"";"";"+3227665340";"";"";"toerisme@tervuren.be";"http://www.visittervuren.be";"";"";"";"";"De ideale uitvalsbasis voor een bezoek aan Tervuren en de regio. Meertalige touchscreens geven een goed beeld van de verschillende ontspanningsmogelijkheden. Gratis toegankelijk en tijdens het toeristisch seizoen zes dagen per week geopend (maandag gesloten).
";"";"De teksten op de belevingselementen zijn beschikbaar in grootletterschrift en er is auditieve ondersteuning. Visuele contrasten werden voorzien.";"";"Drempelloze toegang vanaf de Markt. De ingang is vlot toegankelijk. Er is voldoende circulatieruimte en de balie is onderrijdbaar.";"De doorgangen zijn voldoende breed.";"";"1";"De belevingselementen zijn zo opgesteld dat ze door iedereen gebruikt kunnen worden. De meeste folders zijn goed bereikbaar.";"";"0";"0";"0";"0";"1";"1";"1";"0";"";"";"";"";"";"";"Er is auditieve ondersteuning aan de belevingselementen.";"";"";""
"275345";"SERVICE";"TOURIST_INFORMATION_CENTRE";"2025-02-22 17:37:45";"0";"Bezoekersonthaal Kattevennen - Cosmodrome";"Planetariumweg";"18";"";"3600";"Genk";"Genk";"";"limburgseKempen";"232068.72";"183665.39";"50.95742736908338";"5.536841560774442";"0";"BASIC";"01/01 - 01/11 - 02/11, 25/12";"";"+32 89 65 55 55";"";"";"kattevennen@genk.be";"http://www.kattevennen.be";"";"";"";"";"Het nieuwe bezoekersonthaal grenst aan het Europlanetarium en opende haar deuren in 2008.  Hier kan je terecht voor meer informatie over fiets- en wandelmogelijkheden, activiteiten aan de toegangspoort, ticketverkoop voor een voorstelling in het Europlanetarium enz.  Bovendien vind je in de bijzondere shop hele leuke hebbedingen terug.";"http://toevla.vlaanderen.be/publiek/nl/register/detail/1545";"";"";"De ingang en het gebouw zelf, waaronder de winkel, zijn vlot toegankelijk. Er is een verlaagde en onderrijdbare balie.";"";"";"0";"Enkele belevingselementen zijn te hoog geplaatst om vanuit zittende positie te kunnen waarnemen maar de meerderheid is wel toegankelijk. Voor rolstoelgebruikers is een verplaatsbaar toestel beschikbaar dat buiten kan worden opgesteld zodat ook zij naar de sterren kunnen kijken.";"Er is een aangepast toilet met voldoende draairuimte en beugels. Aan de binnenzijde ontbreekt wel de opstelruimte naast de deurklink, en de opstelruimte naast het toilet wordt verhinderd door de verzorgingstafel. ";"0";"";"0";"0";"1";"0";"0";"0";"";"";"";"";"";"";"";"";"";""
"220535";"SERVICE";"TOURIST_INFORMATION_CENTRE";"2025-06-28 19:51:06";"0";"Biercentrum De Lambiek";"Gemeenveldstraat";"1";"";"1652";"Alsemberg";"Beersel";"";"groeneGordel";"147585.38";"158952.17";"50.74108517022455";"4.334553487217766";"0";"COMFORT";"Bezoekerscentrum: gesloten op maandag, dinsdag en donderdag, op 11/11 en 24/12 tot 31/12.
Infokantoor toerisme: geen sluitingsperiode.";"";"+32 2 359 16 36";"";"";"visit@beersel.be";"http://www.delambiek.be";"";"";"";"";"Het bezoekerscentrum is hét startpunt voor het ontdekken van verschillende Lambiekbrouwerijen, het Pajottenland en de Zennevallei. Ook het toerismekantoor is in het bezoekerscentrum gevestigd. Toeristen en bezoekers kunnen hier toeristische informatie, folders en brochures verkrijgen uit de gemeente en de regio. Voor groepen stelt de dienst toerisme daguitstappen op maat samen en maakt de nodige reservaties. 

In het bezoekerscentrum staat beleven en ontdekken centraal. De bezoeker wordt ondergedompeld in de smaken, geuren, geluiden en textuur van Lambiekbier - een echt belevingscentrum. Laatste toegang: 17u, laatste degustatie: 17u30. Gesloten om 18u. Groepen na reservatie ook op maandag, dinsdag en donderdag.";"";"Maak kennis met het spontane gistende lambiekbier in het Biercentrum De Lambiek. Lambiek vormt de basis voor de productie van Oude Geuze en Oude Kriek en wordt de dag van vandaag nog steeds op artisanale wijze gebrouwen. Het Biercentrum is de ideale plek om dit ambachtelijke brouwproces met al je zintuigen te beleven. Na het bekijken van een schitterende film over het lambiekbrouwproces krijg je, de smaak te pakken om dit unieke en karaktervolle bier verder te proeven. ";"";"Het biercentrum is vlot toegankelijk.";"De doorgangen zijn overal voldoende breed.";"";"0";"";"Er is een ruim aangepast toilet met beugels.";"0";"";"1";"0";"1";"1";"0";"0";"";"";"Slechthorenden kunnen in de multimediazaal gebruik maken van speciale audiovisuele voorzieningen.";"";"";"";"Voor blinden zijn er braillegidsen over het bezoekerscentrum beschikbaar. Blinden kunnen in de multimediazaal gebruik maken van speciale audiovisuele voorzieningen.";"";"";""
"213204";"SERVICE";"TOURIST_INFORMATION_CENTRE";"2025-03-06 20:51:52";"0";"DvT Koekelare";"SINT-MAARTENSPLEIN";"15";"b";"8680";"Koekelare";"Koekelare";"";"westhoek";"52689.22875834549";"198536.0005838303";"51.089283";"2.978545";"0";"BASIC";"";"";"+32 51 61 04 94";"";"";"cultuurentoerisme@koekelare.be";"www.toerismekoekelare.be";"";"";"";"";"De Dienst voor Toerisme en Cultuur bevindt zich op de benedenverdieping van de oude brouwerij van Koekelare.";"http://toevla.vlaanderen.be/publiek/nl/register/detail/4897";"De Dienst voor Toerisme en Cultuur bevindt zich op de benedenverdieping van de oude Brouwerij van Koekelare.";"";"Naast de glazen hoofdtoegang (niet rolstoeltoegankelijk) is er een aangeduide alternatieve toegang voor rolstoelgebruikers. Op het steil dalende hellende vlak ernaartoe kan een helpende hand handig zijn. Via een afgeschuinde drempel van zes cm bereik je vervolgens het onthaal van het infokantoor, dat beschikt over een verlaagde, onderrijdbare balie. ";"De gangen zijn voldoende breed. De lift is 107 cm breed en 127 cm diep. De knoppen staan wat dicht in de hoek.";"";"0";"Er is voldoende circulatieruimte. Sommige teksten zijn wat klein en moeilijk leesbaar.";"Er is een klein aangepast toilet bij de alternatieve ingang en bij het onthaal, maar de wastafel verhindert een voorwaartse transfer en de beugels zijn niet goed bruikbaar.";"0";"";"0";"0";"1";"0";"0";"0";"";"";"";"";"";"";"";"";"";""
"224887";"SERVICE";"TOURIST_INFORMATION_CENTRE";"2025-03-06 11:35:04";"0";"DvT Waregem";"Gemeenteplein";"2";"";"8790";"Waregem";"Waregem";"";"leieStreek";"84119.96000000001";"175490.58";"50.88603569272487";"3.43254163717474";"0";"BASIC";"Geen";"";"+32 56 62 12 52";"";"";"toerisme@waregem.be";"http://www.waregem.be/toerisme ";"";"";"";"";"Waregem en toerisme? Vergis je niet, want we kunnen je heel wat meer bieden dan op het eerste gezicht lijkt. 

Onbekend maakt onbemind, Waregem heeft heel wat verborgen en minder verborgen troeven. We raden je ten zeerste aan deze te (her)ontdekken. 
Onze 45km² herbergen een aantal prima bezienswaardigheden, soms zelfs uniek in België. Denk maar aan het Flanders Field American Cemetery and Memorial, de enige Amerikaanse militaire begraafplaats uit de Eerste Wereldoorlog in België. 

Of het Goed te Nieuwenhove, het natuurgebied de Zavelputten in Beveren-Leie, de jachthaven aan de Leie,... 

Waregem heeft dan ook de grote troef dat alles binnen handbereik ligt. Via uitgestippelde fiets- of wandelroutes kan je veel van onze bezienswaardigheden op je eigen tempo bezoeken. En als dat nog niet genoeg is : slaap er eens een nachtje over in Waregem, want morgen kan je nog veel meer ontdekken.";"http://toevla.vlaanderen.be/publiek/nl/register/detail/3150";"De dienst voor toerisme is gesitueerd in de stadswinkel, aan de hoofdingang van het stadhuis van Waregem. Je kan er diverse informatie verkrijgen over de toeristische troeven van de stad, zoals HiPPO.WAR, de Amerikaanse begraafplaats, leuke eetadressen, wandel- en fietsroutes en nog veel meer… ";"";"Je kunt wat hulp nodig hebben op de afgeschuinde dorpel aan de ingang. Er is een verlaagde en onderrijdbare balie, al is de diepte beperkt tot 36 cm.";"";"";"0";"De folders in de inkomzone staan deels op een helling en zijn moeilijk bereikbaar. De belangrijkste toeristische folders in het kantoor zelf zijn beter bereikbaar. Er is een computer op aangepaste hoogte beschikbaar, maar hij is moeilijk onderrijdbaar door een plint.";"Er is een aangepast toilet in het stadhuis. Op de route naar het toilet heb je misschien wat hulp nodig bij het openen van de deuren. Het toilet is ruim en voorzien van beugels, al staan die vrij ver uit elkaar. De wastafel is niet onderrijdbaar.";"0";"";"0";"0";"1";"0";"0";"0";"";"";"";"";"";"";"";"";"";""
"228987";"SERVICE";"TOURIST_INFORMATION_CENTRE";"2025-07-06 22:53:04";"0";"Experience Center Ferdinand Verbiest";"Markt";"1";"";"8740";"Pittem";"Pittem";"";"brugseOmmeland";"72614.02";"187786.14";"50.99513233201723";"3.266461652574426";"0";"BASIC";"01/01 - 31/03, 01/10 - 31/12: za + zo gesloten.";"";"+32 51 46 03 51";"";"";"toerisme@pittem.be";"http://www.pittem.be/website/173-www/178-www/867-www.html";"";"";"";"";"In het bezoekerscentrum Ferdinand Verbiest wordt het verhaal rond de Pittemse jezuïet pater Ferdinand Verbiest authentiek en hedendaags gebracht. Naast Ferdinand Verbiest is er ook een infopunt met toeristische informatie over Pittem, de regio en het Brugse Ommeland. Er is ook gratis een folder ter beschikking van het bezoekerscentrum.";"";"Het levensverhaal van de bekende Pittemnaar Ferdinand Verbiest wordt in het Experience Center op een creatieve en hedendaagse manier voorgesteld. Verbiest trok in de 17de eeuw als missionaris naar China en werkte er als keizerlijk wiskundige en astronoom aan het Chinese hof. Wist u dat deze Pittemnaar de stoomauto bouwde en de thermometer uitvond?  Dus zeker een bezoekje waard! Vrij bezoek maandag, woensdag, vrijdag van 9u tot 12u en 13.30u tot 17u, dinsdag van 13.30u tot 19u en donderdag van 13.30u tot 17u. Groepsbezoek mits reservering bij dienst Toerisme 051/46.03.51 of via toerisme@pittem.be.";"";"De ingang en het bezoekerscentrum zelf zijn goed toegankelijk. Er is een verlaagde en onderrijdbare balie.";"De deur naar de tentoonstellingsruimte is wat zwaar om zelfstandig te openen.";"";"0";"De meeste folders en brochures zijn goed bereikbaar. De meeste belevingstoestellen zoals de interactieve schermen, meubels en infokiosken zijn door verlaagde knoppen en schermen bereikbaar en bruikbaar.  ";"Zowel binnen als buiten is er een aangepast toilet. Het toilet buiten scoort het best, al is opstellen naast het toilet iets moeilijker doordat de muur schuin loopt. Het toilet binnen is ook ruim, maar voor het toilet heb je maar 72 cm opstelruimte. Beide toiletten hebben beugels.";"0";"0";"0";"0";"1";"0";"0";"0";"";"";"";"";"";"";"";"";"";""
"228322";"SERVICE";"TOURIST_INFORMATION_CENTRE";"2025-03-06 19:02:22";"0";"Infokantoor De Haan - Centrum";"TRAMSTATION KONINKLIJK PLEIN";"z/n";"";"8420";"De Haan";"De Haan";"";"kust";"56859.1037416594";"218921.459465595";"51.2731694";"3.0328201";"0";"BASIC";"Geen";"";"059 242134";"";"";"toerisme@dehaan.be";"http://www.visitdehaan.be";"";"";"";"";"Waarvoor kan je terecht bij Toerisme De Haan kort samengevat? Toeristische informatiebalie(s), toerisme en organisatie feesten, hotelreservering, groeps- en schoolreizen, rondleidingen en arrangementen, toeristische drukwerken, contacten met schrijvende en gesproken toeristische pers in binnen- en buitenland, promotie in binnen- en buitenland.";"http://toevla.vlaanderen.be/publiek/nl/register/detail/875";"";"";"Een helling brengt je naar de ingang. De ruimte voor en achter de deur is nipt, maar bruikbaar. Er is een verlaagde en onderrijdbare balie.";"Er is meestal voldoende circulatieruimte. Enkel tussen de vitrinekasten is die wat nipter, maar wel bruikbaar.";"";"0";"Sommige folders staan te hoog om te kunnen bereiken vanuit de rolstoel. Ook de vitrinekasten kunnen iets te hoog zijn om vlot vanuit de rolstoel te kunnen lezen, al zijn ze wel bruikbaar.";"";"0";"";"0";"0";"1";"0";"0";"0";"";"";"";"";"";"";"";"";"";""
"218671";"SERVICE";"TOURIST_INFORMATION_CENTRE";"2025-03-06 17:32:49";"0";"Infokantoor Visit Turnhout";"Grote Markt";"44";"";"2300";"Turnhout";"Turnhout";"";"antwerpseKempen";"190548.93";"223803.49";"51.32258543930848";"4.950416593862299";"0";"BASIC";"01/01, 25/12";"";"+3214443355";"";"";"visit@turnhout.be";"https://www.visitturnhout.be";"";"";"";"";"In Turnhout valt er altijd iets te beleven. Het bruisende centrum wordt bovendien omringd door ongerept groen, ideaal om te wandelen of te fietsen. Voor meer info bent u van harte welkom in ons kantoor!";"http://toevla.vlaanderen.be/publiek/nl/register/detail/861";"In Turnhout valt er altijd iets te beleven. Het bruisende centrum wordt bovendien omringd door ongerept groen, ideaal om te wandelen of te fietsen. Voor meer info bent u van harte welkom in ons kantoor!";"";"De ingang is vlot  toegankelijk. Er is een onderrijdbare en verlaagde balie.";"Je kan wat hulp nodig hebben op een dwarshelling en helling die op de route naar de balie liggen.";"";"1";"Hier en daar is de circulatieruimte nipt, maar wel bruikbaar. De grote tafel in het midden van het kantoor is  onderrijdbaar. De folders en tentoongestelde objecten zijn meestal goed bereikbaar en zichtbaar. ";"";"0";"";"0";"0";"1";"0";"0";"0";"";"";"";"";"";"";"";"";"";""
"220988";"SERVICE";"TOURIST_INFORMATION_CENTRE";"2025-03-06 21:34:02";"0";"Infopunt Toerisme Middelkerke";"Joseph Casselaan";"1";"";"8430";"Middelkerke";"Middelkerke";"";"kust";"41667.90609981824";"209821.4158087131";"51.188741";"2.817917";"0";"BASIC";"";"";"+3259300368";"";"";"toerisme@middelkerke.be";"http://visit.middelkerke.be";"";"";"";"";"Toeristische dienst van de gemeente Middelkerke.";"http://toevla.vlaanderen.be/publiek/nl/register/detail/860";"";"";"Een helling van 112 cm breed brengt je naar de ingang. De ingang en het kantoor zijn goed toegankelijk. Er is een verlaagde en onderrijdbare balie, al is de diepte beperkt.";"";"";"0";"De meeste folders en brochures zijn goed bereikbaar, maar de bovenste rij kan je vanuit de rolstoel niet bereiken.";"";"0";"";"0";"0";"1";"0";"0";"0";"";"";"";"";"";"";"";"";"";""
"218101";"SERVICE";"TOURIST_INFORMATION_CENTRE";"2025-02-22 18:22:32";"0";"Infopunt Visit Blankenberge";"Hoogstraat";"2";"";"8370";"Blankenberge";"Blankenberge";"";"kust";"63689.25261919563";"223535.3952108137";"51.315696";"3.129572";"0";"COMFORT";"25/12 - 26/12, 01/01 - 02/01";"";"050 636620";"";"";"toerisme@blankenberge.be";"https://www.visit-blankenberge.be/";"";"";"";"";"In het kantoor kan u terecht voor: algemene informatieverstrekking, reservatie van hotel, kaartenverkoop voor attracties en voorstellingen, U vindt er eveneens meet info over de organisatie van diverse evenementen en stoeten, contacten met de media.";"https://toevla.vlaanderen.be/publiek/nl/register/detail/16170";"";"";"Het toegangspad en de ingang zijn goed toegankelijk. De balie is onderrijdbaar.";"";"";"0";"Er is overal voldoende ruimte. De folders bevinden zich op een goed bereikbare hoogte. De tafels met touchscreen computers zijn onderrijdbaar.";"";"0";"";"0";"0";"1";"0";"0";"0";"";"";"";"";"";"";"";"";"";""
"214218";"SERVICE";"TOURIST_INFORMATION_CENTRE";"2019-06-06 11:55:29";"1";"Toerisme Alveringem";"Sint-Rijkersstraat";"19";"";"8690";"Alveringem";"Alveringem";"";"westhoek";"33409.26";"190398.37";"51.0120615976101";"2.70725992317157";"0";"BASIC";"";"";"+32 58 28 88 81";"";"";"toerisme.cultuur@alveringem.be";"www.alveringem.be";"";"";"";"";"";"";"";"";"";"";"";"";"";"";"";"";"";"";"";"";"";"";"";"";"";"";"";"";"";"";"";""
"212747";"SERVICE";"TOURIST_INFORMATION_CENTRE";"2025-07-02 12:43:05";"0";"Toerisme Balen";"Bevrijdingsstraat";"1";"";"2490";"Balen";"Balen";"";"antwerpseKempen";"205600.81";"207060.22";"51.17084629099804";"5.163733084543746";"0";"COMFORT";"Geen";"";"+32 14 74 40 50 ";"";"";"info@ontdekbalen.be";"http://www.ontdekbalen.be";"";"";"";"";"De dienst Toerisme - VVV Balen is voortaan gehuisvest in het gloednieuwe vrijetijdscentrum De Kruierie!

Ons VVV-kantoor is door Toerisme Vlaanderen officieel erkend als lokaal infokantoor. U kan er dus informatie bekomen omtrent toeristische bezienswaardigheden in gans België, tot zelfs daarbuiten. U kan er een heleboel gratis en betalende folders en brochures verkrijgen, alsook de laatste toeristische nieuwtjes via online-verbinding met infokantoren over gans Vlaanderen.";"";"";"";"Zowel het toegangspad aan de voorkant als de achterkant van het gebouw is ruim en verhard. De toegang tot het gebouw verloopt via twee opeenvolgende automatische schuifdeuren met tussenliggend sas. Het sas is voldoende ruim.";"De doorgangen zijn overal voldoende breed.";"";"0";"De folders en brochures zijn goed bereikbaar. De tentoonstellingsruimte is erg ruim. De ruimte wordt ingericht naargelang de tentoonstelling.";"In de gang is er een sanitair blok voorzien, met een aangepast toilet. De route van de inkom naar de toiletten loopt langs de balie en is overal vlak en voldoende ruim.
De ruimte naast de klink voor de deur van het toilet is nipt. Er is voldoende draairuimte en opstelruimte naast het toilet. Voor het toilet heb je 97 cm vrije ruimte. Beugels zijn voorzien. Voor de wastafel, die beperkt onderrijdbaar is, heb je 100 cm opstelruimte.";"0";"0";"0";"0";"1";"0";"0";"0";"";"";"";"";"";"";"";"";"";""
"219451";"SERVICE";"TOURIST_INFORMATION_CENTRE";"2025-03-07 01:09:09";"0";"Toerisme Brasschaat";"Bredabaan";"182";"";"2930";"Brasschaat";"Brasschaat";"";"antwerpseKempen";"158722.23";"220114.2";"51.29079318161117";"4.493802516979618";"0";"BASIC";"Geen";"";"+32 3 650 03 01";"";"";"toerisme@brasschaat.be";"http://www.brasschaat.be";"";"";"";"";"Brasschaat staat bekend om haar groene domeinen en parken. Het is dan ook een oase van groen waarin je op ontdekking kan gaan. Talrijke fietstochten en wandelingen zijn uitgestippeld in de groene gemeente al dan niet bewegwijzerd. 
Ook kinderen staan te popelen om deel te nemen aan het Sprookjespad of een bezoekje te brengen aan Kinderboerderij Mikerf. Je kan natuurlijk kiezen om gewoon gezellig te gaan shoppen in het centrum van Brasschaat, de verschillende musea te bezoeken of het unieke Golempad te ontdekken.
Brasschaat is, als poort naar de Noordertuin van Antwerpen, ook de uitgelezen gemeente om de omliggende gemeenten en hun toeristisch aanbod te ontdekken.";"http://toevla.vlaanderen.be/publiek/nl/register/detail/1083";"Het infokantoor is verhuisd in 2019 en heeft nog geen nieuwe labelscreening gehad.";"";"";"";"";"0";"";"";"0";"";"0";"0";"0";"0";"0";"0";"";"";"";"";"";"";"";"";"";""
"383172";"SERVICE";"TOURIST_INFORMATION_CENTRE";"2025-03-06 17:55:41";"0";"Toerisme Bredene";"Kapelstraat";"76";"";"8450";"Bredene";"Bredene";"";"kust";"52776.1461885248";"216635.0760772759";"51.251949";"2.974941";"";"BASIC";"";"";"+32 59 56 19 70";"";"";"toerisme@bredene.be";"https://www.visitbredene.be";"";"";"";"";"Of je nu op zoek bent naar een onvergetelijke vakantie of een weekendje uitwaaien aan zee, in Bredene vind je zeker wat je wil. Bredene is de enige kustgemeente waar de duinen ongestoord door een zeedijk, overglijden in het fijne zandstrand.";"https://toevla.vlaanderen.be/publiek/nl/register/detail/867";"De dienst toerisme van Bredene bevindt zich in het Meeting- en Eventcentrum Staf Versluys.";"";"De ingang is vlot bereikbaar en toegankelijk. Er is een verlaagde en onderrijdbare balie.";"Binnen is er overal voldoende ruimte.";"";"0";"De folders en brochures zijn niet allemaal bereikbaar voor een rolstoelgebruiker door de hoge plaatsing.";"Er is een goed toegankelijk aangepast toilet met voldoende opstelruimte en beugels. De wastafel is niet onderrijdbaar.";"0";"";"0";"0";"1";"0";"0";"0";"";"";"";"";"";"";"";"";"";""
"287255";"SERVICE";"TOURIST_INFORMATION_CENTRE";"2025-07-03 10:32:10";"0";"Toerisme De Haan - Infokantoor Vosseslag";"Vosseslag";"131";"";"8420";"De Haan";"De Haan";"";"kust";"54998.83";"217619.24";"51.26062539563265";"3.007816100409427";"";"COMFORT";"";"";"+3259234438";"";"";"toerisme@dehaan.be";"http://www.visitdehaan.be";"";"";"";"";"";"";"";"";"De ingang is vlot toegankelijk. De balie heeft een verlaagd en onderrijdbaar deel.";"Er is overal voldoende ruimte.";"";"1";"De folders in het infokantoor zijn vlot bereikbaar en voorzien op verschillende hoogtes. Voor de betalende
items in de vitrinekast is steeds iemand beschikbaar achter de balie.";"Er zijn twee toiletten met voldoende opstelruimte en beugels. De deur van het openbaar betalend toilet is wel zwaar en de wastafel is er niet onderrijdbaar.";"0";"";"0";"0";"1";"0";"0";"0";"";"Er zijn geen tapijten of stoffen bekledingen aanwezig.";"";"";"";"";"";"";"";""
"218107";"SERVICE";"TOURIST_INFORMATION_CENTRE";"2025-06-28 20:27:09";"0";"Toerisme Diksmuide";"Grote Markt ";"6";"";"8600";"Diksmuide";"Diksmuide";"";"westhoek";"44584.47073965188";"192481.393702114";"51.033452";"2.864643";"0";"BASIC";"01/01 - 31/03, 15/11 - 31/12: za + zo";"";"+3251793050";"nvt";"";"toerisme@diksmuide.be";"https://www.bezoekdiksmuide.be";"";"";"";"";"Toeristisch onthaal voor Diksmuide en Westhoek Diksmuide aan de IJzerstroom, situeert zich midden in de Vlaamse

Westhoek. Je ontdekt veel pittoreske hoekjes en het verrassende erfgoed tijdens een wandeling over de markt, het Begijnhof, de Vismarkt, de Sint-Niklaaskerk, de stadsvaart, de oude Bloemmolens en de jachthaven

Portus Dixmuda.



De Dodengang en de IJzertoren laten het front 1914-1918. weer leven, maar brengen

zoals de beelden van het Treurend Ouderpaar een vredesboodschap.

Charmante dorpen, eindeloze vergezichten en natuurgebieden nodigen uit tot wandelen, fietsen of een tochtje op de IJzer.



Levensgenieters ontdekken al vlug streekspecialiteit en hoeveproducten,

één van de vele evenementen of gezellige terrasjes. In Diksmuide overnachten kan in één van de 700 toeristische bedden. 

Diksmuide, op 15 km van de duinen en het Noordzee-strand, dat is “leerrijk genieten” Alvast welkom in de Boterstad Diksmuide en in de Westhoek!!!";"";"Er is een aangepaste parkeerplaats op de Grote Markt. De ondergrond bestaat uit kasseien.";"";"Rolstoelgebruikers kunnen wat hulp gebruiken om de zware toegangsdeur te openen. De balie heeft een verlaagd en beperkt onderrijdbaar gedeelte.";"De doorgangen zijn meestal voldoende breed. Via een automatische schuifdeur kom je bij de infobalie terecht. De helling voor die deur is eerder smal (100 cm breed) en heeft geen afrijdbeveiliging. De expositieruimte in de kelder is bereikbaar via de lift van het stadhuis.";"";"0";"De meeste, maar niet alle folders zijn goed bereikbaar. Sommige folders zijn te hoog geplaatst. Aan enkele rekken is de draairuimte nipt, maar bruikbaar. ";"";"0";"0";"0";"0";"1";"0";"0";"0";"";"";"";"";"";"";"";"";"";""
"212731";"SERVICE";"TOURIST_INFORMATION_CENTRE";"2025-06-28 20:27:06";"0";"Toerisme en Evenementen Heusden-Zolder";"Vrunstraat";"6";"";"3550";"Zolder";"Heusden-Zolder";"";"limburgseKempen";"213644.67";"186796.12";"50.98788281987729";"5.275188819035789";"0";"COMFORT";"01/01 - 03/01, 01/11, 02/11, 11/11, 15/11, 25/12 - 31/12";"";"+32 11 80 80 88";"";"";"toerisme@heusden-zolder.be";"www.visitheusden-zolder.be";"";"";"";"";"De dienst toerisme en evenementen verstrekt informatie over het toeristisch aanbod in Heusden-Zolder en omgeving. Folders met het toeristisch aanbod van bepaalde gemeenten en steden uit Belgie en Duitsland zijn hier ook te verkrijgen. Op de dienst toerisme en evenementen kan je terecht voor individuele 'Tips voor trips' en arrangementen voor groepen en kortverblijven. Bezoeken onder leiding van een gids kan je via de dienst toerisme en evenementen reserveren. Er worden toeristische producten zoals fiets- en wandelkaarten, streekproducten, maar ook huisvuilzakken verkocht.
Daarnaast organiseert de dienst publieksevenementen en coördineert ze de kermissen en circussen in de gemeente.  Gemeentelijke ontvangsten, vieringen voor jubilea, enz.. behoort eveneens tot het takenpakket. De activiteiten in het kader van het verbroederingscomité en de adviesraad voor toerisme worden door deze dienst opgevolgd.";"";"";"";"De ingang is goed toegankelijk. Via een bel kan je eventueel nog hulp oproepen. De balie is onderrijdbaar.";"";"";"0";"Er is overal voldoende ruimte. De brochures en infoschermen zijn goed bereikbaar.";"";"0";"";"1";"0";"1";"0";"1";"0";"";"";"Er is een verplaatsbare ringleiding aanwezig.";"";"";"";"Visuele contrasten werden voorzien.";"";"";""
"388636";"SERVICE";"TOURIST_INFORMATION_CENTRE";"2025-03-06 19:50:41";"0";"Toerisme Heist";"PANNENSTRAAT";"138";"";"8301";"Heist-aan-Zee";"Knokke-Heist";"";"kust";"71787.04714026189";"225852.657405124";"51.337677002";"3.2451939583";"";"COMFORT";"";"";"+32 50 63 03 80";"";"";"toerisme@knokke-heist.be";"https://www.myknokke-heist.be";"";"";"";"";"";"";"Naast het Belevingscentrum HEY, in badplaats Heist Aan Zee, is het Toeristisch infopunt gelegen.";"";"Het toerismekantoor is vlot toegankelijk. Er is een helling aan de toegang om het hoogteverschil van 6 treden te overbruggen. Binnen is er voldoende circulatieruimte. De balie is verlaagd en onderrijdbaar.";"";"";"0";"De folders en brochures zijn goed bereikbaar.";"";"0";"";"0";"0";"1";"0";"0";"0";"";"";"";"";"";"";"";"";"";""
"218964";"SERVICE";"TOURIST_INFORMATION_CENTRE";"2025-03-06 17:32:50";"0";"Toerisme Heist-Op-Den-Berg";"Postweg";"6";"";"2220";"Heist-op-den-Berg";"Heist-op-den-Berg";"";"antwerpseKempen";"174629.95";"196406.16";"51.07723899498119";"4.720210296921155";"0";"BASIC";"Geen";"";"+32 15 46 15 82";"";"";"toerisme@heist-op-den-berg.be";"http://www.heist-op-den-berg.be";"";"";"";"";"Je vindt op de dienst toerisme allerlei toeristische informatie over bezienswaardigheden, logies, wandel- en fietsbrochures.";"http://toevla.vlaanderen.be/publiek/nl/register/detail/816";"Je vindt op de dienst toerisme allerlei toeristische informatie over bezienswaardigheden, logies, wandel- en fietsbrochures.";"";"Je kan hulp nodig hebben om de wat zware deur te openen. Verder zijn de ingang en het kantoor goed toegankelijk. Er is een verlaagde en onderrijdbare balie.";"";"";"0";"Om de informatiewand achter de balie te bekijken moet je langs een doorgang van 98 cm breed. De bovenste informatie op de wand is misschien wat moeilijker leesbaar.  De meeste folders en brochures zijn goed bereikbaar, maar de bovenste rij kan je vanuit de rolstoel niet bereiken.";"Er is een aangepast toilet met voldoende ruimte en beugels. De wastafel is klein en daardoor beperkt onderrijdbaar.";"0";"";"0";"0";"1";"0";"0";"0";"";"";"";"";"";"";"";"";"";""
"219551";"SERVICE";"TOURIST_INFORMATION_CENTRE";"2025-03-07 01:13:20";"0";"Toerisme Herentals";"Grote Markt";"35";"";"2200";"Herentals";"Herentals";"";"antwerpseKempen";"182632.7";"207570.3";"51.17718825714385";"4.835401145282701";"0";"BASIC";"Geen";"";"+32 14 21 90 88";"";"";"toerisme@herentals.be";"https://www.herentals.be/toerisme";"";"";"";"";"Het kantoor is gevestigd in de gerestaureerde stadsbrouwerij 't Schaliken in het hart van Herentals.";"http://toevla.vlaanderen.be/publiek/nl/register/detail/951";"Het kantoor is gevestigd in de gerestaureerde stadsbrouwerij 't Schaliken in het hart van Herentals.";"";"De inkomdeur opent automatisch. Mogelijk heb je wat hulp nodig bij een binnendeur. Er is een verlaagde en onderrijdbare balie.";"";"";"1";"De circulatieruimte is soms wat nipt, maar bruikbaar. De meeste folders en brochures zijn bereikbaar, al staan sommige te hoog.";"";"0";"";"0";"0";"1";"0";"0";"0";"";"";"";"";"";"";"";"";"";""
"219258";"SERVICE";"TOURIST_INFORMATION_CENTRE";"2025-07-02 12:55:03";"0";"Toerisme Kasterlee";"Markt";"42";"";"2460";"Kasterlee";"Kasterlee";"";"antwerpseKempen";"191942.6470714876";"214673.1439905697";"51.24098499784407";"4.96806454962182";"0";"COMFORT";"01/01, 25/04, 01/11, 11/11, 26/12";"";"+32 14 84 85 19";"";"";"toerisme@kasterlee.be";"http://www.visitkasterlee.be";"";"";"";"";"In ons infokantoor vind je een overzicht van de ruime, toeristische mogelijkheden die Kasterlee en de ruime omgeving te bieden heeft. Wij hopen je zo alle troeven te geven om jouw verblijf in Kasterlee nog aangenamer te maken.

Alvast een zeer aangenaam verblijf in onze toeristische gemeente!";"";"";"";"Het toegangspad is voldoende breed en drempelloos. Het infokantoor is bereikbaar via een trap en een hellend vlak. De toegang verloopt via een automatische inkomdeur. De balie heeft een verlaagd en onderrijdbaar deel.";"Overal is voldoende ruimte en zijn gangen voldoende breed en vlak.";"";"1";"In de multifunctionele ruimte zijn er verschillende belevingselementen aanwezig, alsook een rek met infobrochures en een winkeltje met streekproducten. Alle elementen zijn voor iedereen bereikbaar en bruikbaar.";"Het sanitair is vlot bereikbaar en ruim. Er zijn steunbeugels aanwezig en een onderrijdbare wastafel met automatische kraan. Er is ook een opklapbare babyverzorgingstafel aanwezig in het aangepast toilet.";"0";"";"1";"0";"1";"1";"1";"0";"";"";"Er is een ringleiding.";"";"";"";"Tactiele markeringen zijn aanwezig.";"";"";""
"225845";"SERVICE";"TOURIST_INFORMATION_CENTRE";"2025-03-07 01:07:17";"0";"Toerisme Klein-Brabant - Scheldeland";"Boomstraat";"1";"";"2880";"Bornem";"Bornem";"";"scheldeland";"140591.1";"198858.89";"51.09973825710139";"4.234453147381029";"0";"BASIC";"";"";"+32 3 899 28 68";"";"";"info@tkbs.be";"http://www.toerismekleinbrabant.be";"";"";"";"";"Klein-Brabant en Scheldeland vormen de ideale streek om rustig te wandelen, fietsen of gewoonweg om weg te dromen aan de oevers van Vlaanderens grootste rivier. Het infokantoor van Toerisme Klein-Brabant -  Scheldeland bevindt zich in Bornem.";"http://toevla.vlaanderen.be/publiek/nl/register/detail/1004";"";"";"Het toegangspad bestaat uit kasseien. Aan de achterzijde van het gebouw is een ingang met brede glazen deur. Er is een verlaagde en onderrijdbare balie met een beperkte breedte.";"";"";"1";"De meeste folders en brochures zijn goed bereikbaar, maar de onderste en bovenste rijen kan je soms niet of moeilijk bereiken. ";"Er is een ruim aangepast toilet met beugels, maar de wastafel hindert de opstelruimte voor het toilet.";"0";"";"0";"0";"1";"0";"0";"0";"";"";"";"";"";"";"";"";"";""
"225812";"SERVICE";"TOURIST_INFORMATION_CENTRE";"2025-03-06 13:29:42";"0";"Toerisme Koksijde-Oostduinkerke";"Zeelaan";"303";"";"8670";"Koksijde";"Koksijde";"";"kust";"28711.49666741486";"202337.0783870164";"51.118912";"2.635151";"0";"COMFORT";"";"";"058 512910";"";"";"toerisme@koksijde.be";"http://www.visitkoksijde.be";"";"";"";"";"Het hoofdkantoor dat gehuisvest is in het gemeentehuis van Koksijde heeft als kerntaak de algemene toeristische promotie van de gemeente Koksijde. Koksijde beschikt daarnaast ook nog over twee bijkantoren, m.n. in Oostduinkerke en Sint-Idesbald:
Oostduinkerke: Astridplein 6, tel. +32 58 51 13 89,
Sint-Idesbald: Zeedijk 26a, tel. +32 58 51 39 99.
Voor info over de openingsuren van deze kantoren, zie bij niet door TVL erkende kantoren.";"http://toevla.vlaanderen.be/publiek/nl/register/detail/3708";"";"";"De ingang en het kantoor zelf zijn vlot toegankelijk. Er is een verlaagde en onderrijdbare balie.";"";"";"0";"De folders en brochures zijn goed bereikbaar.";"";"0";"";"0";"0";"1";"0";"0";"0";"";"";"";"";"";"";"";"";"";""
"219750";"SERVICE";"TOURIST_INFORMATION_CENTRE";"2019-06-06 11:58:34";"1";"Toerisme Lanaken";"Koning Albertlaan";"110";"";"3620";"Lanaken";"Lanaken";"";"maasland";"240822.15";"176597.86";"50.89260149663702";"5.659653752269222";"0";"BASIC";"Geen";"";"+32 89 72 24 67";"";"";"toerisme@lanaken.be";"www.toerismelanaken.be";"";"";"";"";"Lanaken ligt in het zuiden van het Maasland op amper 5 km. de stad Maastricht.
De ongerepte beekvalleien en uitgestrekte natuurgebieden maken van Lanaken een toeristische pleisterplaats bij uitstek. Het landschap wordt doorkruist door vele wandel- en fietspaden. 
De Maas verkennen kan per kajak of rondvaartboot.
Verblijfsrecreanten kunnen kiezen uit kwalitatief hoogstaande hotelaccommodatie, bungalowparken, campings, vakantieboerderijen of -woning, gastenverblijf of de bed & breakfast 
Laat je gerust verwennen in de talrijke toprestaurants, de gezellige eethuisjes of sfeervolle brasseries. Aan cultuurhistorische mogelijkheden geen gebrek. Breng eens een bezoek aan het mooiste dorpje van Vlaanderen n.l. het stadje Oud-Rekem met tal van bezienswaardigheden zoals het Kasteel, de kunst- en museumkerk, de Uickhoverpoort enz. Ook het kasteelpark Pietersheim met kinderboerderij en de 12de eeuwse Waterburcht zijn beslist een aanrader.";"http://toevla.vlaanderen.be/publiek/nl/register/detail/1468";"";"";"";"";"";"";"";"";"";"";"";"";"";"";"";"";"";"";"";"";"";"";"";"";"";""
"223595";"SERVICE";"TOURIST_INFORMATION_CENTRE";"2025-06-28 20:28:05";"0";"Toerisme Maldegem";"Marktstraat";"7";"";"9990";"Maldegem";"Maldegem";"";"meetjesland";"85476.08";"211406.07";"51.20899596627225";"3.445474057061507";"0";"COMFORT";"01/01, 01/05, 11/07, 21/07, 15/08, 01/11, 02/11, 11/11, 24/12, 25/12, 26/12, 31/12";"";"+32 50 72 89 30";"";"";"toerisme@maldegem.be";"http://www.maldegem.be";"";"";"";"";"";"";"Welkom in het bruisende Maldegem! Gekend voor zijn wijd aanbod aan toeristische trekpleisters en prachtige landschappen. Surf voor meer info naar www.maldegem.be/toerisme en kom alles te weten over fiets-, wandel- en mountainbikeroutes maar ook over de Maldegemse logies om uw vakantie in het 3-Vlaanderenpunt onvergetelijk te maken.";"";"Het gebouw is vlot toegankelijk en werd beloond met het A+-label. Er is voldoende circulatieruimte. De balie heeft een verlaagd en onderrijdbaar deel.";"";"";"1";"De folders en brochures zijn goed bereikbaar.";"Het toilet heeft voldoende opstelruimte en beugels. De ruimte naast de deurklink is aan de binnenzijde wat nipt.";"0";"";"1";"0";"1";"0";"1";"0";"";"";"Er is een verplaatsbare ringleiding aanwezig.";"";"";"";"Alle folders zijn digitaal beschikbaar en kunnen in elke gewenste lettergrootte worden afgedrukt.";"";"";""
"218966";"SERVICE";"TOURIST_INFORMATION_CENTRE";"2025-03-07 01:18:43";"0";"Toerisme Malle";"Antwerpsesteenweg";"246";"";"2390";"Malle";"Malle";"";"antwerpseKempen";"172641.56";"220872.11";"51.29722419593187";"4.693370893264002";"0";"BASIC";"";"";"+32 3 310 05 14";"";"";"toerisme@malle.be";"http://www.toerisme-malle.be";"";"";"";"";"Malle, waar rust en bedrijvigheid samengaan. Malle is bekend voor de verwoestende tornado in 1967 en de zalige Westmalle Dubbel en Tripel.";"http://toevla.vlaanderen.be/publiek/nl/register/detail/1052";"In het toerismekantoor kan je terecht voor (gratis) uitgestippelde wandelingen, fietstochten en leuke activiteiten. Je kan er ook groepsbezoeken reserveren zoals een gegidste wandeling rond de trappistenabdij, een huifkartocht of een bezoek aan een blauwe bessenteler en microbrouwerij.";"";"Een helling loopt tot vlak voor de deur, maar omdat het een automatische schuifdeur is raak je vlot binnen. Het kantoor is goed toegankelijk. Er is een verlaagde en onderrijdbare balie met een breedte van 84 cm.";"";"";"1";"De meeste folders en brochures zijn goed bereikbaar. De tentoongestelde objecten zijn goed zichtbaar.";"Er is een aangepast toilet in het gemeentehuis, maar dat is te klein voor gebruik door de meeste rolstoelgebruikers. Er zijn wel beugels aanwezig. De wastafel is beperkt onderrijdbaar.";"0";"";"0";"0";"1";"0";"0";"0";"";"";"";"";"";"";"";"";"";""
"221799";"SERVICE";"TOURIST_INFORMATION_CENTRE";"2019-06-06 11:58:41";"1";"Toerisme Menen";"Rijselstraat";"77";"";"8930";"Menen";"Menen";"";"leieStreek";"62171.4";"165421.88";"50.79263955468581";"3.123078873004313";"0";"BASIC";"";"";"+32 56 53 23 63";"";"";"toerisme@menen.be";"www.menen.be/toerisme";"";"";"";"";"";"http://toevla.vlaanderen.be/publiek/nl/register/detail/1235";"";"";"";"";"";"";"";"";"";"";"";"";"";"";"";"";"";"";"";"";"";"";"";"";"";""
"227452";"SERVICE";"TOURIST_INFORMATION_CENTRE";"2025-07-03 11:17:04";"0";"Toerisme Oostende vzw";"Monacoplein";"2";"";"8400";"Oostende";"Oostende";"";"kust";"48422.68242859357";"214433.868468388";"51.231418";"2.913219";"0";"BASIC";"01/01, 25/12";"";"059 701199";"";"";"info@visitoostende.be";"http://www.visitoostende.be";"";"";"";"";"De onthaalbalie van Toerisme Oostende werd ingericht als een heuse vrijetijdswinkel waar u terecht kunt voor allerlei vragen en tickets omtrent toerisme, cultuur en sport.
Open 7 dagen op 7 van 10 tot 18 uur doorlopend en vanaf de laatste zaterdag van juni tot en met de eerste zondag van september: 7 dagen op 7 van 9 tot 19 uur doorlopend.";"";"De onthaalbalie van Toerisme Oostende werd ingericht als een heuse vrijetijdswinkel waar u terecht kunt voor allerlei vragen en tickets omtrent toerisme, cultuur en sport.";"";"Misschien heb je een duwtje nodig aan de afgeschuinde drempel van de inkomdeur. Het kantoor is goed toegankelijk. Er is een verlaagde en onderrijdbare balie aan de rechterzijde, aangeduid met een pictogram, al is de diepte beperkt.";"";"";"0";"De meeste folders en brochures zijn goed bereikbaar en er is een iPad beschikbaar aan de verlaagde balie.";"";"0";"";"0";"0";"1";"0";"1";"0";"";"";"";"";"";"";"Op het meubel voor de computers, waar je informatie kan opzoeken, zijn er QR-codes aangebracht. Zo kan je op je eigen smartphone met voice over of vergroting alle info raadplegen.";"";"";""
"224645";"SERVICE";"TOURIST_INFORMATION_CENTRE";"2025-03-06 14:42:10";"0";"Toerisme Poperinge";"Grote Markt";"1";"";"8970";"Poperinge";"Poperinge";"";"westhoek";"34468.94";"172945.95";"50.85542740609556";"2.727927699872864";"0";"COMFORT";"";"";"+3257346676";"";"";"toerisme@poperinge.be";"http://www.toerismepoperinge.be";"";"";"";"";"Poperinge is een bruisende stad in de Westhoek. Poperinge is vooral bekend om zijn hopteelt en monumenten die herinneren aan de Eerste Wereldoorlog. Het toeristisch infokantoor is gelegen aan de Grote Markt in het centrum van de stad.";"http://toevla.vlaanderen.be/publiek/nl/register/detail/788";"";"";"Er is een drempelloze toegang via een helling naar de ingang van het stadhuis. Binnen is er een versmalling van 90 cm breed. Verder is het infokantoor vlot toegankelijk. Er is een verlaagde en beperkt onderrijdbare balie.";"";"";"0";"De folders en brochures zijn goed bereikbaar.";"";"0";"";"0";"0";"1";"0";"0";"0";"";"";"";"";"";"";"";"";"";""
"229346";"SERVICE";"TOURIST_INFORMATION_CENTRE";"2025-03-06 15:24:01";"0";"Toerisme Riemst";"Tongersesteenweg";"8";"";"3770";"Riemst";"Riemst";"";"haspengouw";"236304.89";"167479.61";"50.81133560004432";"5.593320871194018";"0";"BASIC";"25/12 - 01/01";"";"+32 12 44 03 70";"";"";"toerisme@riemst.be";"http://www.riemst.be";"";"";"";"";"Ons kantoor heeft een zeer uitgebreid documentatiecentrum met informatie van iedere gemeente/stad in Limburg, info over de Kuststeden, de provincies van Wallonië, evenementen van heel Vlaanderen, een streekproductenwinkel. Onze baliemedewerker staat u tijdens de openingsuren graag te woord!";"http://toevla.vlaanderen.be/publiek/nl/register/detail/819";"";"";"Voor het bedienen van de plateaulift naar de ingang kan je hulp nodig hebben. De toegangsdeur is 84 cm breed. Er is een verlaagde en onderrijdbare balie met een diepte van 43 cm. Er is overal voldoende circulatieruimte.";"";"";"0";"De folders en brochures zijn goed bereikbaar.";"Ook het toilet is goed toegankelijk.";"0";"";"0";"0";"1";"0";"0";"0";"";"";"";"";"";"";"";"";"";""
"225500";"SERVICE";"TOURIST_INFORMATION_CENTRE";"2025-07-06 22:52:43";"0";"Toerisme Ronse - Hoge Mote belevingscentrum";"De Biesestraat ";"2";"";"9600";"Ronse";"Ronse";"";"vlaamseArdennen";"96004.73365859775";"160053.3215741804";"50.749041";"3.602396";"0";"BASIC";"Geen";"";"+32 55 23 28 16";"";"";"toerisme@ronse.be";"https://www.visitronse.be";"";"";"";"";"Bij toerisme Ronse kan je terecht voor toeristische informatie over Ronse, diverse publicaties van de Vlaamse Ardennen en Oost-Vlaanderen";"";"Het grensverleggende belevingscentrum Hoge Mote is de thuishaven van Visit Ronse en de perfecte start voor een stadswandeling of regioverkenning. Via interactieve panelen, luisterverhalen, filmpjes en virtual reality ontdekken bezoekers meer over Sint-Hermes, de stadsontwikkeling en het textielverleden. De erfgoedparel beschikt over het A-kwaliteitslabel van Toerisme Vlaanderen voor toegankelijk toerisme.";"";"Het toegangspad bestaat uit vrij vlakke, goed opgevoegde kasseien. De ingang is vlot toegankelijk. Er is een verlaagde en onderrijdbare balie. ";"Er is overal veel ruimte. Een goede lift brengt je naar de verschillende niveaus, waaronder het panoramaterras op de tweede verdieping. ";"";"0";"";"Er is een ruim toegankelijk toilet met beugels en een onderrijdbare wastafel.";"0";"";"0";"0";"1";"0";"1";"0";"";"";"";"";"";"";"De audioverhalen zijn ook uitgeschreven beschikbaar in grootletterschrift .";"";"";""
"219113";"SERVICE";"TOURIST_INFORMATION_CENTRE";"2025-03-06 23:33:15";"0";"Toerisme Sint-Katelijne-Waver";"Lemanstraat";"63";"";"2860";"Sint-Katelijne-Waver";"Sint-Katelijne-Waver";"";"antwerpseKempen";"161722.42";"195287.43";"51.06759043380783";"4.536000066221814";"0";"COMFORT";"01/01 - 30/06 en 01/10 - 31/12: gesloten op zaterdagen.
01/01 - 30/04 en 01/11 - 31 12: gesloten op zaterdagen en feestdagen.";"";"+32 15 30 50 00";"";"";"Vrije.tijd@skw.be";"www.skw.be";"";"";"";"";"De dienst Toerisme is gelegen in het Gemeentehuis van Sint-Katelijne-Waver. Hier vindt u alle informatie over wandelen, fietsen, evenementen en bezienswaardigheden in de omgeving.";"http://toevla.vlaanderen.be/publiek/nl/register/detail/4990";"Het infokantoor bevindt zich in het gemeentehuis van Sint-Katelijne-Waver.";"";"Er lopen geleidelijnen naar de ingang en de balie. Ook voor rolstoelgebruikers is die perfect toegankelijk. De balie is onderrijdbaar.";"De doorgangen zijn voldoende breed, maar om naar het toilet te gaan moet je langs 2 deuren van 83 en 77 cm breed.";"";"0";"De ruimte is voldoende groot. De meeste folders zijn bereikbaar vanuit de rolstoel. De tafel in het kantoor is onderrijdbaar.";"De toiletdeur is 82 cm breed. Verder is het toilet goed aangepast, met voldoende ruimte en 1 beugel. De wastafel in het sas is beter bruikbaar dan die in het toilet zelf.";"0";"";"0";"0";"1";"0";"0";"0";"";"";"";"";"";"";"";"";"";""
"224102";"SERVICE";"TOURIST_INFORMATION_CENTRE";"2025-06-28 20:28:08";"0";"Toerisme Sint-Niklaas";"Grote Markt";"1";"";"9100";"Sint-Niklaas";"Sint-Niklaas";"";"waasland";"133976.8834342525";"206155.3567629345";"51.165197";"4.139692";"0";"COMFORT";"15/09 - 15/05: we";"";"+3237783500";"";"";"toerisme@sint-niklaas.be";"https://www.ontdeksintniklaas.be";"";"";"";"";"Toerisme Sint-Niklaas is gevestigd in hetzelfde gebouw als Toerisme Waasland. Samen treden zij naar buiten via de interactieve werking van Info.waasland.";"";"Bij Toerisme Sint-Niklaas krijg je niet alleen boeiende informatie over wat er te beleven valt in Sint-Niklaas en omstreken, maar ook zinnenprikkelende ervaringen die je pas écht goesting doen krijgen om onze fantastische stad te komen ontdekken.
Neem een kijkje in onze datatafel met sneakpeaks van de mooiste plekken in Sint-Niklaas. Laat heerlijke chocoladegeuren je verleiden om op ontdekking te gaan bij de lokale chocolatiers of bewonder alvast de miniatuur art deco-gevels vooraleer je er op uit trekt om het echte werk te gaan aanschouwen.
De allerkleinsten kunnen zich laten meenemen in het Reynaertverhaal door voorgelezen fragmenten te beluisteren. Ze kunnen bladeren door het boek van de Sint of zich heel even een ballonvaarder wanen als ze de balloncarrousel in gang zetten.";"";"Het infopunt bevindt zich in de rechtervleugel van het stadhuis op de Grote Markt. Er is voldoende parkeergelegenheid met aangepaste voorbehouden parkeerplaatsen op de Grote Markt. De paden rond het gebouw zijn voldoende breed en drempelloos. Je betreedt het gebouw via automatische schuifdeuren.";"Het infokantoor is één grote ruimte op het gelijkvloers. De doorgangen zijn overal voldoende breed. De balie is steeds bemand. Het personeel kan hulp bieden indien nodig.";"";"0";"";"Het aangepast sanitair op verdieping +2 is vlot bereikbaar met een goed uitgeruste lift. Het sanitair is ruim, voorzien van opklapbare steunbeugels en een onderrijdbare wastafel. Enkel het toiletpapier is wat te ver voor de toiletpot geplaatst.";"0";"";"0";"0";"1";"0";"0";"0";"";"";"";"";"";"";"";"";"";""
"226556";"SERVICE";"TOURIST_INFORMATION_CENTRE";"2025-03-06 20:52:01";"0";"Toerisme Temse";"Markt";"1";"";"9140";"Temse";"Temse";"";"waasland";"139164.85";"201630.68";"51.12462769947428";"4.214010808043882";"0";"BASIC";"01/01 - 31/07, 15/09 - 31/12: za + zo";"";"+32 3 710 12 00";"";"";"toerisme@temse.be";"http://www.temse.be";"";"";"";"";"Het toeristisch INFO-kantoor van Temse is gevestigd in het gerestaureerde gemeentehuis op de Markt.";"http://toevla.vlaanderen.be/publiek/nl/register/detail/665";"Het toeristisch infokantoor van Temse is gevestigd in het gerestaureerde gemeentehuis op de Markt.";"";"Het toegangspad ligt licht dwars hellend. Je hebt hulp nodig om het tweede deurdeel te openen. Via een bel kan je de hulp van het personeel inroepen. Er is een verlaagde en beperkt onderrijdbare balie.";"Op de route naar het toilet heb je misschien wat hulp nodig aan de deuren.";"";"0";"De meeste folders en brochures zijn goed bereikbaar, maar de onderste en bovenste rij kan je vanuit de rolstoel moeilijk of niet bereiken. ";"Er is een goed toegankelijk toilet op de eerste verdieping. Je bereikt het via een goede lift, waarvan de knoppen wel wat dicht in de hoek staan.";"0";"";"0";"0";"1";"0";"0";"0";"";"";"";"";"";"";"";"";"";""
"405057";"SERVICE";"TOURIST_INFORMATION_CENTRE";"2025-03-06 11:32:54";"0";"Toerisme Wervik";"KOESTRAAT";"63";"";"8940";"Wervik";"Wervik";"";"leieStreek";"55840.88972937592";"163645.1608312214";"50.77569";"3.033698";"0";"BASIC";"";"";"0032 56 95 24 25";"";"";"toerisme@wervik.be";"";"";"";"";"";"";"";"Het infokantoor, dat onderdeel is van het Nationaal Tabaksmuseum, werd vernieuwd in 2023.";"";"Het toegangspad van de openbare weg naar het infokantoor is uitgevoerd in klinkers en tegels. Op dit pad is echter ook een smalle strook met kasseien dat ook nog eens licht hellend is aangelegd. De inkom verloopt via 2 automatische deuren. Ter hoogte van de 1ste inkomdeur wordt de drempel afgeschuind, zodat het voor een rolstoelgebruiker vlotter betreedbaar is.";"Het infokantoor heeft overal voldoende doorgangsbreedte en circulatieruimte.";"";"";"De folders en brochures zijn op een goed bereikbare hoogte geplaatst. Er is een digitaal scherm in het inkomsas op goede hoogte, maar het meubel is niet onderrijdbaar. De expositieruimte bij het onthaal is vlot toegankelijk. Er is voldoende doorgangsbreedte en circulatieruimte.";"Het sanitair blok aan de balie heeft een aangepast toilet, maar het is niet comfortabel bruikbaar door de kleine ruimte en een minder goede opstelling van de sanitaire toestellen.";"";"";"";"";"1";"";"";"";"";"";"";"";"";"";"";"";"";""
"212707";"SERVICE";"TOURIST_INFORMATION_CENTRE";"2025-03-07 01:27:14";"0";"Toerisme Wuustwezel";"Dorpsstraat";"36";"";"2990";"Wuustwezel";"Wuustwezel";"";"antwerpseKempen";"165753.94";"230939.27";"51.38793468335559";"4.595071569148041";"0";"COMFORT";"Geen";"";"+32 3 690 46 43";"";"";"toerisme@wuustwezel.be";"https://wuustwezel.be/toerisme-wuustwezel";"";"";"";"";"Als 'Poort naar het platteland' proberen wij bezoekers op weg te zetten om onze mooie landelijke gemeente te verkennen";"https://toevla.vlaanderen.be/publiek/nl/register/detail/6154";"Als 'Poort naar het platteland' proberen wij bezoekers op weg te zetten om onze mooie landelijke gemeente te verkennen.";"";"Er zijn twee aangepaste parkeerplaatsen. Het toegangspad en de ingang zijn vlot toegankelijk. De balie is onderrijdbaar.";"";"";"0";"Er is voldoende ruimte. De meeste folders en belevingselementen zijn goed bereikbaar.";"Er is een goed toegankelijk toilet met voldoende ruimte en beugels. De wastafel is onderrijdbaar, maar staat dicht bij de hoek.";"0";"";"0";"0";"1";"0";"0";"0";"";"";"";"";"";"";"";"";"";""
"219686";"SERVICE";"TOURIST_INFORMATION_CENTRE";"2025-03-06 23:24:19";"0";"Toerisme Zonnebeke";"Berten Pilstraat ";"5";"a";"8980";"Zonnebeke";"Zonnebeke";"";"westhoek";"52840.54191555076";"174153.5269206651";"50.870175";"2.987173";"0";"BASIC";"01/01 - 31/01, 01/12 - 31/12";"";"+32 51 77 04 41";"";"";"toerisme@zonnebeke.be";"www.toerismezonnebeke.be";"";"";"";"";"Het toeristisch infokantoor van Zonnebeke is gelegen in het Kasteelpark en bevindt zich in hetzelfde gebouw als het Passchendaele Museum.";"http://toevla.vlaanderen.be/publiek/nl/register/detail/4619";"Het toeristisch infokantoor van Zonnebeke is bereikbaar via een rolstoelvriendelijk pad vanuit de Berten Pilstraat, langs de bibliotheek. Als instappunt, maak je er kennis met wat Zonnebeke je te bieden heeft. Het prachtige Kasteeldomein is alvast een goede start met haar verharde paden, prachtige natuur en het Passchendaele Museum.";"";"Van aan de bibliotheek De Letterschuur tot aan het toeristisch infokantoor loopt er een rolstoelvriendelijk pad. De trappen aan de ingang vermijd je door de glazen liftkoker aan de zijkant van het gebouw te gebruiken. Via een bel roep je een personeelslid op om je te begeleiden. De balie heeft een verlaagd en beperkt onderrijdbaar deel.";"Hier en daar is aan de deuren de opstel- en circulatieruimte beperkt en kan je hulp nodig hebben. De lift is 120 cm breed en 132 cm diep.";"";"0";"De meeste folders en brochures zijn bereikbaar vanuit de rolstoel, maar voor de bovenste rijen heb je hulp nodig. De circulatieruimte is hier en daar nipt.";"De deur naar het toilet in het hoofdgebouw is 78 cm breed. Enkel het damestoilet is aangepast. Het toilet heeft voldoende opstelruimte en beugels. De wastafel is beperkt onderrijdbaar.";"0";"";"0";"0";"1";"0";"0";"0";"";"";"";"";"";"";"";"";"";""
"240695";"SERVICE";"TOURIST_INFORMATION_CENTRE";"2025-06-28 20:28:12";"0";"Toeristisch infopunt Vilvoorde";"Lange Molensstraat";"44";"";"1800";"Vilvoorde";"Vilvoorde";"";"groeneGordel";"153797.75";"179730.63";"50.92786024363423";"4.422782981243768";"0";"BASIC";"-";"-";"+32 2 255 79 77";"";"";"toerisme@vilvoorde.be";"www.vilvoorde.be/toerisme";"";"";"";"";"Ontdek de boeiende geschiedenis en het grote toeristisch en vrijetijdsaanbod van Vilvoorde, mediastad aan het water!";"";"De doorgangen zijn voldoende breed. Aan sommige deuren ontbreekt de opstelruimte naast de klink.";"";"De helling naar de ingang is vrij steil, maar binnen is alles vlot toegankelijk. De toegangsdeur tot het administratief centrum is een automatische, voldoende brede carrouseldeur met vertrager/oproepknop. De middenpanelen in de carrousel kunnen open indien gewenst. Er is een onderrijdbare balie aanwezig. ";"De doorgangen zijn voldoende breed. Aan sommige deuren is de opstelruimte nipt naast de klink.";"";"0";"De meeste folders zijn bereikbaar vanuit de rolstoel, maar voor de hoogste en laagste rijen kan je hulp nodig hebben.";"";"0";"";"0";"0";"1";"0";"0";"0";"";"";"";"";"";"";"";"";"";""
"390909";"SERVICE";"TOURIST_INFORMATION_CENTRE";"2025-03-06 14:59:46";"0";"Toeristisch onthaalcentrum Bilzen (Alden Biesen)";"KASTEELSTRAAT";"6";"";"3740";"Bilzen";"Bilzen-Hoeselt";"";"haspengouw";"231287.1412930515";"170713.8002178855";"50.8416938782";"5.5215873718";"";"COMFORT";"";"";"+3289397430";"";"";"toerisme@bilzen.be";"https://www.visitbilzen.be";"";"";"";"";"";"";"Het onthaalcentrum is het vertrekpunt voor verschillende toeristische activiteiten. Je kan een fiets huren of een golfkarretje om het domein te verkennen. Je kan er ook voor kiezen om een audiotour te volgen en het mysterie van Alden Biesen op te lossen. ";"";"Het voetpad tot aan de toegang van het domein loopt glooiend omwille van het omgevingskarakter van Alden Biesen. Er is een voorrijdmogelijkheid aan de toegang tot het domein. Je komt drempelloos binnen langs een glazen schuifdeur. De balie is onderrijdbaar.";"";"";"0";"Binnen is overal voldoende circulatieruimte. De folders en brochures zijn goed bereikbaar en de infoteksten zijn goed leesbaar. De ingewerkte infoschermen zijn onderrijdbaar.";"";"0";"";"0";"0";"0";"0";"0";"0";"";"";"";"";"";"";"";"";"";""
"212401";"SERVICE";"TOURIST_INFORMATION_CENTRE";"2025-02-22 16:09:48";"0";"Toeristisch regionaal infokantoor - Streekshop";"Grote Markt ";"4";"";"3300";"Tienen";"Tienen";"";"hageland";"190133.9279008597";"166499.9636415746";"50.80811";"4.936877";"0";"BASIC";"01/01 - 31/12: ma gesloten; 01/01, 02/01, 24/12 - 26/12, 31/12";"";"+32 16 24 76 04";"";"";"toerisme@tienen.be";"http://www.toerisme.tienen.be";"";"";"";"";"Het nieuwe infokantoor bevindt zich voortaan in de glazen uitbouw van het Suikermuseum. Hier kunnen bezoekers in alle rust en ruimte info oppikken of inkijken. Naast informatie en documentatie over het Hageland, Vlaanderen en Wallonië, kan je er ook terecht voor fiets-, wandel- en autoroutes. In de Streekshop vind je streekproducten en museumartikelen.";"http://toevla.vlaanderen.be/publiek/nl/register/detail/1502";"Het infokantoor bevindt zich op de vernieuwde Grote Markt van Tienen. Naast informatie en documentatie over het Hageland, Vlaanderen en Wallonië, kan je er ook terecht voor fiets- en wandelroutes en voor alle informatie over Tienen zelf. In het Infokantoor is ook de Streekshop ondergebracht. Je vindt er een ruim aanbod aan streekproducten. Hiermee kan je ook een geschenkmandje samenstellen, een origineel en zeer gewaardeerd geschenk!";"";"De ingang en het kantoor zijn goed toegankelijk. Er is een verlaagde en onderrijdbare balie, al is de diepte zeer beperkt en bereik je de balie enkel langs een hellend vlak (naast een trapje).";"";"";"0";"De meeste folders en brochures zijn goed bereikbaar, de bovenste rijen soms wat moeilijker.";"In het aangepast toilet is de ruimte erg krap. Je kan wel een zijwaartse transfer maken en er zijn beugels. De wastafel is niet onderrijdbaar.";"0";"";"0";"0";"1";"0";"0";"0";"";"";"";"";"";"";"";"";"";""
"226625";"SERVICE";"TOURIST_INFORMATION_CENTRE";"2016-02-11 07:57:47";"1";"UiT in Genk";"Europalaan";"34";"";"3600";"Genk";"Genk";"";"limburgseKempen";"";"";"";"";"0";"COMFORT";"Geen";"";"+32 89 65 44 80";"";"";"uitingenk@genk.be";"www.uitingenk.be";"";"";"";"";"Bij de infobalie van 'UiT in Genk' kunnen toeristen en inwoners van Genk terecht voor culturele en toeristische informatie, tickets voor evenementen en reserveringen voor concerten. Dit is de frontoffice van Toerisme Genk.";"http://toevla.vlaanderen.be/publiek/nl/register/detail/1514";"";"";"De ingang en het kantoor zelf zijn vlot toegankelijk. Er is een verlaagde en onderrijdbare balie.";"";"";"";"De folders en brochures zijn goed bereikbaar en er is een aparte computer die je vanuit de rolstoel goed kunt bedienen. De ruimte tussen 2 folderkasten is beperkt, maar je kunt voor en na de rekken wel draaien met de rolstoel.";"";"";"";"";"";"";"";"";"";"";"";"";"";"";"";"";"";"";""
"225871";"SERVICE";"TOURIST_INFORMATION_CENTRE";"2025-04-17 08:46:07";"0";"Visit Aalst";"Hopmarkt";"51";"";"9300";"Aalst";"Aalst";"";"scheldeland";"126692.14";"180859.06";"50.93755253982056";"4.037181746306134";"0";"COMFORT";"";"";"053 72 38 80";"";"";"info@visit-aalst.be";"http://www.visit-aalst.be";"www.facebook.com/visitaalst";"";"";"https://www.instagram.com/visitaalst";"Ons infokantoor is ook toegankelijk voor mindervaliden, met free wifizone.";"http://toevla.vlaanderen.be/publiek/nl/register/detail/4982";"Het infokantoor van Visit Aalst is de ideale start voor een dag (of meerdere dagen) Aalst. De onthaalmedewerkers helpen je met plezier bij het uitstippelen van je verblijf. De 360°-film biedt je een korte introductie van wat er in Aalst te beleven valt.";"";"Het toegangspad en de ingang zijn vlot toegankelijk. De balie heeft een verlaagd en onderrijdbaar deel.";"De helling binnen is steil, maar je kan ook de plateaulift gebruiken. De doorgangen zijn voldoende breed.";"";"0";"De folders zijn goed bereikbaar.";"Het aangepast toilet biedt voldoende opstelruimte en is voorzien van beugels.";"0";"";"0";"0";"1";"0";"0";"0";"";"";"";"";"";"";"";"";"";""
"210253";"SERVICE";"TOURIST_INFORMATION_CENTRE";"2025-06-28 20:31:06";"0";"Visit Antwerpen";"Steenplein";"1";"";"2000";"Antwerpen";"Antwerpen";"";"kunststadAntwerpen";"152199.64";"212408.59";"51.2215979796589";"4.40025768154133";"0";"COMFORT";"01/01, 25/12";"";"+32 3 221 13 33";"";"";"info@visitantwerpen.be";"https://www.visitantwerpen.be";"";"";"";"";"Antwerpen - Scheldestad, Rubensstad, diamantstad, modestad, havenstad,... Haar vele facetten maken van Antwerpen een stad zoals die hoort te zijn: een bruisende, gastvrije metropool die ook gezellig en hartverwarmend is met verkwikkend groen en rustgevende hoekjes. Het is een cultuurstad bij uitstek die trots is op haar indrukwekkende architectuur en prachtige kunstwerken. Met winkels van haar eigen wereldwijd gerenommeerde ontwerpers is Antwerpen bovendien een waar shoppingparadijs. In de cafés worden de beste bieren geschonken en in de vele restaurants kunnen foodies genieten van de heerlijkste traditionele en multiculturele gerechten. Antwerpen is een wereldstad in zakformaat die in geen tijd ieders hart verovert!
Visit Antwerpen verhuisde in 2022 naar een nieuwe locatie op het Steenplein. De toegankelijkheidsscreening van deze locatie heeft nog niet plaatsgevonden, meer informatie hieromtrent zal in de loop van 2022 terug te vinden zijn op toevla.vlaanderen.be.";"";"Bezoekerscentrum Het Steen is toegankelijk voor rolstoelgebruikers, met uitzondering van het hoogste punt van het panoramisch dakterras en de kapel op de eerste verdieping.";"";"";"";"";"0";"";"Er is aangepast sanitair op de eerste verdieping, dat bereikbaar is met de lift. Hulp nodig bij het nemen van de lift? Spreek gerust één van de medewerkers aan.";"0";"";"1";"0";"1";"0";"0";"0";"";"";"Voor personen met een auditieve beperking zijn er informatieve zaalteksten aanwezig.";"";"";"";"";"";"";""
"383953";"SERVICE";"TOURIST_INFORMATION_CENTRE";"2025-03-07 00:12:06";"0";"Visit Antwerpen - Centraal Station";"KONINGIN ASTRIDPLEIN";"";"";"2018";"Antwerpen";"Antwerpen";"";"kunststadAntwerpen";"153791.9313368373";"211575.5879700193";"51.214656";"4.421752";"";"COMFORT";"";"";"+32 3 221 13 33";"";"";"info@visitantwerpen.be";"https://www.visitantwerpen.be";"";"";"";"";"Antwerpen - Scheldestad, Rubensstad, diamantstad, modestad, havenstad,... Haar vele facetten maken van Antwerpen een stad zoals die hoort te zijn: een bruisende, gastvrije metropool die ook gezellig en hartverwarmend is met verkwikkend groen en rustgevende hoekjes. Het is een cultuurstad bij uitstek die trots is op haar indrukwekkende architectuur en prachtige kunstwerken. Met winkels van haar eigen wereldwijd gerenommeerde ontwerpers is Antwerpen bovendien een waar shoppingparadijs. In de cafés worden de beste bieren geschonken en in de vele restaurants kunnen foodies genieten van de heerlijkste traditionele en multiculturele gerechten. Antwerpen is een wereldstad in zakformaat die in geen tijd ieders hart verovert!

Antwerpen Toerisme & Congres wil u graag helpen de stad te veroveren.U vindt onze infobalies in het centrum, Grote Markt 13 en  in het Centraal station, Koningin Astridplein (niveau 0, dichtbij de roltrappen).";"https://toevla.vlaanderen.be/publiek/nl/register/detail/4538";"";"";"De ingang is vlot bereikbaar en goed toegankelijk. De balie heeft een verlaagd en onderrijdbaar deel.";"";"";"0";"De meeste folders en producten zijn goed bereikbaar en zichtbaar.";"";"0";"";"0";"0";"1";"0";"0";"0";"";"";"";"";"";"";"";"";"";""
"211306";"SERVICE";"TOURIST_INFORMATION_CENTRE";"2025-06-25 07:26:04";"0";"Visit Bruges - infokantoor Markt (Historium)";"Markt";"1";"";"8000";"Brugge";"Brugge";"";"kunststadBrugge";"70079.03";"211646.43";"51.20923241852607";"3.225129663807994";"0";"COMFORT";"Geen sluitingsperiode (open: 10:00 - 17:00).";"";"+32 50 44 46 46";"";"";"toerisme@brugge.be";"http://www.visitbruges.be";"";"";"";"";"Op het gelijkvloers van het Historium wordt een toeristisch onthaalpunt bemand door Toerisme Brugge. Hierdoor kunnen bezoekers voortaan ook hier terecht met hun vragen over Brugge en dit zeven dagen op zeven.
De overige twee onthaalpunten zijn:
In&Uit Brugge op 't Zand (Concertgebouw) en de 
Infobalie aan het Stationsplein (station).";"";"Op de hoek van de Markt met de Philipstockstraat ligt het Historium Brugge. In dit gebouw dat je meeneemt naar de Brugse Gouden Eeuw bevindt zich ook een balie voor toeristisch onthaal.";"";"Misschien heb je een duwtje nodig op de kasseien van de Grote Markt. Je raakt binnen via een alternatieve ingang met lift. Er is voldoende circulatieruimte en er is een verlaagd en onderrijdbaar deel aan de balie.";"";"";"0";"";"Er is een toegankelijk toilet op -1. Het toilet heeft voldoende opstelruimte en beugels.";"0";"";"0";"0";"1";"0";"0";"0";"";"";"";"";"";"";"";"";"";""
"210138";"SERVICE";"TOURIST_INFORMATION_CENTRE";"2025-06-28 20:31:04";"0";"Visit Bruges - infokantoor Station";"Stationsplein";"zn";"";"8000";"Brugge";"Brugge";"";"kunststadBrugge";"69640.472392376";"210306.04447034";"51.1976659";"3.2178509";"0";"COMFORT";"01/01, 25/12";"";"+32 50 44 46 46";"";"";"visitbruges@brugge.be";"www.visitbruges.be";"";"";"";"";"Een eerste aanspreekpunt wanneer de toerist de stad binnenkomt is belangrijk. Het eerste fysieke contact heeft hier plaats, in het station. Dit kantoor moet ervoor zorgen dat de toerist zich welkom voelt. Die eerste indruk kun je maar één keer maken.
Open: Ma-Vr: 10.00 -17.00u; Za-Zo: 10.00-14.00u; gesloten op Kerstdag en Nieuwjaar.";"";"";"";"Het Stationsplein is drempelloos, maar de ondergrond in vlakke kasseien is niet overal in goede staat. Het infokantoor bevindt zich in de gang naar de perrons. De toegang is voldoende breed en gebeurt via een automatische deur. Aan de balie is een verlaagd en onderrijdbaar gedeelte voorzien.";"";"";"";"De folders zijn voor iedereen goed bereikbaar.";"";"";"";"";"";"1";"";"";"";"";"";"";"";"";"";"";"";"";""
"390911";"SERVICE";"TOURIST_INFORMATION_CENTRE";"2025-06-28 20:31:02";"0";"Visit Bruges - Infokantoor 't Zand";"'T ZAND";"34";"";"8000";"Brugge";"Brugge";"";"kunststadBrugge";"69690.33834491219";"211034.1043574102";"51.204216";"3.218403";"";"BASIC";"";"";"+3250444646";"";"";"visitbruges@brugge.be";"https://www.visitbruges.be";"";"";"";"";"";"";"Er zijn stadsplannen en brochures in braille en grootlettertype ter beschikking.
";"";"De glazen inkomdeuren zijn zwaar om zelfstandig te openen. Verder is het infokantoor vlot toegankelijk. Er is een verlaagde en onderrijdbare balie.";"";"";"";"De meeste folders en brochures zijn goed bereikbaar. De computers en infokiosken kunnen door rolstoelgebruikers bediend worden.";"";"";"";"";"";"";"";"";"";"";"";"";"";"";"";"Er zijn stadsplannen en brochures in braille ter beschikking.
";"";"";""
"218673";"SERVICE";"TOURIST_INFORMATION_CENTRE";"2025-03-06 12:05:44";"0";"Visit De Panne";"Zeelaan";"21";"";"8660";"De Panne";"De Panne";"";"kust";"25276.63";"200009.56";"51.09673311226977";"2.58821239128412";"0";"BASIC";"Geen";"";"+3258421818";"";"";"visit@depanne.be";"https://visit.depanne.be";"";"";"";"";"De Toerismobiel, het mobiele informatiekantoor van Toerisme De Panne, komt deze zomer opnieuw de toerist, tweede-verblijver, streekgenoot en eigen inwoner tegemoet. 

De toerismobiel trekt naar drukke plaatsen in het centrum, of - bij mooi weer - naar de Esplanade. In deze toerismobiel kunt u de vakantiegids, de evenementenkalender met alle info over de evenementen van juni tot september, en diverse andere brochures verkrijgen. Aan de uitschuifbare balie met laptop, telefoon en internetverbinding geven de medewerkers van Toerisme antwoord op alle vragen.";"http://toevla.vlaanderen.be/publiek/nl/register/detail/863";"Vragen over je verblijf? Nood aan specifieke info? Onze medewerkers zijn echte ambassadeurs van De Panne en strooien kwistig met de leukste tips op maat van je vakantie!";"";"Het toegangspad en de ingang zijn vlot toegankelijk. De balie heeft een verlaagd en beperkt onderrijdbaar deel. ";"";"";"0";"De ruimte is hier en daar wat nipt. De meeste folders en brochures zijn goed bereikbaar, op de onderste en bovenste rij na. ";"Je bereikt het toilet via een iets te steile helling. De deur is wat zwaar. In het toilet heb je voldoende ruimte en 1 opklapbare beugel. De wastafel is beperkt onderrijdbaar.";"0";"";"0";"0";"1";"0";"0";"0";"";"";"";"";"";"";"";"";"";""
"218102";"SERVICE";"TOURIST_INFORMATION_CENTRE";"2025-06-28 20:31:09";"0";"Visit Dendermonde";"STADHUIS - GROTE MARKT";"z/n";"";"9200";"Dendermonde";"Dendermonde";"";"scheldeland";"131240.080883078";"191328.982781439";"51.0323791";"4.1000618";"0";"COMFORT";"24/12 - 01/01";"";"+3252213956";"";"";"visit@dendermonde.be";"http://visit.dendermonde.be";"";"";"";"";"Bij de dienst Toerisme van Dendermonde kan je o.a. terecht voor toeristische informatie over heel Vlaanderen , fietsverhuur, dagtrips en rondleidingen, zaalverhuur en tal van gratis evenementen.";"";"Er is een audiogids beschikbaar. Er zijn voldoende kleurcontrasten.";"";"Het toeristisch infokantoor bevindt zich in het historische Stadhuis, en is rechtstreeks drempelloos bereikbaar vanop het voetpadniveau van de Grote Markt. Die bestaat uit vlakke kasseien. Tijdens de openingsuren staat de buitendeur open en is het infokantoor bereikbaar via een brede automatische sasdeur. In het infokantoor is voldoende vrije circulatieruimte. De ontvangstbalie heeft een verlaagd onderrijdbaar gedeelte, net als de andere informatietafel.";"";"";"1";"De folders en brochures zijn goed bereikbaar. Van in het kantoor bereikt men via een licht hellend vlak in een brede doorgang de lakenhalle. Er is voldoende vrije circulatieruimte. De vitrinetafels en de tafel touch-screens zijn allen onderrijdbaar.";"Bij het infokantoor is er geen toilet. Er is een aangepast toilet in het stadhuis, bereikbaar via de lift langs de binnenkoer.";"0";"0";"0";"0";"1";"1";"1";"0";"";"";"";"";"";"";"Er is een audiogids beschikbaar. ";"";"";""
"212368";"SERVICE";"TOURIST_INFORMATION_CENTRE";"2024-04-23 07:50:03";"0";"Visit Diest";"Koning Albertstraat ";"16";"a";"3290";"Diest";"Diest";"";"hageland";"198106.7898939001";"186323.1105496502";"50.985691";"5.052579";"0";"BASIC";"";"";"+3213353274";"";"";"visit@diest.be";"http://www.visitdiest.be";"";"";"";"";"Diest is een aangename en rustige stad in het Hageland die bezoekers kan bekoren met een rijk patrimonium aan historisch erfgoed.";"http://toevla.vlaanderen.be/publiek/nl/register/detail/1603";"";"";"De ingang is bereikbaar via een vrij steil hellend vlak van 108 cm breed. Er is voldoende circulatieruimte. De balie heeft een verlaagd en onderrijdbaar deel.";"";"";"0";"De meeste folders en objecten zijn goed bereikbaar vanuit de rolstoel.";"Er is een aangepast toilet, maar de ruimte is nipt en op de route naar het toilet kan je hulp gebruiken aan de deuren.";"0";"";"0";"0";"1";"0";"0";"0";"";"";"";"";"";"";"";"";"";""
"210810";"SERVICE";"TOURIST_INFORMATION_CENTRE";"2025-06-28 20:32:06";"0";"Visit Gent - Infokantoor Oude Vismijn";"Sint-Veerleplein";"5";"";"9000";"Gent";"Gent";"";"kunststadGent";"104572.83";"194207.5";"51.05622934234626";"3.720863865699932";"0";"COMFORT";"01/01, 25/12";"";"+3292665660";"";"";"visit@stad.gent";"https://visit.gent.be";"";"";"";"";"Infokantoor waar je 7 dagen op 7 terecht kunt voor alle toeristische en culturele informatie van Gent en omgeving. Ons kantoor bevindt zich in de 'Oude Vismijn' en is toegankelijk voor rolstoelgebruikers.

U vindt ook digitale infozuilen op niet minder dan 20 verschillende plaatsen in de binnenstad.

Opgelet: in het weekend en op feestdagen is het kantoor niet bereikbaar via telefoon.";"";"Visuele contrasten zijn grotendeels aanwezig. Op de eerste digitale datatafel vooraan de ruimte kan op verzoek een hoofdtelefoon aangesloten worden met gesproken tekst. Aan de folderwand is een grote leesloupe met verlichting bevestigd die door slechtzienden vrij kan gebruikt worden.";"";"Het infokantoor beschikt over twee ingangen, beide met brede automatische schuifdeuren. De (hoofd)ingang vooraan heeft een drempeltje van 3 à 4 cm. De ingang langs de zijgevel heeft een lagere drempel maar is gesloten tijdens de winterperiode en bij slecht weer. Er is een verlaagde en onderrijdbare balie. ";"";"";"1";"De meeste folders en brochures zijn goed bereikbaar, maar de onderste en bovenste rijen kan je vanuit de rolstoel moeilijk of niet bereiken.";"In de Oude Vismijn vind je ook een toegankelijk toilet.";"0";"";"1";"0";"1";"1";"1";"0";"";"";"Er is een verplaatsbare ringleiding aanwezig.";"";"";"";"Op de eerste digitale datatafel vooraan de ruimte kan op verzoek een hoofdtelefoon aangesloten worden
met gesproken tekst.
";"";"";""
"220635";"SERVICE";"TOURIST_INFORMATION_CENTRE";"2025-06-28 20:32:10";"0";"Visit Hasselt";"MAASTRICHTERSTRAAT";"59";"";"3500";"Hasselt";"Hasselt";"";"haspengouw";"218393.3590575962";"180291.1067229528";"50.929437";"5.340328";"0";"BASIC";"01/11 - 31/03: zo + fe";"";"+3211239540";"";"";"visit@hasselt.be";"www.visithasselt.be ";"";"";"";"";"Het Hasseltse toeristische kantoor heet niet langer 'In&Uit' maar opnieuw Toerisme Hasselt. In het toerismekantoor is ook een Uitpunt waar de Hasselaren en hun bezoekers alle info en documentatie vinden over het cultuur- en vrijetijdsaanbod van Hasselt. De naamsverandering gaat gepaard met de lancering van een nieuwe UitinHasselt-website (www.uitinhasselt.be) met informatie over alle evenementen die in Hasselt georganiseerd worden.";"";"De meeste folders en brochures zijn bereikbaar vanuit de rolstoel, soms heb je wat hulp nodig.";"";"De ingang en het gebouw zelf zijn goed toegankelijk. Er is een verlaagde en beperkt onderrijdbare balie.";"";"";"0";"De meeste folders en brochures zijn bereikbaar vanuit de rolstoel, soms heb je wat hulp nodig. Er is altijd een baliemedewerker aanwezig voor meer info of hulp.";"Het aangepast toilet in het aanpalend pand is bereikbaar via de straat en via de tussendeur aan het infokantoor met een hellend vlak. De deur naar het toilet is 79 cm breed. De wastafel beperkt de opstelruimte voor het toilet, maar verder heb je voldoende ruimte. Beugels zijn voorzien. ";"0";"";"0";"0";"1";"0";"0";"0";"";"";"";"";"";"";"";"";"";""
"382796";"SERVICE";"TOURIST_INFORMATION_CENTRE";"2025-06-28 20:32:02";"0";"Visit Lier";"Grote Markt ";"58";"";"2500";"Lier";"Lier";"";"antwerpseKempen";"164180.3853069775";"202289.5548215779";"51.131029";"4.570056";"";"BASIC";"";"";"+3238000555";"";"";"info@visitlier.be";"https://www.visitlier.be";"";"";"";"";"Visit Lier huist in het historische stadhuis van Lier. ";"";"Visit Lier huist in het historische stadhuis van Lier. ";"Er zijn gidsbeurten mogelijk voor mensen met dementie.";"Het toegangspad bestaat uit vlakke kasseien. Er is een alternatieve drempelloze toegang aan de achterzijde van het stadhuis. Bezoekers dienen zich hier aan te melden. De drukknop is wat moeilijk bereikbaar. Een medewerker begeleidt jou vervolgens met de lift.";"Een goede lift, met aanduidingen in braille, brengt je naar de verschillende niveaus. De doorgangen zijn doorgaans voldoende breed. Op weg naar het sanitair moet je langs een deur van 83 cm breed.";"";"0";"";"Er is een goed aangepast toilet met voldoende ruimte en beugels. De wastafel is onderrijdbaar.";"0";"";"0";"0";"1";"1";"1";"0";"";"";"";"";"";"";"Er zijn brailleknoppen in de lift. Aan de Zimmertoren staat een voelmaquette van de toren. Er zijn gidsbeurten mogelijk voor blinden en slechtzienden. De stadsgidsen passen zich aan aan de doelgroep en werken op maat.";"";"";""
"224742";"SERVICE";"TOURIST_INFORMATION_CENTRE";"2025-03-06 15:23:58";"0";"Visit Maasmechelen";"Zetellaan";"35";"";"3630";"Maasmechelen";"Maasmechelen";"";"maasland";"243675.09";"188707.43";"51.00098347164408";"5.703291134023776";"0";"COMFORT";"01/01, 25/12";"";"+3289769888";"";"";"visit@maasmechelen.be";"www.visitmaasmechelen.com";"";"";"";"";"Het bezoekerscentrum werd naar ecologische normen gebouwd en heeft een thematisch gedeelte. Hierin worden de troeven van het Maasland in de kijker geplaatst. Je kan er terecht voor allerhande informatie over de regio, aankoop van wandel- en fietskaarten en streekproducten.";"http://toevla.vlaanderen.be/publiek/nl/register/detail/907";"Hier vind je allerhande info over Maasmechelen, Maasland en Limburg. In de shop kun je terecht voor fiets-/wandelkaarten, ...";"";"De ingang en het gebouw zelf zijn vlot toegankelijk. Er is een verlaagde en onderrijdbare balie.";"";"";"0";"De meeste folders en brochures zijn goed bereikbaar. ";"Het toilet is ruim en heeft beugels, al is de zijwaartse opstelruimte niet optimaal. De wastafel is wat moeilijker onderrijdbaar door de beperkte diepte.";"0";"";"0";"0";"1";"0";"0";"0";"";"";"";"";"";"";"";"";"";""
"210808";"SERVICE";"TOURIST_INFORMATION_CENTRE";"2025-06-28 20:32:04";"0";"Visit Mechelen";"VLEESHOUWERSSTRAAT";"6";"";"2800";"Mechelen";"Mechelen";"";"kunststadMechelen";"157836.0643991446";"190778.9854465825";"51.027686";"4.479179";"0";"BASIC";"01/01 - 02/01";"";"+3215297654";"";"";"visit@mechelen.be";"http://www.visitmechelen.be";"";"";"";"";"Toerisme Mechelen is het centrale info- en reserveringspunt voor toeristische activiteiten in Mechelen. Bezoekers kunnen er terecht voor informatie, stadswandelingen, gidsbeurten, hotelreserveringen, fietskaarten, wandelgidsjes, enz. Ook UiT in Mechelen (infopunt voor vrijetijd) is in hetzelfde huis aanwezig. Je kan er dus ook terecht voor tickets voor theatervoorstellingen, muziekoptredens, enz.



Op de 1ste verdieping vind je het 'Back office' van Toerisme Mechelen.";"";"De tekst van de Bourgondische applicatie werd ingelezen voor blinden en slechtzienden. Ook aan contrasten en lettertypes werd gedacht.";"";"Het gebouw is toegankelijk via een automatische schuifdeur en plateaulift. ";"De ruimtes zijn hier en daar wat nipt, maar bruikbaar. De verschillende verdiepingen zijn bereikbaar met een lift. ";"";"0";"";"Ook een aangepast toilet is voorzien. ";"0";"";"0";"0";"1";"1";"1";"0";"";"";"";"";"";"";"De tekst van de Bourgondische applicatie werd ingelezen voor blinden en slechtzienden. ";"";"";""
"390922";"SERVICE";"TOURIST_INFORMATION_CENTRE";"2025-03-06 16:57:13";"0";"Visit Mol";"MARKT";"1";"a";"2400";"Mol";"Mol";"";"antwerpseKempen";"202305.3268066035";"208454.6917888178";"51.184249";"5.115542";"0";"BASIC";"";"";"+32 14 27 24 26";"";"";"visitmol@gemeentemol.be";"https://www.visitmol.be";"";"";"";"";"";"";"Het toeristisch informatiekantoor van Mol dateert van 1805 en werd in 2023 volledig gerenoveerd.";"";"Twee aangepaste parkeerplaatsen situeren zich achter het infokantoor, ter hoogte van de kerk. Deze voorbehouden parkeerplaatsen bevinden zich op 30m van de inkomdeur van het infokantoor. Op het toegangspad, dat bestaat uit vlakke kasseien, vanaf de aangepaste parkeerplaatsen is een afgeschuinde drempel van 3 cm aanwezig. Het toegangspad vanaf de bushalte, gelegen op ongeveer 70m afstand, is drempelloos.
De toegang verloopt via twee opeenvolgende automatische deuren met tussenliggend sas. De toegang is voldoende breed, drempelloos en er is voldoende circulatieruimte voor en achter de deuren. Er is een beperkt onderrijdbare balie aanwezig.";"In het infokantoor is er overal voldoende circulatieruimte aanwezig. De route naar het aangepast sanitair is voldoende breed en ruim.
Op de tweede verdieping is de multifunctionele ruimte 'Zaal op de zolder' gelegen. Deze ruimte is bereikbaar per trap of met een ruime lift (met aanwezigheid van braille op de bedieningsknoppen).";"";"";"Bij het binnenkomen bevindt zich rechts 'Het Kabinet van de Burgemeester', een escaperoom-achtige ruimte vol raadsels en interactieve spellen toegankelijk voor rolstoelgebruikers.";"Op het gelijkvloers is een ruim aangepast toilet, met steunbeugels en onderrijdbare wastafel, aanwezig.";"";"";"";"";"1";"";"";"";"";"";"";"";"";"";"";"";"";""
"219911";"SERVICE";"TOURIST_INFORMATION_CENTRE";"2025-06-28 20:32:08";"0";"Visit Peer";"Markt";"3";"2";"3990";"Peer";"Peer";"";"limburgseKempen";"226024.485319961";"203030.6128132073";"51.132866";"5.453591";"0";"COMFORT";"01/10 - 31/03: gesloten op zondag";"";"+32 11 61 16 02";"";"";"visit@peer.be";"https://www.visitpeer.be";"";"";"";"";"Bij Toerisme Peer vindt u onder meer info over fiets- en wandelroutes en groepsbezoeken.";"";"";"";"De ingang en het gebouw zelf zijn vlot toegankelijk. Er is een verlaagde en onderrijdbare balie.";"";"";"1";"De meeste folders en brochures zijn goed bereikbaar, maar de bovenste rij kan je vanuit de rolstoel niet bereiken. Alle tentoongestelde objecten en belevingselementen zijn goed bereikbaar en bruikbaar voor iedereen.";"De ruimte voor de deur en in het toilet is nipt, maar volstaat voor gebruik. Je hebt voldoende opstelruimte aan het toilet en er is 1 opklapbare beugel. De wastafel is klein en beperkt onderrijdbaar.";"0";"";"0";"0";"1";"0";"1";"0";"";"";"";"";"";"";"Visuele contrasten zijn grotendeels aanwezig.";"";"";""
"229435";"SERVICE";"TOURIST_INFORMATION_CENTRE";"2025-06-28 20:33:06";"0";"Visit Sint-Truiden";"Grote Markt";"";"";"3800";"Sint-Truiden";"Sint-Truiden";"";"haspengouw";"207579.8268409114";"167405.8639114359";"50.814789";"5.184511";"0";"BASIC";"01/01, 11/02, 25-26/12, 31/12, 01/01/2014

(open alle dagen: 02/01 - 28/02, van 10 tot 12u30 en van 13 tot 16u; 01/03 - 31/12, van 10 tot 12u30 en van 13 tot 18u.)";"";"+3211701818";"";"";"info.toerisme@sint-truiden.be";"http://www.visitsinttruiden.be";"";"";"";"";"Sint-Truiden is van oudsher het Toeristische onthaalcentrum van Westelijk Haspengouw.

Toerisme Sint-Truiden is sinds juni 2011 gehuisvest in de voormalige hallen van het stadhuis en heeft een totale oppervlakte van bijna 300m². Je vindt hier een goede informatieve zone waar de toeristen en de inwoners uit de regio alle gegevens vinden om hun vrije tijd recreatief in te vullen. In de mooie belevenisruimte kunnen bezoekers gewoon aanschuiven aan een grote tafel, de toeristische gids uitpluizen, fietskaarten bestuderen. Er staan enkele touchscreen die hun toegang geven tot de nieuwe website of de uitstappenplanner. In de commerciële zone vind je een uitgebreid assortiment van streekproducten, alle routekaarten en geschiedkundige boeken over Sint-Truiden.";"";"De meeste folders en brochures zijn goed bereikbaar, maar de bovenste rijen kan je vanuit de rolstoel niet bereiken. De schermen zijn deels bruikbaar vanuit de rolstoel, maar je kan wat hulp nodig hebben. ";"";"De ingang is goed toegankelijk. Er is voldoende circulatieruimte. De balie heeft een verlaagd en onderrijdbaar deel, maar de diepte is beperkt.";"Om het kleine niveauverschil naar de shop en het bezoekerscentrum enerzijds, en het toilet anderzijds, te overbruggen is er telkens een plateaulift die door de medewerkers bediend wordt. Op de helling voor die eerste lift kan je een duwtje nodig hebben.";"";"0";"De meeste folders en brochures zijn goed bereikbaar, maar de bovenste rijen kan je vanuit de rolstoel niet bereiken.";"De zware deur naar het toilet is wat moeilijk zelf te openen. Naast het toilet heb je 84 cm opstelruimte, ervoor 117 cm. Beugels zijn voorzien.";"0";"";"0";"0";"1";"0";"0";"0";"";"";"";"";"";"";"";"";"";""
"214262";"SERVICE";"TOURIST_INFORMATION_CENTRE";"2025-06-28 20:33:03";"0";"Visit Tongeren-Borgloon - infopunt Gasthuiskapel";"Via Julianus";"2";"";"3700";"Tongeren";"Tongeren-Borgloon";"";"haspengouw";"227650.28";"164105.3";"50.78222603147601";"5.469831184352375";"0";"BASIC";"01 - 02/01, 15/09, 15/11, 25 - 26/12";"";"+32 12 80 00 70";"";"";"info@visittongerenborgloon.be";"https://www.visittongeren-borgloon.be";"";"";"";"";"Het infokantoor is centraal gelegen in de shoppingstraat.";"";"Het infokantoor is centraal gelegen in de voormalige Gasthuiskapel in de shoppingstraat. Deze locatie maakt deel uit van het project ‘Vlaamse meesters op hun plek’.";"";"De ingang is vlot toegankelijk. De balie heeft een verlaagd, maar beperkt onderrijdbaar deel.";"De doorgangen zijn voldoende breed en niveauverschillen worden overbrugd met goede hellingen.";"";"0";"Over het algemeen is er voldoende ruimte. Slechts op 1 plaats is de draairuimte beperkt, maar bruikbaar.";"Je kan hulp gebruiken bij het openen van de dubbele deur naar het toilet. In het toilet heb je voldoende ruimte en beugels.";"0";"";"0";"0";"1";"1";"1";"0";"";"";"";"";"";"";"Er zijn gidsbeurten voor personen met een visuele beperking.";"";"";""
"224467";"SERVICE";"TOURIST_INFORMATION_CENTRE";"2025-03-06 14:55:29";"0";"Visit Veurne";"Grote Markt";"29";"";"8630";"Veurne";"Veurne";"";"westhoek";"30351.36";"197224.78";"51.07277920307465";"2.661546739857926";"0";"COMFORT";"02/01 - 01/04 en 16/11 - 31/12: zo + fe.";"";"+32 58 33 55 31";"";"";"visit@veurne.be";"www.visit-veurne.be ";"";"";"";"";"Veurne is een charmante historische kunststad op een boogscheut van de Belgische kust en de Franse grens. Het is er gezellig vertoeven op ons prachtig marktplein met z'n 17de eeuwse gebouwen. Veurne wordt ook het hart van Bachten de Kupe genoemd, een gebied doorween van kleine kanalen en het vertrekpunt van gezonde wandelingen en fietstochen. Zeker te bezoeken: Stad- en Landshuis, Sint-Walburgakerk, Bakkerijmuseum en kasteel Beauvoorde.";"http://toevla.vlaanderen.be/publiek/nl/register/detail/488";"";"";"De ingang en het bezoekerscentrum zelf zijn vlot toegankelijk. Er is een verlaagde en onderrijdbare balie.";"";"";"0";"De meeste folders en brochures zijn goed bereikbaar door de verticale plaatsing. De schermen en  belevingselementen zijn goed zichtbaar en bruikbaar vanuit de rolstoel.";"";"0";"";"0";"0";"1";"0";"0";"0";"";"";"";"";"";"";"";"";"";""
"214259";"SERVICE";"TOURIST_INFORMATION_CENTRE";"2019-06-06 11:55:49";"1";"VVV Dilsen-Stokkem";"Maasstraat";"z/n";"";"3650";"Dilsen-Stokkem";"Dilsen-Stokkem";"";"maasland";"246580.52";"191209.91";"51.0230174187925";"5.74537614424567";"0";"BASIC";"01/01 - 02/01";"";"+32 89 75 21 71";"";"";"vvv@dilsen-stokkem.be";"www.dilsen-stokkem.be";"";"";"";"";"Bijkomende info: op de parking van het administratief centrum in de Europalaan staat een digitale infokiosk. De 'Ixpo' is een opvallende infokiosk. Het ontwerp in de vorm van de letter 'i' vestigt meteen de aandacht op de beschikbaarheid van toeristische informatie.";"";"";"";"";"";"";"";"";"";"";"";"";"";"";"";"";"";"";"";"";"";"";"";"";"";"";""
"219275";"SERVICE";"TOURIST_INFORMATION_CENTRE";"2025-03-07 01:09:08";"0";"VVV Toerisme Essen vzw";"Moerkantsebaan";"50";"";"2910";"Essen";"Essen";"";"antwerpseKempen";"155028.92";"238732.66";"51.45817207423397";"4.441126599655293";"0";"BASIC";"01/01, 01/11, 11/11, 25/12, 26/12";"";"+32 3 677 19 91";"";"";"info@vvvessen.be";"http://www.vvvessen.be";"";"";"";"";"Voor al uw vragen over Essen en omgeving , kan je terecht in het onthaalcentrum ""De Tasberg"".Je kan er inspiratie opdoen voor een creatieve invulling van uw verblijf in Essen. We streven ernaar een uitmuntende service te verlenen dankzij onze interactieve multimedia, folders en onze expertise.";"http://toevla.vlaanderen.be/publiek/nl/register/detail/988";"Voor al uw vragen over Essen en omgeving kan je terecht in het onthaalcentrum ""De Tasberg"".Je kan er inspiratie opdoen voor een creatieve invulling van uw verblijf in Essen. We streven ernaar een uitmuntende service te verlenen dankzij ruime openingsuren, onze expertise en een uitgebreid assortiment brochures en routekaarten. We beschikken over een gratis te ontlenen elektrische rolstoelfiets en ook snoezelrugzakken met daarin ondersteunende attributen voor mensen met autisme om hun bezoek aan onze site aangenamer te maken.";"";"Het toegangspad bestaat geheel uit vlakke kasseien. Het kantoor is goed toegankelijk d.m.v. een automatische deur. Op de parking zijn de mindervaliden parkings heraangelegd. Er is een verlaagde en goed onderrijdbare balie.";"";"";"0";"Niet bij alle folderrekken zijn de bovenste folders goed bereikbaar. De computer is onderrijdbaar. De film wordt door het baliepersoneel bediend.";"";"0";"";"0";"0";"1";"0";"0";"0";"";"";"";"";"";"";"";"";"";""
